run	seed	n	pf	pnl	top2_share_pct	short	entries
0	20260806:0	18	0.390506	-251681.4583	-51.9209	0	ALRS:2025-03-15;ALRS:2025-05-15;GAZP:2025-02-12;LKOH:2025-01-02;MGNT:2025-02-05;MOEX:2025-05-12;MOEX:2026-04-09;MOEX:2025-11-24;NVTK:2026-03-11;ROSN:2025-09-05;ROSN:2026-04-13;SBER:2025-03-09;SBER:2025-02-24;SBER:2025-07-03;TATN:2026-05-23;TATN:2025-04-04;TATN:2025-06-03;TATN:2025-05-19
1	20260806:1	18	0.678706	-126376.8863	-123.7301	0	ALRS:2025-09-15;ALRS:2026-03-10;GAZP:2026-01-20;LKOH:2025-03-20;MGNT:2026-03-14;MOEX:2026-04-12;MOEX:2025-11-23;MOEX:2025-11-20;NVTK:2026-03-08;ROSN:2026-04-05;ROSN:2026-04-28;SBER:2025-02-09;SBER:2025-03-16;SBER:2025-02-11;TATN:2026-04-20;TATN:2026-05-24;TATN:2026-05-05;TATN:2026-03-19
2	20260806:2	18	0.484751	-225535.6068	-74.5553	0	ALRS:2026-02-21;ALRS:2025-04-16;GAZP:2025-01-27;LKOH:2025-08-29;MGNT:2026-03-30;MOEX:2025-05-18;MOEX:2025-04-20;MOEX:2026-01-17;NVTK:2025-05-09;ROSN:2026-02-26;ROSN:2026-04-11;SBER:2026-04-09;SBER:2025-03-05;SBER:2025-08-10;TATN:2026-04-08;TATN:2025-04-28;TATN:2025-07-03;TATN:2026-06-13
3	20260806:3	18	0.005917	-499028.5104	-0.4110	0	ALRS:2025-03-09;ALRS:2025-02-19;GAZP:2026-04-01;LKOH:2025-04-27;MGNT:2025-03-12;MOEX:2025-05-14;MOEX:2026-03-10;MOEX:2026-04-25;NVTK:2025-04-03;ROSN:2025-03-02;ROSN:2025-09-02;SBER:2025-06-03;SBER:2026-04-17;SBER:2025-08-15;TATN:2025-07-25;TATN:2025-01-22;TATN:2025-08-19;TATN:2025-03-19
4	20260806:4	18	0.299243	-274656.9409	-35.0773	0	ALRS:2025-01-21;ALRS:2026-02-18;GAZP:2025-04-25;LKOH:2025-08-28;MGNT:2025-04-02;MOEX:2026-06-07;MOEX:2026-05-23;MOEX:2026-03-09;NVTK:2025-07-05;ROSN:2025-03-11;ROSN:2025-01-09;SBER:2026-04-06;SBER:2025-05-28;SBER:2026-02-04;TATN:2026-03-29;TATN:2025-06-29;TATN:2026-03-08;TATN:2025-01-07
5	20260806:5	18	0.282456	-406404.0102	-37.1442	0	ALRS:2025-02-16;ALRS:2025-01-27;GAZP:2026-01-31;LKOH:2026-04-08;MGNT:2025-02-23;MOEX:2025-12-23;MOEX:2025-05-17;MOEX:2025-03-01;NVTK:2026-05-20;ROSN:2025-03-31;ROSN:2026-04-03;SBER:2026-06-21;SBER:2026-07-10;SBER:2026-05-05;TATN:2025-03-03;TATN:2025-07-07;TATN:2025-04-17;TATN:2026-04-21
6	20260806:6	18	0.623276	-158430.0637	-111.1630	0	ALRS:2025-05-01;ALRS:2025-02-19;GAZP:2025-08-07;LKOH:2025-03-19;MGNT:2025-03-03;MOEX:2026-04-01;MOEX:2025-02-28;MOEX:2025-05-21;NVTK:2025-11-14;ROSN:2026-05-23;ROSN:2025-08-29;SBER:2025-08-10;SBER:2026-02-06;SBER:2025-01-27;TATN:2026-04-18;TATN:2025-05-20;TATN:2025-05-28;TATN:2026-06-09
7	20260806:7	18	0.276873	-263783.1493	-30.5237	0	ALRS:2025-09-16;ALRS:2026-02-21;GAZP:2025-12-14;LKOH:2025-05-15;MGNT:2025-04-06;MOEX:2025-12-16;MOEX:2026-03-27;MOEX:2025-05-21;NVTK:2025-06-17;ROSN:2025-03-14;ROSN:2025-04-24;SBER:2025-08-24;SBER:2025-08-21;SBER:2026-04-11;TATN:2025-06-25;TATN:2025-02-16;TATN:2025-05-21;TATN:2026-06-06
8	20260806:8	18	0.342899	-239610.5609	-39.4578	0	ALRS:2025-09-15;ALRS:2026-02-15;GAZP:2025-03-31;LKOH:2025-03-10;MGNT:2026-04-15;MOEX:2026-06-11;MOEX:2026-02-16;MOEX:2025-01-22;NVTK:2025-01-28;ROSN:2026-05-07;ROSN:2025-03-26;SBER:2025-03-20;SBER:2025-02-18;SBER:2025-04-05;TATN:2025-01-27;TATN:2025-03-09;TATN:2025-05-27;TATN:2025-04-09
9	20260806:9	18	1.132339	38127.4822	526.4283	0	ALRS:2025-01-14;ALRS:2025-01-23;GAZP:2025-05-04;LKOH:2025-01-15;MGNT:2025-04-01;MOEX:2025-02-09;MOEX:2025-03-26;MOEX:2026-04-15;NVTK:2026-05-11;ROSN:2026-02-21;ROSN:2026-05-13;SBER:2025-08-24;SBER:2025-05-18;SBER:2026-03-12;TATN:2025-06-08;TATN:2025-03-03;TATN:2025-09-28;TATN:2025-04-05
10	20260806:10	18	0.468249	-206504.4100	-82.6973	0	ALRS:2026-03-05;ALRS:2026-01-29;GAZP:2025-07-27;LKOH:2025-09-04;MGNT:2026-04-15;MOEX:2026-02-25;MOEX:2026-03-15;MOEX:2026-06-05;NVTK:2025-11-10;ROSN:2025-01-13;ROSN:2026-03-17;SBER:2025-05-06;SBER:2025-07-15;SBER:2026-02-11;TATN:2025-06-29;TATN:2026-04-21;TATN:2025-05-19;TATN:2025-02-23
11	20260806:11	18	1.659258	211760.5140	115.8519	0	ALRS:2025-03-10;ALRS:2026-03-04;GAZP:2025-07-23;LKOH:2025-09-05;MGNT:2025-04-10;MOEX:2026-01-14;MOEX:2026-03-11;MOEX:2025-02-09;NVTK:2025-10-01;ROSN:2026-01-27;ROSN:2026-04-20;SBER:2025-11-20;SBER:2025-08-06;SBER:2025-12-12;TATN:2026-02-16;TATN:2026-04-03;TATN:2026-02-18;TATN:2026-02-24
12	20260806:12	18	1.168972	46848.0763	465.3618	0	ALRS:2025-02-27;ALRS:2025-03-28;GAZP:2026-02-08;LKOH:2025-04-22;MGNT:2025-04-23;MOEX:2026-05-26;MOEX:2025-03-28;MOEX:2026-03-17;NVTK:2025-08-06;ROSN:2025-09-28;ROSN:2026-02-26;SBER:2026-02-09;SBER:2026-02-27;SBER:2025-08-15;TATN:2025-07-19;TATN:2025-06-24;TATN:2026-04-23;TATN:2025-05-07
13	20260806:13	18	1.520324	112720.9314	133.4503	0	ALRS:2025-01-28;ALRS:2025-02-05;GAZP:2026-05-03;LKOH:2025-04-13;MGNT:2026-03-24;MOEX:2026-02-06;MOEX:2025-05-21;MOEX:2026-03-03;NVTK:2025-03-23;ROSN:2025-01-07;ROSN:2025-08-10;SBER:2026-03-01;SBER:2026-02-12;SBER:2025-12-12;TATN:2025-08-13;TATN:2026-01-28;TATN:2025-03-14;TATN:2025-04-02
14	20260806:14	18	0.948584	-17596.7216	-1094.8840	0	ALRS:2025-08-06;ALRS:2025-09-18;GAZP:2026-05-07;LKOH:2025-02-12;MGNT:2026-03-22;MOEX:2025-02-10;MOEX:2025-03-30;MOEX:2026-03-11;NVTK:2025-08-21;ROSN:2025-08-18;ROSN:2025-04-09;SBER:2025-09-21;SBER:2025-08-19;SBER:2025-02-16;TATN:2025-07-06;TATN:2025-05-22;TATN:2026-02-21;TATN:2025-06-24
15	20260806:15	18	0.715518	-91382.4371	-132.1540	0	ALRS:2026-02-07;ALRS:2025-02-25;GAZP:2025-04-23;LKOH:2025-03-14;MGNT:2025-04-07;MOEX:2025-04-27;MOEX:2025-12-11;MOEX:2026-03-12;NVTK:2025-02-02;ROSN:2025-02-04;ROSN:2025-02-05;SBER:2026-06-28;SBER:2025-11-20;SBER:2025-03-23;TATN:2026-04-21;TATN:2025-08-13;TATN:2026-03-10;TATN:2025-08-07
16	20260806:16	18	0.754758	-91674.8777	-229.4478	0	ALRS:2025-03-27;ALRS:2025-05-12;GAZP:2025-02-04;LKOH:2025-03-31;MGNT:2026-04-12;MOEX:2025-05-14;MOEX:2025-04-20;MOEX:2025-01-15;NVTK:2026-05-10;ROSN:2025-08-27;ROSN:2025-01-28;SBER:2025-06-12;SBER:2025-11-29;SBER:2025-09-03;TATN:2025-06-01;TATN:2025-08-10;TATN:2025-06-02;TATN:2025-04-11
17	20260806:17	18	0.909588	-28724.4408	-663.7941	0	ALRS:2025-04-28;ALRS:2025-05-15;GAZP:2026-04-10;LKOH:2025-01-09;MGNT:2025-01-28;MOEX:2026-04-21;MOEX:2025-04-24;MOEX:2026-03-18;NVTK:2026-01-24;ROSN:2026-04-10;ROSN:2025-02-03;SBER:2026-03-10;SBER:2025-12-01;SBER:2026-01-30;TATN:2026-02-21;TATN:2025-06-09;TATN:2026-04-02;TATN:2025-08-22
18	20260806:18	18	1.762441	171462.6472	98.7653	0	ALRS:2025-01-21;ALRS:2025-01-30;GAZP:2025-05-27;LKOH:2025-04-23;MGNT:2025-02-04;MOEX:2025-05-17;MOEX:2025-04-25;MOEX:2025-04-22;NVTK:2025-05-29;ROSN:2026-04-19;ROSN:2026-03-10;SBER:2025-05-03;SBER:2025-01-29;SBER:2025-02-10;TATN:2025-01-27;TATN:2026-04-06;TATN:2026-03-26;TATN:2025-06-24
19	20260806:19	18	0.011652	-485403.6378	-1.1509	0	ALRS:2026-03-03;ALRS:2025-05-05;GAZP:2025-03-18;LKOH:2025-01-19;MGNT:2025-03-01;MOEX:2026-01-22;MOEX:2026-02-28;MOEX:2025-01-20;NVTK:2025-12-23;ROSN:2026-01-28;ROSN:2025-04-21;SBER:2026-06-18;SBER:2026-02-07;SBER:2025-09-07;TATN:2025-03-20;TATN:2026-06-16;TATN:2026-04-17;TATN:2026-05-31
20	20260806:20	18	0.383910	-213413.1654	-35.4734	0	ALRS:2025-04-09;ALRS:2025-04-22;GAZP:2025-03-31;LKOH:2025-02-05;MGNT:2025-05-11;MOEX:2025-12-09;MOEX:2025-04-27;MOEX:2025-12-25;NVTK:2025-06-08;ROSN:2025-03-09;ROSN:2025-08-28;SBER:2026-04-05;SBER:2025-05-12;SBER:2026-06-28;TATN:2025-02-04;TATN:2026-03-24;TATN:2025-01-08;TATN:2025-03-06
21	20260806:21	18	1.249759	53580.3967	183.5646	0	ALRS:2025-04-04;ALRS:2025-08-11;GAZP:2025-01-02;LKOH:2026-03-14;MGNT:2026-02-02;MOEX:2025-03-27;MOEX:2025-12-08;MOEX:2026-01-27;NVTK:2025-05-09;ROSN:2025-09-12;ROSN:2025-01-29;SBER:2026-03-09;SBER:2025-04-13;SBER:2026-02-21;TATN:2026-06-21;TATN:2025-06-18;TATN:2026-04-29;TATN:2025-08-20
22	20260806:22	18	0.062278	-490583.8472	-6.6414	0	ALRS:2025-04-09;ALRS:2025-02-25;GAZP:2025-09-13;LKOH:2026-03-16;MGNT:2025-04-28;MOEX:2025-03-10;MOEX:2026-03-02;MOEX:2025-02-23;NVTK:2026-05-11;ROSN:2025-08-10;ROSN:2025-08-28;SBER:2025-03-11;SBER:2026-07-11;SBER:2026-03-15;TATN:2025-07-01;TATN:2025-06-30;TATN:2026-03-28;TATN:2025-06-17
23	20260806:23	18	0.321382	-226117.6428	-29.2805	0	ALRS:2025-01-12;ALRS:2025-08-13;GAZP:2026-05-02;LKOH:2025-03-10;MGNT:2026-01-25;MOEX:2026-01-31;MOEX:2025-05-02;MOEX:2025-04-12;NVTK:2025-03-02;ROSN:2025-04-02;ROSN:2026-04-22;SBER:2026-07-06;SBER:2026-02-22;SBER:2026-05-14;TATN:2025-11-20;TATN:2025-03-05;TATN:2025-04-12;TATN:2025-01-13
24	20260806:24	18	1.053858	15701.9239	973.1679	0	ALRS:2025-09-15;ALRS:2025-04-12;GAZP:2025-04-26;LKOH:2025-02-09;MGNT:2026-01-29;MOEX:2025-02-11;MOEX:2025-03-27;MOEX:2026-05-27;NVTK:2025-04-09;ROSN:2025-03-27;ROSN:2026-03-26;SBER:2025-04-03;SBER:2026-02-22;SBER:2026-06-10;TATN:2026-03-08;TATN:2025-05-26;TATN:2026-03-13;TATN:2025-03-25
25	20260806:25	18	0.128988	-384583.3480	-14.7451	0	ALRS:2026-02-15;ALRS:2026-02-18;GAZP:2025-02-13;LKOH:2025-04-22;MGNT:2026-03-15;MOEX:2026-02-07;MOEX:2026-03-17;MOEX:2026-06-07;NVTK:2025-11-08;ROSN:2026-04-12;ROSN:2026-05-13;SBER:2026-01-28;SBER:2025-09-05;SBER:2025-07-02;TATN:2026-01-28;TATN:2025-01-14;TATN:2025-02-25;TATN:2026-06-04
26	20260806:26	18	1.093814	21036.2502	691.4313	0	ALRS:2025-04-14;ALRS:2026-02-19;GAZP:2025-11-05;LKOH:2025-04-20;MGNT:2026-01-22;MOEX:2026-03-25;MOEX:2026-03-23;MOEX:2026-06-13;NVTK:2025-08-21;ROSN:2025-03-12;ROSN:2025-08-19;SBER:2025-03-16;SBER:2025-07-28;SBER:2026-05-22;TATN:2026-04-29;TATN:2025-07-19;TATN:2025-05-22;TATN:2025-01-26
27	20260806:27	18	0.732463	-76621.9683	-232.6819	0	ALRS:2026-02-21;ALRS:2025-04-05;GAZP:2026-01-30;LKOH:2025-03-13;MGNT:2026-04-06;MOEX:2026-06-10;MOEX:2025-01-16;MOEX:2026-04-08;NVTK:2026-05-14;ROSN:2026-05-06;ROSN:2025-04-26;SBER:2026-05-05;SBER:2025-07-18;SBER:2025-05-12;TATN:2025-07-31;TATN:2025-07-07;TATN:2025-06-12;TATN:2025-07-26
28	20260806:28	18	0.680431	-83453.6509	-124.5210	0	ALRS:2025-03-31;ALRS:2025-01-19;GAZP:2025-05-05;LKOH:2026-04-02;MGNT:2025-02-17;MOEX:2025-03-17;MOEX:2025-04-01;MOEX:2025-04-24;NVTK:2025-05-07;ROSN:2026-03-13;ROSN:2025-11-19;SBER:2026-02-08;SBER:2026-03-29;SBER:2026-06-24;TATN:2026-04-16;TATN:2025-06-19;TATN:2025-05-17;TATN:2025-01-26
29	20260806:29	18	0.495860	-234255.4460	-63.7013	0	ALRS:2026-03-14;ALRS:2025-03-28;GAZP:2026-02-04;LKOH:2025-04-04;MGNT:2026-03-22;MOEX:2025-04-02;MOEX:2025-12-26;MOEX:2026-03-09;NVTK:2025-09-14;ROSN:2025-02-25;ROSN:2025-01-09;SBER:2026-04-03;SBER:2025-08-19;SBER:2025-04-14;TATN:2025-02-17;TATN:2026-06-07;TATN:2026-06-14;TATN:2026-02-11
30	20260806:30	18	0.792958	-59527.3890	-195.8897	0	ALRS:2025-05-02;ALRS:2025-08-27;GAZP:2025-02-18;LKOH:2025-03-17;MGNT:2025-04-23;MOEX:2026-04-24;MOEX:2025-04-07;MOEX:2025-04-01;NVTK:2026-01-07;ROSN:2026-04-22;ROSN:2026-03-10;SBER:2026-04-08;SBER:2025-09-21;SBER:2026-02-15;TATN:2026-03-16;TATN:2025-03-05;TATN:2025-01-02;TATN:2026-03-31
31	20260806:31	18	0.304194	-251784.5516	-25.5975	0	ALRS:2025-03-17;ALRS:2025-01-13;GAZP:2025-08-24;LKOH:2025-05-13;MGNT:2025-04-12;MOEX:2026-05-31;MOEX:2026-03-17;MOEX:2025-05-10;NVTK:2026-04-17;ROSN:2026-04-30;ROSN:2025-01-28;SBER:2025-07-18;SBER:2025-06-08;SBER:2025-04-12;TATN:2025-08-14;TATN:2025-06-14;TATN:2026-03-29;TATN:2025-01-26
32	20260806:32	18	0.115012	-456855.1928	-12.9959	0	ALRS:2025-05-04;ALRS:2025-05-03;GAZP:2025-03-19;LKOH:2025-03-04;MGNT:2025-02-10;MOEX:2025-01-27;MOEX:2025-01-26;MOEX:2026-03-18;NVTK:2025-03-04;ROSN:2025-02-06;ROSN:2025-04-28;SBER:2025-05-19;SBER:2025-07-18;SBER:2026-05-29;TATN:2026-06-13;TATN:2025-07-05;TATN:2025-08-22;TATN:2025-08-16
33	20260806:33	18	0.565584	-152548.8121	-103.0146	0	ALRS:2025-04-01;ALRS:2026-02-01;GAZP:2025-02-23;LKOH:2025-01-13;MGNT:2025-05-02;MOEX:2025-03-05;MOEX:2026-04-05;MOEX:2026-01-26;NVTK:2026-04-15;ROSN:2025-01-16;ROSN:2025-01-28;SBER:2026-02-01;SBER:2026-03-14;SBER:2025-09-02;TATN:2025-06-22;TATN:2026-04-13;TATN:2025-07-29;TATN:2025-04-13
34	20260806:34	18	0.635629	-105224.4262	-165.7822	0	ALRS:2026-02-16;ALRS:2025-02-26;GAZP:2025-01-16;LKOH:2025-10-16;MGNT:2025-04-12;MOEX:2026-03-16;MOEX:2025-04-10;MOEX:2025-03-16;NVTK:2025-02-27;ROSN:2025-11-19;ROSN:2026-01-30;SBER:2025-02-20;SBER:2026-05-30;SBER:2025-07-11;TATN:2026-04-22;TATN:2026-02-23;TATN:2025-01-20;TATN:2025-08-07
35	20260806:35	18	2.227342	184780.0628	76.3603	0	ALRS:2026-02-12;ALRS:2025-04-04;GAZP:2025-04-28;LKOH:2025-02-03;MGNT:2026-02-21;MOEX:2025-11-19;MOEX:2026-01-18;MOEX:2026-02-27;NVTK:2025-12-07;ROSN:2025-04-25;ROSN:2025-02-12;SBER:2025-04-04;SBER:2025-06-22;SBER:2026-03-19;TATN:2025-04-07;TATN:2025-03-13;TATN:2026-04-09;TATN:2025-08-05
36	20260806:36	18	1.725966	162244.9569	80.6272	0	ALRS:2026-02-23;ALRS:2025-01-19;GAZP:2025-03-11;LKOH:2025-08-28;MGNT:2025-01-23;MOEX:2026-04-02;MOEX:2026-03-27;MOEX:2025-04-16;NVTK:2025-06-25;ROSN:2026-04-20;ROSN:2025-04-07;SBER:2025-08-07;SBER:2025-12-04;SBER:2025-06-06;TATN:2025-07-09;TATN:2025-02-11;TATN:2025-04-09;TATN:2025-03-19
37	20260806:37	18	0.246775	-418148.5756	-20.8939	0	ALRS:2025-08-18;ALRS:2026-03-03;GAZP:2025-03-02;LKOH:2025-04-27;MGNT:2025-03-18;MOEX:2025-12-14;MOEX:2025-12-19;MOEX:2026-03-11;NVTK:2025-08-23;ROSN:2025-02-12;ROSN:2025-03-17;SBER:2025-02-19;SBER:2025-05-11;SBER:2025-08-03;TATN:2025-02-03;TATN:2025-03-28;TATN:2025-01-08;TATN:2026-06-10
38	20260806:38	18	0.920553	-24184.5585	-772.6062	0	ALRS:2025-05-17;ALRS:2025-01-30;GAZP:2025-01-02;LKOH:2026-02-28;MGNT:2025-04-22;MOEX:2026-04-06;MOEX:2026-06-14;MOEX:2026-06-01;NVTK:2025-02-05;ROSN:2026-03-15;ROSN:2025-08-14;SBER:2026-04-17;SBER:2025-01-22;SBER:2026-01-20;TATN:2025-03-04;TATN:2026-06-14;TATN:2025-06-01;TATN:2025-07-06
39	20260806:39	18	0.055147	-427319.1026	-4.2072	0	ALRS:2025-03-31;ALRS:2025-01-15;GAZP:2025-06-02;LKOH:2025-09-09;MGNT:2026-03-25;MOEX:2026-04-05;MOEX:2025-04-26;MOEX:2026-05-12;NVTK:2025-01-16;ROSN:2026-05-31;ROSN:2025-09-12;SBER:2026-07-11;SBER:2025-09-11;SBER:2025-05-11;TATN:2026-06-04;TATN:2026-04-21;TATN:2026-05-28;TATN:2026-03-25
40	20260806:40	18	1.043082	9543.8009	1165.1066	0	ALRS:2026-03-10;ALRS:2026-03-09;GAZP:2025-01-28;LKOH:2026-03-19;MGNT:2025-02-13;MOEX:2025-03-05;MOEX:2025-04-23;MOEX:2025-03-06;NVTK:2026-02-03;ROSN:2026-03-10;ROSN:2026-03-08;SBER:2026-03-24;SBER:2025-05-26;SBER:2025-02-16;TATN:2026-05-02;TATN:2025-04-26;TATN:2025-06-10;TATN:2025-02-09
41	20260806:41	18	1.110845	31633.7739	638.7519	0	ALRS:2026-03-09;ALRS:2025-08-23;GAZP:2026-05-07;LKOH:2025-02-10;MGNT:2025-03-02;MOEX:2025-03-09;MOEX:2025-04-21;MOEX:2025-02-13;NVTK:2025-08-24;ROSN:2026-05-19;ROSN:2026-02-23;SBER:2025-03-29;SBER:2025-06-17;SBER:2025-02-09;TATN:2026-05-30;TATN:2025-01-29;TATN:2025-08-17;TATN:2025-01-16
42	20260806:42	18	0.431837	-214205.1456	-46.6400	0	ALRS:2025-09-11;ALRS:2025-04-10;GAZP:2025-04-14;LKOH:2026-03-08;MGNT:2025-02-19;MOEX:2026-03-31;MOEX:2026-06-04;MOEX:2025-04-03;NVTK:2025-03-11;ROSN:2026-04-20;ROSN:2025-08-24;SBER:2025-03-05;SBER:2026-05-06;SBER:2025-04-01;TATN:2025-05-18;TATN:2026-04-27;TATN:2026-04-05;TATN:2025-11-20
43	20260806:43	18	1.396119	128416.5988	188.5716	0	ALRS:2025-03-17;ALRS:2026-02-16;GAZP:2025-04-14;LKOH:2025-02-27;MGNT:2026-02-27;MOEX:2025-03-30;MOEX:2025-02-02;MOEX:2026-03-25;NVTK:2026-03-01;ROSN:2025-02-13;ROSN:2025-08-24;SBER:2026-05-31;SBER:2025-06-02;SBER:2026-06-15;TATN:2025-07-26;TATN:2025-03-12;TATN:2025-07-28;TATN:2026-02-10
44	20260806:44	18	0.122958	-428323.0106	-13.3019	0	ALRS:2025-05-18;ALRS:2026-02-02;GAZP:2026-01-29;LKOH:2025-03-23;MGNT:2026-03-31;MOEX:2025-12-22;MOEX:2025-06-29;MOEX:2025-03-28;NVTK:2025-11-19;ROSN:2026-05-26;ROSN:2026-03-27;SBER:2025-08-12;SBER:2025-01-09;SBER:2025-07-19;TATN:2025-03-30;TATN:2025-02-24;TATN:2026-05-24;TATN:2025-03-06
45	20260806:45	18	1.962656	177431.5343	124.3369	0	ALRS:2025-08-16;ALRS:2025-03-15;GAZP:2025-09-08;LKOH:2025-01-08;MGNT:2025-03-27;MOEX:2026-06-09;MOEX:2025-12-11;MOEX:2026-05-19;NVTK:2025-11-16;ROSN:2025-08-15;ROSN:2026-03-16;SBER:2025-02-18;SBER:2025-08-22;SBER:2026-03-11;TATN:2026-04-30;TATN:2026-02-25;TATN:2025-04-28;TATN:2025-08-11
46	20260806:46	18	0.086301	-454930.0111	-7.2846	0	ALRS:2025-02-11;ALRS:2025-05-06;GAZP:2026-04-12;LKOH:2025-01-20;MGNT:2026-02-17;MOEX:2025-12-25;MOEX:2026-03-10;MOEX:2025-11-19;NVTK:2026-04-25;ROSN:2026-02-18;ROSN:2026-05-23;SBER:2026-02-16;SBER:2026-02-24;SBER:2025-09-18;TATN:2025-05-26;TATN:2025-02-26;TATN:2026-05-26;TATN:2025-03-25
47	20260806:47	18	0.324067	-272826.0358	-26.7136	0	ALRS:2026-01-27;ALRS:2025-01-16;GAZP:2025-04-11;LKOH:2025-10-20;MGNT:2025-05-06;MOEX:2026-01-14;MOEX:2025-12-22;MOEX:2026-05-30;NVTK:2026-02-15;ROSN:2026-04-14;ROSN:2025-04-26;SBER:2026-02-19;SBER:2025-04-26;SBER:2025-02-13;TATN:2025-07-02;TATN:2025-06-26;TATN:2026-05-26;TATN:2025-04-21
48	20260806:48	18	0.327608	-309179.8197	-27.2411	0	ALRS:2025-03-27;ALRS:2025-03-20;GAZP:2025-03-27;LKOH:2025-03-13;MGNT:2025-01-23;MOEX:2025-05-20;MOEX:2026-03-14;MOEX:2026-01-31;NVTK:2025-02-13;ROSN:2025-03-17;ROSN:2025-03-31;SBER:2025-07-24;SBER:2025-11-25;SBER:2026-07-06;TATN:2025-06-02;TATN:2025-01-21;TATN:2025-06-12;TATN:2025-04-20
49	20260806:49	18	1.941521	179386.4154	85.1169	0	ALRS:2025-01-26;ALRS:2026-03-15;GAZP:2025-01-02;LKOH:2025-02-02;MGNT:2026-02-10;MOEX:2025-04-12;MOEX:2026-01-14;MOEX:2026-01-27;NVTK:2025-11-02;ROSN:2026-03-17;ROSN:2026-01-27;SBER:2025-01-12;SBER:2025-03-02;SBER:2025-01-13;TATN:2026-06-16;TATN:2026-04-30;TATN:2025-04-27;TATN:2026-05-27
50	20260806:50	18	0.370360	-294406.6508	-42.1726	0	ALRS:2025-08-14;ALRS:2025-03-23;GAZP:2025-11-14;LKOH:2025-04-06;MGNT:2025-03-05;MOEX:2025-03-25;MOEX:2026-06-09;MOEX:2026-04-09;NVTK:2025-05-21;ROSN:2025-08-13;ROSN:2025-08-21;SBER:2025-06-08;SBER:2025-05-30;SBER:2025-09-03;TATN:2025-05-04;TATN:2026-06-12;TATN:2026-04-24;TATN:2026-06-01
51	20260806:51	18	0.370783	-271560.6578	-43.3440	0	ALRS:2025-04-23;ALRS:2026-02-19;GAZP:2025-01-23;LKOH:2026-03-28;MGNT:2026-04-12;MOEX:2026-02-17;MOEX:2025-03-28;MOEX:2026-03-18;NVTK:2026-02-02;ROSN:2026-05-16;ROSN:2025-03-04;SBER:2026-07-06;SBER:2025-11-20;SBER:2025-09-06;TATN:2025-05-07;TATN:2026-05-03;TATN:2025-03-04;TATN:2026-06-01
52	20260806:52	18	0.719451	-101128.3740	-188.0965	0	ALRS:2025-04-13;ALRS:2026-01-31;GAZP:2025-01-05;LKOH:2025-03-17;MGNT:2025-03-17;MOEX:2026-03-23;MOEX:2025-02-10;MOEX:2026-02-21;NVTK:2026-03-01;ROSN:2025-04-27;ROSN:2025-09-09;SBER:2025-06-18;SBER:2025-12-12;SBER:2026-04-30;TATN:2025-07-29;TATN:2025-03-15;TATN:2025-03-05;TATN:2025-01-16
53	20260806:53	18	1.226451	70173.8721	305.1355	0	ALRS:2026-03-04;ALRS:2025-02-05;GAZP:2025-02-27;LKOH:2025-02-03;MGNT:2025-03-27;MOEX:2026-04-23;MOEX:2025-02-20;MOEX:2026-03-26;NVTK:2026-03-27;ROSN:2025-09-24;ROSN:2026-04-08;SBER:2025-09-11;SBER:2025-01-23;SBER:2025-12-04;TATN:2026-02-11;TATN:2026-04-30;TATN:2026-03-26;TATN:2025-02-28
54	20260806:54	18	1.116473	30166.9660	546.4646	0	ALRS:2026-02-02;ALRS:2025-04-12;GAZP:2026-03-16;LKOH:2025-09-08;MGNT:2025-02-28;MOEX:2026-02-03;MOEX:2026-03-30;MOEX:2026-01-25;NVTK:2025-06-18;ROSN:2025-08-03;ROSN:2025-01-20;SBER:2025-03-10;SBER:2026-05-18;SBER:2025-07-04;TATN:2025-03-23;TATN:2025-03-03;TATN:2025-04-04;TATN:2025-03-24
55	20260806:55	18	0.213412	-366220.6564	-16.2390	0	ALRS:2025-03-14;ALRS:2025-04-13;GAZP:2025-05-12;LKOH:2025-03-29;MGNT:2026-02-01;MOEX:2026-05-19;MOEX:2025-12-17;MOEX:2026-03-26;NVTK:2026-04-26;ROSN:2025-03-04;ROSN:2026-05-03;SBER:2026-05-15;SBER:2025-05-11;SBER:2025-09-17;TATN:2025-07-01;TATN:2026-05-13;TATN:2025-03-12;TATN:2025-01-02
56	20260806:56	18	0.180782	-326605.8441	-19.0257	0	ALRS:2025-02-18;ALRS:2025-03-10;GAZP:2026-05-12;LKOH:2025-02-13;MGNT:2026-03-23;MOEX:2026-05-22;MOEX:2026-04-08;MOEX:2025-01-21;NVTK:2025-06-01;ROSN:2026-04-26;ROSN:2025-02-13;SBER:2025-06-29;SBER:2026-07-09;SBER:2025-01-14;TATN:2025-05-25;TATN:2026-03-26;TATN:2025-04-06;TATN:2025-02-19
57	20260806:57	18	1.683052	222569.6528	139.8638	0	ALRS:2025-04-25;ALRS:2026-03-08;GAZP:2025-11-12;LKOH:2025-02-10;MGNT:2026-03-29;MOEX:2025-05-03;MOEX:2026-04-26;MOEX:2025-05-09;NVTK:2025-08-03;ROSN:2026-05-28;ROSN:2025-08-25;SBER:2025-05-30;SBER:2026-04-17;SBER:2025-02-05;TATN:2026-04-03;TATN:2025-07-30;TATN:2025-07-08;TATN:2025-08-17
58	20260806:58	18	1.155671	44138.2684	459.5191	0	ALRS:2025-02-23;ALRS:2026-02-15;GAZP:2025-06-02;LKOH:2025-01-23;MGNT:2026-02-11;MOEX:2026-05-20;MOEX:2025-03-03;MOEX:2025-01-30;NVTK:2026-02-01;ROSN:2026-03-26;ROSN:2026-02-20;SBER:2025-03-14;SBER:2026-05-06;SBER:2026-01-18;TATN:2026-05-06;TATN:2025-09-27;TATN:2025-04-17;TATN:2026-03-19
59	20260806:59	18	0.274778	-360946.9205	-21.9070	0	ALRS:2025-04-29;ALRS:2025-03-24;GAZP:2025-03-28;LKOH:2026-03-23;MGNT:2026-02-12;MOEX:2026-03-08;MOEX:2025-02-13;MOEX:2025-04-22;NVTK:2025-10-15;ROSN:2026-05-02;ROSN:2025-03-30;SBER:2025-06-02;SBER:2025-05-04;SBER:2026-02-27;TATN:2026-06-13;TATN:2025-01-30;TATN:2026-05-17;TATN:2026-04-14
60	20260806:60	18	0.229983	-269933.5358	-23.6218	0	ALRS:2026-03-13;ALRS:2025-04-06;GAZP:2025-03-11;LKOH:2025-03-19;MGNT:2026-01-20;MOEX:2025-05-07;MOEX:2026-06-10;MOEX:2026-01-23;NVTK:2026-04-29;ROSN:2025-08-31;ROSN:2026-03-05;SBER:2025-04-21;SBER:2025-09-14;SBER:2026-05-16;TATN:2025-03-31;TATN:2026-03-19;TATN:2025-01-30;TATN:2026-04-01
61	20260806:61	18	0.499119	-241294.8725	-67.0663	0	ALRS:2026-02-04;ALRS:2025-04-13;GAZP:2025-11-17;LKOH:2026-03-17;MGNT:2026-04-04;MOEX:2025-02-19;MOEX:2026-06-13;MOEX:2025-03-18;NVTK:2026-03-17;ROSN:2025-03-25;ROSN:2025-08-14;SBER:2025-11-30;SBER:2026-02-07;SBER:2025-01-20;TATN:2025-04-16;TATN:2026-04-30;TATN:2026-04-26;TATN:2026-05-31
62	20260806:62	18	0.355012	-249423.2397	-37.4936	0	ALRS:2025-05-11;ALRS:2025-04-20;GAZP:2026-01-25;LKOH:2025-03-01;MGNT:2025-04-13;MOEX:2025-03-23;MOEX:2025-02-18;MOEX:2026-01-29;NVTK:2025-09-08;ROSN:2026-03-10;ROSN:2026-04-30;SBER:2026-04-02;SBER:2025-04-06;SBER:2025-07-05;TATN:2025-01-28;TATN:2026-04-25;TATN:2025-05-05;TATN:2025-05-26
63	20260806:63	18	0.197862	-345836.3088	-14.2977	0	ALRS:2026-02-05;ALRS:2025-04-09;GAZP:2025-03-26;LKOH:2025-10-20;MGNT:2026-01-31;MOEX:2026-02-24;MOEX:2026-02-25;MOEX:2025-03-06;NVTK:2025-07-04;ROSN:2026-03-03;ROSN:2026-05-25;SBER:2025-11-28;SBER:2026-02-24;SBER:2026-06-11;TATN:2025-06-29;TATN:2026-03-03;TATN:2025-06-26;TATN:2025-08-21
64	20260806:64	18	1.455499	120313.0291	203.9086	0	ALRS:2025-01-21;ALRS:2026-01-31;GAZP:2025-12-04;LKOH:2025-08-07;MGNT:2026-02-27;MOEX:2025-05-15;MOEX:2026-02-11;MOEX:2025-12-18;NVTK:2025-11-20;ROSN:2026-03-15;ROSN:2026-03-10;SBER:2026-02-20;SBER:2025-04-15;SBER:2025-03-27;TATN:2026-02-18;TATN:2025-06-13;TATN:2025-03-24;TATN:2026-02-24
65	20260806:65	18	0.132916	-345647.6190	-14.5034	0	ALRS:2026-03-09;ALRS:2025-03-18;GAZP:2025-05-05;LKOH:2026-04-06;MGNT:2025-03-31;MOEX:2025-03-16;MOEX:2026-03-24;MOEX:2026-05-18;NVTK:2025-01-16;ROSN:2025-08-21;ROSN:2025-08-27;SBER:2025-05-20;SBER:2025-09-14;SBER:2025-01-13;TATN:2025-07-06;TATN:2026-03-09;TATN:2026-03-26;TATN:2025-06-19
66	20260806:66	18	0.403094	-247870.4971	-43.5042	0	ALRS:2025-04-01;ALRS:2025-03-11;GAZP:2026-02-06;LKOH:2026-03-24;MGNT:2025-04-11;MOEX:2025-05-18;MOEX:2026-01-21;MOEX:2025-12-16;NVTK:2026-01-15;ROSN:2025-04-03;ROSN:2025-04-07;SBER:2025-02-19;SBER:2025-07-28;SBER:2026-05-03;TATN:2026-01-29;TATN:2025-08-21;TATN:2026-06-13;TATN:2026-03-29
67	20260806:67	18	0.560187	-191641.7243	-77.3313	0	ALRS:2025-05-01;ALRS:2026-02-24;GAZP:2025-01-05;LKOH:2025-03-30;MGNT:2026-04-15;MOEX:2026-02-10;MOEX:2026-01-15;MOEX:2026-02-10;NVTK:2026-04-20;ROSN:2025-01-05;ROSN:2025-03-31;SBER:2026-04-01;SBER:2026-02-02;SBER:2026-05-19;TATN:2026-03-23;TATN:2026-02-24;TATN:2025-03-29;TATN:2026-04-06
68	20260806:68	18	0.556856	-144216.8951	-75.3201	0	ALRS:2025-04-04;ALRS:2025-08-15;GAZP:2025-04-17;LKOH:2026-03-15;MGNT:2026-04-01;MOEX:2025-03-24;MOEX:2025-03-11;MOEX:2025-02-25;NVTK:2026-02-03;ROSN:2025-09-08;ROSN:2025-04-14;SBER:2026-06-04;SBER:2025-08-23;SBER:2026-02-15;TATN:2025-04-05;TATN:2025-08-15;TATN:2025-03-20;TATN:2026-03-24
69	20260806:69	18	0.788229	-63288.8090	-154.9544	0	ALRS:2025-04-07;ALRS:2026-02-02;GAZP:2025-08-23;LKOH:2025-03-16;MGNT:2026-03-14;MOEX:2026-01-22;MOEX:2025-03-17;MOEX:2026-04-13;NVTK:2025-06-15;ROSN:2026-05-05;ROSN:2026-05-28;SBER:2026-05-28;SBER:2026-05-23;SBER:2026-02-08;TATN:2025-09-28;TATN:2025-06-08;TATN:2026-03-09;TATN:2025-08-05
70	20260806:70	18	0.298669	-315938.3962	-24.3390	0	ALRS:2025-05-05;ALRS:2025-08-16;GAZP:2025-12-03;LKOH:2026-04-29;MGNT:2025-02-06;MOEX:2026-03-14;MOEX:2026-03-16;MOEX:2025-02-18;NVTK:2026-04-03;ROSN:2026-06-03;ROSN:2026-03-25;SBER:2026-02-11;SBER:2026-03-15;SBER:2025-04-12;TATN:2025-08-15;TATN:2025-03-01;TATN:2025-04-15;TATN:2025-03-28
71	20260806:71	18	0.183728	-353674.7330	-19.2384	0	ALRS:2025-02-12;ALRS:2026-02-08;GAZP:2025-03-11;LKOH:2025-10-17;MGNT:2026-03-01;MOEX:2025-12-11;MOEX:2025-12-20;MOEX:2025-03-17;NVTK:2025-11-02;ROSN:2026-03-25;ROSN:2026-04-03;SBER:2025-08-26;SBER:2026-05-23;SBER:2025-05-16;TATN:2025-03-29;TATN:2025-01-09;TATN:2025-04-08;TATN:2025-06-02
72	20260806:72	18	0.655487	-93904.8587	-95.9756	0	ALRS:2026-01-31;ALRS:2026-02-07;GAZP:2025-04-15;LKOH:2025-01-26;MGNT:2025-03-19;MOEX:2026-01-21;MOEX:2025-05-16;MOEX:2025-05-02;NVTK:2025-08-29;ROSN:2025-01-02;ROSN:2026-04-13;SBER:2025-02-27;SBER:2025-06-13;SBER:2025-03-01;TATN:2025-01-13;TATN:2025-01-16;TATN:2025-03-05;TATN:2025-07-27
73	20260806:73	18	0.322056	-299405.7469	-44.5262	0	ALRS:2026-03-14;ALRS:2025-03-16;GAZP:2026-02-17;LKOH:2025-04-20;MGNT:2026-04-08;MOEX:2026-04-25;MOEX:2025-01-30;MOEX:2026-02-05;NVTK:2025-09-26;ROSN:2025-08-17;ROSN:2025-03-26;SBER:2025-01-16;SBER:2026-04-25;SBER:2025-05-10;TATN:2025-07-24;TATN:2026-03-08;TATN:2025-06-05;TATN:2025-05-11
74	20260806:74	18	0.448771	-187265.9539	-62.8759	0	ALRS:2026-02-17;ALRS:2025-05-13;GAZP:2025-05-30;LKOH:2026-03-01;MGNT:2026-04-06;MOEX:2025-04-28;MOEX:2026-03-10;MOEX:2025-05-06;NVTK:2025-05-25;ROSN:2026-02-20;ROSN:2026-03-17;SBER:2025-04-03;SBER:2025-09-08;SBER:2025-03-28;TATN:2025-04-02;TATN:2025-08-06;TATN:2025-04-17;TATN:2026-03-05
75	20260806:75	18	0.309527	-308567.4337	-37.9914	0	ALRS:2025-01-22;ALRS:2025-04-02;GAZP:2025-03-13;LKOH:2026-04-11;MGNT:2026-02-15;MOEX:2025-01-21;MOEX:2026-01-31;MOEX:2026-02-17;NVTK:2026-03-23;ROSN:2025-03-28;ROSN:2025-09-03;SBER:2026-02-09;SBER:2025-03-27;SBER:2026-05-28;TATN:2025-07-18;TATN:2025-08-11;TATN:2026-04-22;TATN:2025-05-20
76	20260806:76	18	0.700209	-145485.8278	-153.2645	0	ALRS:2026-02-18;ALRS:2025-04-14;GAZP:2025-02-23;LKOH:2026-03-16;MGNT:2025-02-24;MOEX:2026-05-19;MOEX:2025-01-29;MOEX:2025-01-29;NVTK:2025-01-23;ROSN:2026-04-03;ROSN:2026-03-26;SBER:2026-06-21;SBER:2025-01-12;SBER:2026-07-08;TATN:2026-04-26;TATN:2025-03-13;TATN:2025-07-10;TATN:2025-03-01
77	20260806:77	18	0.977510	-7106.3730	-1924.2678	0	ALRS:2026-02-25;ALRS:2025-03-27;GAZP:2025-08-06;LKOH:2025-10-18;MGNT:2025-03-23;MOEX:2025-03-26;MOEX:2026-01-13;MOEX:2025-04-20;NVTK:2026-04-01;ROSN:2025-04-29;ROSN:2025-02-03;SBER:2025-03-24;SBER:2026-02-19;SBER:2025-08-21;TATN:2025-04-05;TATN:2025-06-25;TATN:2025-08-10;TATN:2025-05-20
78	20260806:78	18	0.687180	-97229.7445	-137.8212	0	ALRS:2026-01-29;ALRS:2025-08-27;GAZP:2025-04-04;LKOH:2025-08-15;MGNT:2026-02-07;MOEX:2026-02-06;MOEX:2026-04-17;MOEX:2025-03-19;NVTK:2025-03-02;ROSN:2025-02-25;ROSN:2025-04-07;SBER:2025-03-25;SBER:2026-03-01;SBER:2025-07-12;TATN:2025-05-25;TATN:2026-06-09;TATN:2026-04-26;TATN:2026-05-16
79	20260806:79	18	0.275329	-259679.1133	-30.4237	0	ALRS:2025-08-15;ALRS:2025-02-05;GAZP:2025-02-12;LKOH:2025-02-24;MGNT:2025-02-19;MOEX:2026-04-26;MOEX:2026-04-12;MOEX:2025-02-24;NVTK:2025-09-17;ROSN:2026-01-28;ROSN:2025-01-13;SBER:2025-08-28;SBER:2026-04-27;SBER:2025-03-16;TATN:2025-08-17;TATN:2025-01-23;TATN:2026-04-09;TATN:2025-06-19
80	20260806:80	18	0.271912	-266985.3112	-20.4418	0	ALRS:2025-03-02;ALRS:2025-02-25;GAZP:2026-05-19;LKOH:2025-10-18;MGNT:2025-04-05;MOEX:2026-05-18;MOEX:2026-02-17;MOEX:2025-03-16;NVTK:2026-01-30;ROSN:2026-03-08;ROSN:2026-04-30;SBER:2025-06-12;SBER:2025-05-16;SBER:2025-09-12;TATN:2025-08-17;TATN:2026-03-05;TATN:2025-01-09;TATN:2025-02-10
81	20260806:81	18	0.482002	-155915.5633	-65.5598	0	ALRS:2025-04-05;ALRS:2025-04-21;GAZP:2026-01-05;LKOH:2025-04-07;MGNT:2025-04-02;MOEX:2025-05-01;MOEX:2026-06-02;MOEX:2025-05-06;NVTK:2025-06-26;ROSN:2025-02-09;ROSN:2025-08-31;SBER:2026-05-13;SBER:2026-05-05;SBER:2025-04-20;TATN:2025-01-16;TATN:2026-06-15;TATN:2026-06-08;TATN:2026-06-04
82	20260806:82	18	1.880158	193856.6301	90.9188	0	ALRS:2025-04-07;ALRS:2025-08-12;GAZP:2025-02-13;LKOH:2025-04-26;MGNT:2025-02-04;MOEX:2025-04-01;MOEX:2026-03-11;MOEX:2025-04-28;NVTK:2026-01-20;ROSN:2025-08-31;ROSN:2025-08-12;SBER:2025-08-13;SBER:2025-09-04;SBER:2025-04-10;TATN:2026-06-01;TATN:2025-06-27;TATN:2026-03-15;TATN:2026-02-26
83	20260806:83	18	0.312017	-266473.6247	-42.7891	0	ALRS:2025-08-27;ALRS:2025-02-26;GAZP:2025-04-08;LKOH:2025-03-23;MGNT:2025-04-17;MOEX:2025-04-16;MOEX:2025-12-22;MOEX:2026-04-20;NVTK:2026-04-05;ROSN:2025-10-16;ROSN:2025-08-31;SBER:2025-07-14;SBER:2026-01-19;SBER:2025-01-14;TATN:2025-07-21;TATN:2026-03-27;TATN:2025-04-20;TATN:2026-06-14
84	20260806:84	18	0.256473	-266945.0990	-24.6585	0	ALRS:2025-04-11;ALRS:2026-02-19;GAZP:2025-11-10;LKOH:2025-02-13;MGNT:2026-03-18;MOEX:2025-05-03;MOEX:2026-03-01;MOEX:2026-05-19;NVTK:2025-01-28;ROSN:2025-10-05;ROSN:2026-01-31;SBER:2025-04-29;SBER:2025-04-20;SBER:2026-05-05;TATN:2025-07-05;TATN:2025-05-25;TATN:2025-04-27;TATN:2026-04-21
85	20260806:85	18	2.321330	230975.6246	68.9859	0	ALRS:2026-01-28;ALRS:2026-03-16;GAZP:2026-02-20;LKOH:2025-01-27;MGNT:2026-02-19;MOEX:2026-03-28;MOEX:2025-12-08;MOEX:2025-03-06;NVTK:2025-08-21;ROSN:2026-05-24;ROSN:2026-05-02;SBER:2025-04-17;SBER:2025-02-05;SBER:2025-09-01;TATN:2026-05-02;TATN:2025-08-04;TATN:2025-04-03;TATN:2025-01-27
86	20260806:86	18	0.512507	-146169.1343	-61.2470	0	ALRS:2025-04-22;ALRS:2026-02-04;GAZP:2025-01-23;LKOH:2025-03-04;MGNT:2025-03-27;MOEX:2025-04-10;MOEX:2025-03-30;MOEX:2026-03-04;NVTK:2025-08-13;ROSN:2025-03-26;ROSN:2026-05-01;SBER:2026-02-15;SBER:2025-08-06;SBER:2026-04-02;TATN:2026-06-21;TATN:2025-01-05;TATN:2026-04-03;TATN:2025-06-23
87	20260806:87	18	0.593447	-167851.4917	-133.1747	0	ALRS:2026-03-16;ALRS:2026-02-26;GAZP:2026-02-22;LKOH:2025-05-15;MGNT:2026-04-14;MOEX:2025-12-11;MOEX:2026-03-01;MOEX:2025-03-18;NVTK:2025-03-10;ROSN:2025-03-02;ROSN:2025-03-16;SBER:2026-06-12;SBER:2025-01-30;SBER:2026-05-13;TATN:2025-05-22;TATN:2025-06-25;TATN:2025-04-24;TATN:2026-02-22
88	20260806:88	18	1.271889	75115.6625	213.7143	0	ALRS:2026-03-09;ALRS:2026-01-29;GAZP:2025-04-29;LKOH:2025-09-04;MGNT:2026-04-12;MOEX:2026-04-08;MOEX:2026-02-11;MOEX:2025-02-10;NVTK:2025-06-06;ROSN:2025-01-23;ROSN:2025-09-06;SBER:2025-04-04;SBER:2025-01-13;SBER:2025-04-13;TATN:2026-05-26;TATN:2025-08-15;TATN:2025-06-17;TATN:2025-08-04
89	20260806:89	18	0.448028	-165570.9355	-41.7753	0	ALRS:2025-08-13;ALRS:2025-08-07;GAZP:2026-02-19;LKOH:2025-01-12;MGNT:2026-02-21;MOEX:2025-05-14;MOEX:2026-01-17;MOEX:2025-12-10;NVTK:2025-11-09;ROSN:2025-04-05;ROSN:2025-09-17;SBER:2025-07-07;SBER:2026-03-10;SBER:2025-06-12;TATN:2026-06-11;TATN:2026-06-02;TATN:2025-01-22;TATN:2025-06-28
90	20260806:90	18	0.311803	-375861.0793	-33.6807	0	ALRS:2025-04-27;ALRS:2026-02-12;GAZP:2026-03-17;LKOH:2025-01-28;MGNT:2025-03-12;MOEX:2026-01-31;MOEX:2025-03-18;MOEX:2026-03-15;NVTK:2026-03-26;ROSN:2025-02-20;ROSN:2026-04-30;SBER:2025-04-05;SBER:2025-07-19;SBER:2026-02-10;TATN:2026-06-04;TATN:2025-05-27;TATN:2026-06-17;TATN:2025-02-23
91	20260806:91	18	0.193904	-390063.8058	-17.6699	0	ALRS:2026-02-19;ALRS:2026-02-10;GAZP:2025-11-10;LKOH:2026-03-10;MGNT:2026-04-11;MOEX:2026-04-04;MOEX:2025-12-18;MOEX:2026-04-19;NVTK:2025-05-05;ROSN:2026-06-01;ROSN:2026-04-06;SBER:2026-06-27;SBER:2025-05-14;SBER:2026-03-13;TATN:2025-09-25;TATN:2025-05-22;TATN:2026-06-21;TATN:2025-04-21
92	20260806:92	18	0.643370	-127648.3205	-101.2457	0	ALRS:2025-05-01;ALRS:2025-04-12;GAZP:2025-01-26;LKOH:2025-03-16;MGNT:2026-03-17;MOEX:2026-03-12;MOEX:2025-04-27;MOEX:2025-03-15;NVTK:2025-12-29;ROSN:2026-04-19;ROSN:2025-02-04;SBER:2025-09-09;SBER:2025-11-27;SBER:2025-07-07;TATN:2025-08-21;TATN:2025-07-09;TATN:2026-03-16;TATN:2026-01-28
93	20260806:93	18	0.781372	-64197.0625	-166.8848	0	ALRS:2026-02-26;ALRS:2025-02-17;GAZP:2026-04-21;LKOH:2025-02-06;MGNT:2026-03-13;MOEX:2026-02-07;MOEX:2025-04-15;MOEX:2025-04-10;NVTK:2025-11-28;ROSN:2025-04-27;ROSN:2025-01-14;SBER:2026-03-09;SBER:2025-07-18;SBER:2025-09-01;TATN:2026-03-12;TATN:2025-01-14;TATN:2026-05-14;TATN:2025-08-11
94	20260806:94	18	0.564878	-132002.3652	-82.3748	0	ALRS:2025-01-29;ALRS:2025-04-23;GAZP:2026-02-20;LKOH:2026-03-10;MGNT:2026-03-19;MOEX:2025-05-07;MOEX:2026-02-09;MOEX:2025-02-26;NVTK:2025-11-30;ROSN:2025-02-16;ROSN:2025-02-20;SBER:2025-04-22;SBER:2025-03-25;SBER:2025-03-09;TATN:2025-05-07;TATN:2025-02-10;TATN:2025-08-05;TATN:2026-04-18
95	20260806:95	18	1.347177	68669.8271	243.3042	0	ALRS:2025-02-26;ALRS:2026-01-26;GAZP:2025-10-15;LKOH:2025-01-07;MGNT:2026-02-05;MOEX:2025-12-25;MOEX:2026-05-28;MOEX:2026-01-25;NVTK:2025-08-12;ROSN:2026-02-26;ROSN:2025-04-22;SBER:2025-01-14;SBER:2026-04-26;SBER:2025-03-12;TATN:2025-06-10;TATN:2025-07-21;TATN:2026-03-26;TATN:2025-03-30
96	20260806:96	18	0.082993	-433520.1054	-8.8498	0	ALRS:2025-05-09;ALRS:2026-01-28;GAZP:2025-12-12;LKOH:2025-02-03;MGNT:2026-03-16;MOEX:2025-04-24;MOEX:2025-05-10;MOEX:2025-02-18;NVTK:2025-12-14;ROSN:2026-04-07;ROSN:2026-03-31;SBER:2025-06-05;SBER:2026-03-16;SBER:2025-07-04;TATN:2026-04-05;TATN:2025-05-02;TATN:2026-04-22;TATN:2025-01-20
97	20260806:97	18	1.036835	9946.9197	1255.2836	0	ALRS:2025-09-13;ALRS:2025-02-04;GAZP:2026-03-10;LKOH:2025-05-06;MGNT:2025-02-04;MOEX:2026-01-30;MOEX:2025-02-18;MOEX:2025-03-17;NVTK:2026-04-09;ROSN:2026-01-29;ROSN:2026-05-02;SBER:2025-05-25;SBER:2026-03-12;SBER:2026-02-18;TATN:2025-01-07;TATN:2025-05-01;TATN:2026-03-10;TATN:2026-03-02
98	20260806:98	18	0.422184	-231323.3657	-65.9903	0	ALRS:2025-04-22;ALRS:2026-02-22;GAZP:2026-01-11;LKOH:2026-03-16;MGNT:2026-01-26;MOEX:2026-02-23;MOEX:2025-12-20;MOEX:2025-05-05;NVTK:2025-05-21;ROSN:2025-02-13;ROSN:2025-09-23;SBER:2025-06-06;SBER:2025-08-22;SBER:2026-06-12;TATN:2025-09-28;TATN:2026-06-13;TATN:2026-02-15;TATN:2025-06-28
99	20260806:99	18	1.040941	9043.2128	1784.3673	0	ALRS:2025-04-01;ALRS:2025-04-20;GAZP:2026-01-28;LKOH:2025-08-16;MGNT:2026-01-22;MOEX:2026-05-17;MOEX:2025-12-17;MOEX:2026-06-06;NVTK:2025-08-15;ROSN:2025-08-23;ROSN:2026-05-16;SBER:2026-06-17;SBER:2026-02-19;SBER:2026-04-04;TATN:2025-01-26;TATN:2026-02-12;TATN:2026-03-10;TATN:2025-02-16
100	20260806:100	18	0.048811	-271985.7087	-5.1316	0	ALRS:2026-02-01;ALRS:2025-05-10;GAZP:2025-04-21;LKOH:2025-05-03;MGNT:2026-04-10;MOEX:2026-02-05;MOEX:2026-04-26;MOEX:2026-06-02;NVTK:2025-08-15;ROSN:2026-03-14;ROSN:2026-03-02;SBER:2025-05-06;SBER:2025-11-27;SBER:2026-07-09;TATN:2025-04-21;TATN:2025-07-27;TATN:2026-04-18;TATN:2025-01-30
101	20260806:101	18	0.209436	-396613.8051	-15.0872	0	ALRS:2026-02-28;ALRS:2026-03-08;GAZP:2026-02-11;LKOH:2025-03-24;MGNT:2026-03-01;MOEX:2025-03-03;MOEX:2026-06-15;MOEX:2026-02-21;NVTK:2026-02-12;ROSN:2025-03-17;ROSN:2025-02-10;SBER:2025-06-25;SBER:2026-04-13;SBER:2025-01-15;TATN:2025-07-05;TATN:2025-06-19;TATN:2025-09-28;TATN:2025-03-03
102	20260806:102	18	0.813646	-56371.2333	-286.4053	0	ALRS:2026-02-16;ALRS:2025-02-11;GAZP:2026-05-07;LKOH:2026-04-10;MGNT:2026-02-23;MOEX:2026-06-07;MOEX:2025-12-16;MOEX:2026-02-08;NVTK:2026-01-11;ROSN:2025-04-29;ROSN:2025-09-03;SBER:2026-01-19;SBER:2025-01-27;SBER:2025-06-08;TATN:2026-06-18;TATN:2025-05-29;TATN:2026-05-12;TATN:2025-05-27
103	20260806:103	18	1.396074	116324.5684	167.6093	0	ALRS:2025-09-17;ALRS:2026-02-04;GAZP:2025-05-25;LKOH:2025-04-13;MGNT:2026-01-20;MOEX:2025-01-30;MOEX:2025-04-11;MOEX:2025-03-25;NVTK:2025-04-08;ROSN:2026-04-01;ROSN:2026-03-22;SBER:2025-05-10;SBER:2025-03-18;SBER:2026-02-23;TATN:2025-07-08;TATN:2025-07-09;TATN:2025-05-15;TATN:2025-09-28
104	20260806:104	18	0.467789	-144334.3227	-49.8930	0	ALRS:2025-05-15;ALRS:2025-04-04;GAZP:2026-03-26;LKOH:2026-03-16;MGNT:2026-04-01;MOEX:2025-04-02;MOEX:2025-12-20;MOEX:2026-05-26;NVTK:2025-02-17;ROSN:2025-08-04;ROSN:2025-09-15;SBER:2025-08-24;SBER:2025-09-18;SBER:2025-08-12;TATN:2025-08-15;TATN:2025-08-20;TATN:2026-05-22;TATN:2025-08-12
105	20260806:105	18	0.567936	-211726.5587	-95.3112	0	ALRS:2025-01-12;ALRS:2025-04-16;GAZP:2026-05-12;LKOH:2026-03-14;MGNT:2025-02-02;MOEX:2025-05-12;MOEX:2026-02-17;MOEX:2026-06-11;NVTK:2025-04-02;ROSN:2025-08-29;ROSN:2026-05-30;SBER:2025-09-15;SBER:2025-01-07;SBER:2025-12-04;TATN:2026-02-28;TATN:2026-02-12;TATN:2026-06-12;TATN:2025-03-05
106	20260806:106	18	0.213197	-180399.2193	-20.4873	0	ALRS:2025-01-15;ALRS:2026-02-03;GAZP:2026-05-16;LKOH:2025-05-11;MGNT:2026-02-15;MOEX:2026-03-28;MOEX:2026-05-31;MOEX:2026-01-25;NVTK:2025-09-03;ROSN:2025-04-23;ROSN:2025-10-06;SBER:2025-08-13;SBER:2025-05-30;SBER:2026-06-28;TATN:2026-03-27;TATN:2025-01-20;TATN:2026-03-02;TATN:2025-04-26
107	20260806:107	18	0.728557	-132455.3284	-161.6764	0	ALRS:2025-03-17;ALRS:2025-09-16;GAZP:2025-05-09;LKOH:2025-09-02;MGNT:2025-03-30;MOEX:2025-12-26;MOEX:2025-04-03;MOEX:2025-02-20;NVTK:2026-03-29;ROSN:2026-04-09;ROSN:2025-03-25;SBER:2026-05-02;SBER:2025-01-22;SBER:2026-01-28;TATN:2025-07-08;TATN:2026-06-16;TATN:2026-04-04;TATN:2025-07-31
108	20260806:108	18	0.586041	-159934.3156	-87.6863	0	ALRS:2026-02-01;ALRS:2025-05-10;GAZP:2025-05-12;LKOH:2025-03-02;MGNT:2025-05-06;MOEX:2026-02-26;MOEX:2026-01-21;MOEX:2025-03-31;NVTK:2025-03-23;ROSN:2025-01-27;ROSN:2025-09-10;SBER:2025-04-04;SBER:2026-01-31;SBER:2026-03-27;TATN:2026-03-31;TATN:2025-05-06;TATN:2026-03-05;TATN:2026-06-06
109	20260806:109	18	0.185402	-466680.0370	-15.7313	0	ALRS:2025-03-06;ALRS:2025-03-27;GAZP:2025-03-31;LKOH:2025-03-30;MGNT:2026-03-15;MOEX:2026-02-01;MOEX:2026-03-12;MOEX:2025-03-25;NVTK:2026-04-05;ROSN:2025-04-06;ROSN:2025-03-19;SBER:2026-03-18;SBER:2025-07-17;SBER:2025-06-13;TATN:2026-03-30;TATN:2026-03-28;TATN:2025-04-08;TATN:2026-04-19
110	20260806:110	18	0.414915	-225160.3450	-60.1470	0	ALRS:2025-08-10;ALRS:2026-02-02;GAZP:2025-05-26;LKOH:2025-03-20;MGNT:2025-05-14;MOEX:2025-02-05;MOEX:2026-05-29;MOEX:2026-01-17;NVTK:2025-03-12;ROSN:2026-03-29;ROSN:2025-04-21;SBER:2025-08-29;SBER:2026-04-30;SBER:2025-05-10;TATN:2026-05-28;TATN:2025-08-07;TATN:2026-04-13;TATN:2026-06-09
111	20260806:111	18	0.893663	-31986.9467	-515.4979	0	ALRS:2025-08-21;ALRS:2025-04-03;GAZP:2026-05-10;LKOH:2026-03-12;MGNT:2025-04-23;MOEX:2025-04-05;MOEX:2026-03-02;MOEX:2025-05-09;NVTK:2026-02-12;ROSN:2026-02-19;ROSN:2025-04-13;SBER:2026-02-19;SBER:2025-07-31;SBER:2025-06-30;TATN:2026-04-11;TATN:2026-04-22;TATN:2026-02-10;TATN:2025-07-22
112	20260806:112	18	0.116050	-416569.1594	-10.1607	0	ALRS:2026-02-12;ALRS:2026-02-21;GAZP:2026-01-07;LKOH:2025-05-13;MGNT:2025-04-21;MOEX:2026-03-16;MOEX:2025-04-28;MOEX:2025-12-08;NVTK:2025-08-12;ROSN:2026-04-09;ROSN:2025-03-19;SBER:2025-09-04;SBER:2026-02-17;SBER:2025-08-12;TATN:2025-04-22;TATN:2025-04-01;TATN:2025-03-15;TATN:2025-03-19
113	20260806:113	18	0.230272	-201390.0727	-15.3690	0	ALRS:2025-03-01;ALRS:2025-04-14;GAZP:2025-09-13;LKOH:2025-04-27;MGNT:2026-02-22;MOEX:2026-01-29;MOEX:2025-06-29;MOEX:2026-04-07;NVTK:2026-02-11;ROSN:2025-01-05;ROSN:2025-02-24;SBER:2026-02-05;SBER:2026-05-02;SBER:2025-04-25;TATN:2025-01-21;TATN:2025-02-26;TATN:2025-02-10;TATN:2026-04-17
114	20260806:114	18	0.608585	-124198.8311	-97.4638	0	ALRS:2025-03-25;ALRS:2025-09-09;GAZP:2025-08-23;LKOH:2025-04-24;MGNT:2026-02-04;MOEX:2025-01-27;MOEX:2025-04-17;MOEX:2025-04-26;NVTK:2025-09-22;ROSN:2025-11-19;ROSN:2025-04-10;SBER:2025-07-10;SBER:2026-02-11;SBER:2026-06-24;TATN:2025-03-12;TATN:2025-06-23;TATN:2025-05-12;TATN:2025-06-15
115	20260806:115	18	0.172523	-376293.8175	-15.7444	0	ALRS:2025-05-06;ALRS:2025-05-12;GAZP:2025-07-24;LKOH:2026-03-05;MGNT:2026-04-11;MOEX:2026-05-30;MOEX:2025-12-25;MOEX:2025-05-10;NVTK:2025-09-21;ROSN:2025-01-22;ROSN:2026-04-11;SBER:2025-04-11;SBER:2026-06-14;SBER:2026-06-08;TATN:2025-02-12;TATN:2025-05-15;TATN:2025-02-17;TATN:2025-07-06
116	20260806:116	18	0.808872	-55593.9379	-351.6852	0	ALRS:2026-02-25;ALRS:2025-09-11;GAZP:2026-02-11;LKOH:2026-03-18;MGNT:2026-02-22;MOEX:2025-03-20;MOEX:2026-03-09;MOEX:2026-02-26;NVTK:2025-02-04;ROSN:2025-08-22;ROSN:2026-03-13;SBER:2025-06-26;SBER:2026-05-01;SBER:2026-01-20;TATN:2026-04-08;TATN:2026-02-12;TATN:2025-02-09;TATN:2026-05-21
117	20260806:117	18	0.689092	-96384.6189	-138.6590	0	ALRS:2025-04-17;ALRS:2025-05-10;GAZP:2026-05-14;LKOH:2025-01-08;MGNT:2025-02-09;MOEX:2026-03-25;MOEX:2025-01-23;MOEX:2025-06-30;NVTK:2025-12-27;ROSN:2025-10-15;ROSN:2026-04-19;SBER:2025-08-23;SBER:2026-03-24;SBER:2025-06-19;TATN:2025-06-13;TATN:2026-03-18;TATN:2026-01-30;TATN:2025-07-10
118	20260806:118	18	1.898391	157265.7226	127.6100	0	ALRS:2025-04-09;ALRS:2025-02-12;GAZP:2025-07-28;LKOH:2025-08-10;MGNT:2025-04-08;MOEX:2025-04-02;MOEX:2025-01-20;MOEX:2025-03-28;NVTK:2025-12-29;ROSN:2026-05-07;ROSN:2025-03-01;SBER:2025-12-08;SBER:2026-03-27;SBER:2026-01-27;TATN:2025-11-20;TATN:2026-06-09;TATN:2025-01-13;TATN:2026-03-01
119	20260806:119	18	0.783977	-71049.8672	-249.0786	0	ALRS:2026-02-27;ALRS:2025-08-05;GAZP:2026-04-28;LKOH:2026-03-19;MGNT:2026-02-08;MOEX:2025-01-16;MOEX:2025-12-22;MOEX:2025-04-29;NVTK:2025-03-17;ROSN:2026-05-21;ROSN:2025-01-08;SBER:2025-03-09;SBER:2025-08-28;SBER:2025-11-19;TATN:2025-05-18;TATN:2026-02-22;TATN:2025-06-12;TATN:2026-04-29
120	20260806:120	18	0.391413	-234830.6075	-36.3025	0	ALRS:2025-04-26;ALRS:2026-02-12;GAZP:2026-01-25;LKOH:2025-01-29;MGNT:2025-02-26;MOEX:2025-03-09;MOEX:2026-01-18;MOEX:2025-03-12;NVTK:2026-05-20;ROSN:2026-06-02;ROSN:2026-06-01;SBER:2026-05-11;SBER:2025-06-19;SBER:2026-02-05;TATN:2025-06-13;TATN:2026-03-16;TATN:2025-03-06;TATN:2025-03-05
121	20260806:121	18	0.208798	-280665.2530	-21.8315	0	ALRS:2025-03-10;ALRS:2025-03-15;GAZP:2025-01-07;LKOH:2026-04-08;MGNT:2026-03-12;MOEX:2026-03-24;MOEX:2025-07-01;MOEX:2026-02-18;NVTK:2025-06-25;ROSN:2025-09-01;ROSN:2025-01-14;SBER:2025-09-17;SBER:2025-02-18;SBER:2026-03-16;TATN:2025-04-16;TATN:2026-05-18;TATN:2025-04-06;TATN:2026-03-26
122	20260806:122	18	0.318575	-297860.8139	-45.1200	0	ALRS:2026-02-06;ALRS:2025-02-12;GAZP:2025-01-19;LKOH:2026-03-05;MGNT:2025-04-28;MOEX:2025-12-19;MOEX:2026-02-20;MOEX:2025-12-22;NVTK:2025-12-15;ROSN:2026-05-02;ROSN:2026-02-26;SBER:2025-07-15;SBER:2026-02-24;SBER:2025-03-09;TATN:2025-03-20;TATN:2026-04-02;TATN:2025-05-18;TATN:2025-01-15
123	20260806:123	18	0.751373	-133191.0284	-179.7919	0	ALRS:2025-01-27;ALRS:2026-02-07;GAZP:2025-08-04;LKOH:2025-03-31;MGNT:2025-03-05;MOEX:2025-04-09;MOEX:2025-02-25;MOEX:2025-03-19;NVTK:2025-11-08;ROSN:2026-04-18;ROSN:2025-03-17;SBER:2026-06-06;SBER:2025-08-18;SBER:2026-02-27;TATN:2025-03-01;TATN:2025-08-10;TATN:2025-03-29;TATN:2026-02-23
124	20260806:124	18	0.372508	-257396.2583	-40.1215	0	ALRS:2025-03-12;ALRS:2025-09-15;GAZP:2025-05-26;LKOH:2025-08-12;MGNT:2025-01-27;MOEX:2025-04-09;MOEX:2025-05-12;MOEX:2025-05-18;NVTK:2026-03-11;ROSN:2025-03-01;ROSN:2025-08-06;SBER:2026-02-24;SBER:2025-04-23;SBER:2025-05-30;TATN:2025-03-01;TATN:2025-06-03;TATN:2025-06-12;TATN:2025-05-17
125	20260806:125	18	0.242536	-306530.9967	-20.6208	0	ALRS:2026-02-07;ALRS:2025-08-19;GAZP:2026-05-03;LKOH:2026-03-22;MGNT:2025-04-13;MOEX:2026-03-05;MOEX:2026-02-26;MOEX:2026-06-05;NVTK:2026-03-29;ROSN:2025-01-05;ROSN:2026-05-14;SBER:2025-02-26;SBER:2026-06-04;SBER:2025-03-20;TATN:2025-04-23;TATN:2025-08-06;TATN:2025-05-11;TATN:2026-04-20
126	20260806:126	18	0.499831	-160396.2780	-62.8895	0	ALRS:2025-08-15;ALRS:2025-02-02;GAZP:2025-03-03;LKOH:2026-03-05;MGNT:2026-03-13;MOEX:2026-04-25;MOEX:2026-06-09;MOEX:2026-01-23;NVTK:2026-02-25;ROSN:2025-08-16;ROSN:2025-08-14;SBER:2026-05-31;SBER:2025-06-12;SBER:2026-03-31;TATN:2025-03-13;TATN:2026-06-15;TATN:2025-06-01;TATN:2025-01-09
127	20260806:127	18	1.075391	22344.0646	626.9550	0	ALRS:2025-04-09;ALRS:2026-02-17;GAZP:2025-04-15;LKOH:2025-01-19;MGNT:2025-02-06;MOEX:2026-06-11;MOEX:2026-04-22;MOEX:2025-03-15;NVTK:2025-03-04;ROSN:2025-01-27;ROSN:2025-03-25;SBER:2025-12-08;SBER:2025-07-29;SBER:2026-07-06;TATN:2026-05-05;TATN:2025-05-25;TATN:2025-06-07;TATN:2025-08-10
128	20260806:128	18	0.960844	-10676.6970	-1404.7314	0	ALRS:2025-01-14;ALRS:2025-08-11;GAZP:2025-11-12;LKOH:2025-01-30;MGNT:2025-04-06;MOEX:2026-06-04;MOEX:2025-01-15;MOEX:2026-03-01;NVTK:2025-03-14;ROSN:2025-04-13;ROSN:2026-06-01;SBER:2025-11-30;SBER:2026-04-16;SBER:2025-04-02;TATN:2025-04-14;TATN:2025-08-04;TATN:2026-03-11;TATN:2025-07-05
129	20260806:129	18	1.073997	23022.4293	867.6631	0	ALRS:2025-04-07;ALRS:2026-02-27;GAZP:2026-03-12;LKOH:2026-04-29;MGNT:2025-04-05;MOEX:2026-01-18;MOEX:2025-02-20;MOEX:2025-04-28;NVTK:2025-05-26;ROSN:2026-03-14;ROSN:2026-03-14;SBER:2025-04-03;SBER:2026-06-23;SBER:2026-06-05;TATN:2025-05-22;TATN:2025-03-13;TATN:2025-07-28;TATN:2025-06-16
130	20260806:130	18	0.412599	-275361.2265	-44.1037	0	ALRS:2025-04-27;ALRS:2025-04-12;GAZP:2025-01-02;LKOH:2025-03-06;MGNT:2026-03-03;MOEX:2026-01-26;MOEX:2026-01-21;MOEX:2025-04-01;NVTK:2026-04-14;ROSN:2025-02-05;ROSN:2026-04-20;SBER:2026-06-13;SBER:2025-04-06;SBER:2025-07-29;TATN:2026-06-02;TATN:2026-04-25;TATN:2026-03-29;TATN:2025-03-01
131	20260806:131	18	0.524098	-185969.5356	-64.1955	0	ALRS:2025-02-02;ALRS:2025-09-15;GAZP:2026-03-22;LKOH:2025-09-02;MGNT:2026-03-22;MOEX:2026-02-27;MOEX:2026-06-12;MOEX:2025-04-03;NVTK:2025-04-27;ROSN:2025-10-15;ROSN:2026-05-25;SBER:2026-03-13;SBER:2025-05-31;SBER:2025-08-10;TATN:2026-01-31;TATN:2025-05-09;TATN:2026-06-15;TATN:2026-04-07
132	20260806:132	18	0.827401	-55510.7248	-372.1207	0	ALRS:2025-09-14;ALRS:2025-02-26;GAZP:2025-11-02;LKOH:2025-09-09;MGNT:2025-01-23;MOEX:2026-03-04;MOEX:2025-02-19;MOEX:2025-03-03;NVTK:2025-12-11;ROSN:2025-09-29;ROSN:2026-05-19;SBER:2025-11-27;SBER:2025-05-20;SBER:2026-05-02;TATN:2025-07-21;TATN:2025-05-25;TATN:2026-02-26;TATN:2026-05-27
133	20260806:133	18	0.111933	-439952.3194	-12.3428	0	ALRS:2025-09-09;ALRS:2026-02-05;GAZP:2025-02-28;LKOH:2025-05-15;MGNT:2025-04-16;MOEX:2025-03-03;MOEX:2026-01-15;MOEX:2025-03-02;NVTK:2025-07-04;ROSN:2026-04-21;ROSN:2026-04-04;SBER:2025-07-06;SBER:2025-02-18;SBER:2026-05-28;TATN:2025-02-02;TATN:2025-04-28;TATN:2026-03-29;TATN:2025-04-09
134	20260806:134	18	0.803795	-62179.2585	-254.5621	0	ALRS:2025-03-30;ALRS:2025-09-08;GAZP:2025-11-05;LKOH:2025-01-13;MGNT:2025-02-23;MOEX:2025-01-21;MOEX:2025-02-27;MOEX:2025-02-11;NVTK:2025-06-02;ROSN:2026-03-09;ROSN:2025-02-03;SBER:2025-06-19;SBER:2026-02-25;SBER:2026-01-29;TATN:2025-02-27;TATN:2025-06-12;TATN:2025-06-09;TATN:2025-05-09
135	20260806:135	18	0.533064	-142695.1503	-80.2185	0	ALRS:2025-08-21;ALRS:2025-09-15;GAZP:2026-03-11;LKOH:2026-03-02;MGNT:2025-04-27;MOEX:2025-04-06;MOEX:2026-03-22;MOEX:2025-03-27;NVTK:2025-11-25;ROSN:2025-10-16;ROSN:2025-09-11;SBER:2025-06-03;SBER:2025-01-15;SBER:2025-09-02;TATN:2025-04-24;TATN:2025-04-01;TATN:2025-06-25;TATN:2025-07-23
136	20260806:136	18	0.365025	-212646.5358	-33.6818	0	ALRS:2025-08-13;ALRS:2025-03-10;GAZP:2026-02-10;LKOH:2025-03-18;MGNT:2025-05-02;MOEX:2025-03-10;MOEX:2025-04-28;MOEX:2026-01-11;NVTK:2026-04-10;ROSN:2025-03-27;ROSN:2026-04-17;SBER:2026-03-12;SBER:2025-02-13;SBER:2025-07-06;TATN:2025-06-15;TATN:2025-04-26;TATN:2025-03-11;TATN:2026-03-27
137	20260806:137	18	1.007204	2198.0047	9593.0388	0	ALRS:2025-01-26;ALRS:2026-02-28;GAZP:2025-04-25;LKOH:2026-03-11;MGNT:2026-01-19;MOEX:2025-03-25;MOEX:2025-05-03;MOEX:2026-03-05;NVTK:2025-03-23;ROSN:2025-08-05;ROSN:2026-02-22;SBER:2026-03-02;SBER:2026-06-18;SBER:2026-05-26;TATN:2025-03-26;TATN:2026-02-21;TATN:2026-04-16;TATN:2025-02-10
138	20260806:138	18	0.417875	-189347.6568	-43.8375	0	ALRS:2026-02-11;ALRS:2026-02-01;GAZP:2025-12-18;LKOH:2025-09-10;MGNT:2025-02-02;MOEX:2025-01-21;MOEX:2025-12-17;MOEX:2026-05-12;NVTK:2025-03-11;ROSN:2025-04-11;ROSN:2026-06-03;SBER:2025-04-22;SBER:2025-08-10;SBER:2026-03-03;TATN:2026-06-02;TATN:2025-01-12;TATN:2026-03-26;TATN:2026-06-04
139	20260806:139	18	0.491490	-181240.1025	-57.6360	0	ALRS:2025-08-16;ALRS:2025-05-05;GAZP:2025-01-23;LKOH:2025-03-28;MGNT:2025-02-05;MOEX:2025-03-29;MOEX:2025-03-12;MOEX:2025-05-04;NVTK:2025-04-27;ROSN:2026-03-24;ROSN:2025-03-10;SBER:2025-08-31;SBER:2026-04-03;SBER:2025-06-13;TATN:2026-05-30;TATN:2025-05-02;TATN:2025-08-15;TATN:2025-06-19
140	20260806:140	18	1.506717	111372.7160	176.2190	0	ALRS:2025-01-23;ALRS:2025-03-23;GAZP:2026-02-06;LKOH:2025-02-04;MGNT:2026-03-01;MOEX:2025-02-04;MOEX:2025-04-11;MOEX:2026-03-18;NVTK:2026-05-01;ROSN:2025-03-12;ROSN:2025-08-16;SBER:2025-08-12;SBER:2025-08-13;SBER:2026-01-21;TATN:2025-06-12;TATN:2025-04-06;TATN:2025-05-09;TATN:2026-03-24
141	20260806:141	18	0.328901	-184097.4374	-26.3161	0	ALRS:2025-08-14;ALRS:2025-04-13;GAZP:2025-10-19;LKOH:2025-02-02;MGNT:2025-04-09;MOEX:2026-04-13;MOEX:2026-03-30;MOEX:2025-07-01;NVTK:2026-05-11;ROSN:2025-10-06;ROSN:2025-09-10;SBER:2025-12-01;SBER:2025-03-18;SBER:2025-08-14;TATN:2025-07-01;TATN:2025-06-07;TATN:2025-06-03;TATN:2025-04-16
142	20260806:142	18	0.816665	-77456.5980	-297.9815	0	ALRS:2025-03-24;ALRS:2025-09-07;GAZP:2025-12-14;LKOH:2025-03-20;MGNT:2025-03-12;MOEX:2025-01-28;MOEX:2025-05-18;MOEX:2026-03-28;NVTK:2025-05-15;ROSN:2026-02-21;ROSN:2026-03-16;SBER:2025-02-26;SBER:2025-07-19;SBER:2025-01-26;TATN:2026-04-26;TATN:2025-06-30;TATN:2025-03-06;TATN:2026-04-28
143	20260806:143	18	1.003661	848.3541	13854.4818	0	ALRS:2025-04-03;ALRS:2025-05-01;GAZP:2025-10-27;LKOH:2025-08-18;MGNT:2025-05-01;MOEX:2025-03-16;MOEX:2026-02-16;MOEX:2025-06-30;NVTK:2025-02-03;ROSN:2025-01-27;ROSN:2025-08-14;SBER:2025-05-01;SBER:2025-03-31;SBER:2025-05-09;TATN:2025-04-12;TATN:2026-06-16;TATN:2025-04-22;TATN:2025-06-06
144	20260806:144	18	0.274264	-248664.2086	-23.0857	0	ALRS:2025-02-25;ALRS:2026-03-01;GAZP:2025-04-24;LKOH:2025-03-24;MGNT:2026-01-23;MOEX:2026-04-18;MOEX:2026-02-25;MOEX:2025-03-05;NVTK:2025-02-13;ROSN:2025-02-19;ROSN:2026-03-29;SBER:2025-06-16;SBER:2025-02-20;SBER:2026-03-11;TATN:2026-03-27;TATN:2025-06-19;TATN:2026-03-01;TATN:2025-04-20
145	20260806:145	18	0.370214	-304643.4550	-39.5735	0	ALRS:2025-04-14;ALRS:2025-04-29;GAZP:2026-04-10;LKOH:2025-03-20;MGNT:2026-03-26;MOEX:2025-04-27;MOEX:2025-04-14;MOEX:2026-03-10;NVTK:2025-09-24;ROSN:2026-04-21;ROSN:2026-04-01;SBER:2026-02-16;SBER:2025-05-20;SBER:2026-04-11;TATN:2026-03-15;TATN:2025-01-22;TATN:2026-05-12;TATN:2026-06-17
146	20260806:146	18	0.637895	-122954.3802	-125.1698	0	ALRS:2026-02-26;ALRS:2025-01-13;GAZP:2025-12-27;LKOH:2025-03-12;MGNT:2026-02-08;MOEX:2025-03-17;MOEX:2026-03-24;MOEX:2026-03-14;NVTK:2025-03-05;ROSN:2026-03-24;ROSN:2025-01-12;SBER:2025-02-25;SBER:2025-03-01;SBER:2025-06-18;TATN:2026-05-18;TATN:2026-05-22;TATN:2025-06-28;TATN:2026-02-15
147	20260806:147	18	0.992221	-2426.8434	-6620.1818	0	ALRS:2025-05-18;ALRS:2026-03-09;GAZP:2025-11-17;LKOH:2025-03-02;MGNT:2025-04-28;MOEX:2026-05-21;MOEX:2025-02-04;MOEX:2026-04-11;NVTK:2025-05-13;ROSN:2026-01-27;ROSN:2026-01-29;SBER:2026-06-15;SBER:2025-03-02;SBER:2025-12-07;TATN:2025-03-11;TATN:2026-03-16;TATN:2025-04-09;TATN:2026-01-30
148	20260806:148	18	0.922637	-27014.3507	-671.5067	0	ALRS:2025-01-16;ALRS:2026-01-29;GAZP:2026-03-14;LKOH:2025-03-31;MGNT:2025-03-04;MOEX:2025-02-27;MOEX:2025-02-13;MOEX:2026-03-02;NVTK:2026-02-26;ROSN:2026-03-08;ROSN:2025-10-17;SBER:2025-07-29;SBER:2026-07-08;SBER:2026-06-13;TATN:2025-07-28;TATN:2025-01-15;TATN:2025-02-03;TATN:2025-04-14
149	20260806:149	18	2.972415	317957.4896	49.7664	0	ALRS:2025-03-28;ALRS:2025-02-02;GAZP:2025-04-08;LKOH:2025-04-05;MGNT:2025-04-04;MOEX:2026-05-17;MOEX:2026-01-13;MOEX:2026-02-27;NVTK:2025-10-21;ROSN:2025-08-13;ROSN:2025-02-19;SBER:2026-03-09;SBER:2025-04-13;SBER:2025-04-03;TATN:2025-03-09;TATN:2025-07-08;TATN:2025-09-27;TATN:2026-03-15
150	20260806:150	18	0.568165	-171877.5023	-124.2147	0	ALRS:2025-02-25;ALRS:2025-09-17;GAZP:2025-01-23;LKOH:2026-03-29;MGNT:2025-04-29;MOEX:2026-06-01;MOEX:2026-03-27;MOEX:2026-01-24;NVTK:2026-05-06;ROSN:2026-04-02;ROSN:2025-09-29;SBER:2026-05-03;SBER:2026-02-01;SBER:2026-06-25;TATN:2025-04-16;TATN:2026-02-17;TATN:2025-09-27;TATN:2025-08-03
151	20260806:151	18	0.729407	-71666.0626	-110.2421	0	ALRS:2025-04-27;ALRS:2026-02-01;GAZP:2026-02-25;LKOH:2025-08-07;MGNT:2025-04-08;MOEX:2026-04-25;MOEX:2025-03-26;MOEX:2025-03-14;NVTK:2025-11-09;ROSN:2025-08-12;ROSN:2025-04-15;SBER:2025-09-15;SBER:2026-04-27;SBER:2025-07-27;TATN:2025-01-09;TATN:2025-06-23;TATN:2026-04-03;TATN:2025-03-19
152	20260806:152	18	0.279005	-346167.2644	-36.5316	0	ALRS:2026-02-03;ALRS:2026-01-26;GAZP:2025-12-15;LKOH:2026-03-31;MGNT:2025-03-20;MOEX:2025-02-04;MOEX:2025-05-18;MOEX:2025-12-16;NVTK:2025-06-13;ROSN:2025-02-20;ROSN:2026-04-16;SBER:2026-03-22;SBER:2025-03-10;SBER:2026-07-03;TATN:2025-08-20;TATN:2025-05-20;TATN:2026-04-07;TATN:2025-04-22
153	20260806:153	18	0.696291	-99775.9279	-177.5002	0	ALRS:2025-03-05;ALRS:2025-04-11;GAZP:2026-03-10;LKOH:2025-03-27;MGNT:2025-03-11;MOEX:2025-04-23;MOEX:2025-03-30;MOEX:2025-12-12;NVTK:2026-01-31;ROSN:2025-03-16;ROSN:2026-02-21;SBER:2025-01-14;SBER:2025-09-02;SBER:2026-06-16;TATN:2025-02-17;TATN:2026-04-11;TATN:2025-07-30;TATN:2025-05-26
154	20260806:154	18	0.650827	-174868.9206	-133.6960	0	ALRS:2025-05-03;ALRS:2025-02-28;GAZP:2026-05-12;LKOH:2026-03-18;MGNT:2025-02-11;MOEX:2026-05-17;MOEX:2025-05-13;MOEX:2025-02-09;NVTK:2025-10-13;ROSN:2025-03-30;ROSN:2025-03-16;SBER:2026-05-14;SBER:2026-05-02;SBER:2025-06-08;TATN:2025-06-30;TATN:2026-06-17;TATN:2026-02-09;TATN:2025-07-06
155	20260806:155	18	0.406972	-199748.0102	-34.3119	0	ALRS:2025-05-15;ALRS:2025-04-21;GAZP:2025-12-16;LKOH:2025-03-15;MGNT:2026-02-16;MOEX:2025-12-16;MOEX:2026-05-12;MOEX:2026-06-06;NVTK:2025-08-12;ROSN:2025-03-16;ROSN:2025-04-16;SBER:2025-05-25;SBER:2026-03-23;SBER:2026-04-04;TATN:2026-03-14;TATN:2025-05-14;TATN:2025-01-12;TATN:2025-01-22
156	20260806:156	18	0.349161	-300778.0957	-47.5124	0	ALRS:2025-09-12;ALRS:2026-03-02;GAZP:2025-05-07;LKOH:2025-05-01;MGNT:2026-03-08;MOEX:2026-04-17;MOEX:2025-12-15;MOEX:2025-04-10;NVTK:2025-09-11;ROSN:2025-08-22;ROSN:2026-04-08;SBER:2025-06-16;SBER:2025-07-20;SBER:2025-03-11;TATN:2025-02-16;TATN:2025-03-27;TATN:2025-09-27;TATN:2025-07-10
157	20260806:157	18	1.197878	48516.5004	377.5105	0	ALRS:2025-01-30;ALRS:2025-03-11;GAZP:2026-02-18;LKOH:2025-08-13;MGNT:2026-02-21;MOEX:2026-01-28;MOEX:2025-04-10;MOEX:2025-03-16;NVTK:2025-08-26;ROSN:2026-03-29;ROSN:2025-08-23;SBER:2025-06-04;SBER:2026-02-12;SBER:2026-06-11;TATN:2026-03-17;TATN:2026-03-27;TATN:2025-08-14;TATN:2026-02-26
158	20260806:158	18	1.639952	100816.9760	143.1736	0	ALRS:2025-04-16;ALRS:2025-04-03;GAZP:2025-11-17;LKOH:2025-04-20;MGNT:2025-02-10;MOEX:2026-01-25;MOEX:2026-03-30;MOEX:2026-05-11;NVTK:2025-05-30;ROSN:2025-04-03;ROSN:2025-04-25;SBER:2025-12-01;SBER:2025-07-13;SBER:2026-04-22;TATN:2025-07-10;TATN:2026-03-26;TATN:2025-04-12;TATN:2025-06-28
159	20260806:159	18	0.432345	-202983.5794	-45.9068	0	ALRS:2026-02-20;ALRS:2025-05-01;GAZP:2025-01-30;LKOH:2025-10-20;MGNT:2025-02-04;MOEX:2026-04-23;MOEX:2025-11-20;MOEX:2025-11-20;NVTK:2026-02-12;ROSN:2026-05-16;ROSN:2025-03-28;SBER:2025-11-30;SBER:2026-01-26;SBER:2025-05-06;TATN:2026-03-10;TATN:2025-05-13;TATN:2025-07-26;TATN:2025-02-26
160	20260806:160	18	0.500887	-200638.0014	-72.2139	0	ALRS:2025-02-11;ALRS:2025-04-12;GAZP:2025-03-16;LKOH:2025-08-17;MGNT:2026-02-15;MOEX:2025-03-11;MOEX:2026-01-25;MOEX:2026-03-25;NVTK:2025-07-02;ROSN:2026-04-23;ROSN:2026-04-14;SBER:2026-03-30;SBER:2026-05-11;SBER:2026-04-28;TATN:2026-02-17;TATN:2026-05-16;TATN:2025-03-26;TATN:2025-02-18
161	20260806:161	18	1.036229	8844.8499	1357.1086	0	ALRS:2026-02-07;ALRS:2025-01-19;GAZP:2026-02-17;LKOH:2025-01-05;MGNT:2026-03-08;MOEX:2026-03-02;MOEX:2025-04-20;MOEX:2025-04-04;NVTK:2025-09-01;ROSN:2025-03-16;ROSN:2025-04-15;SBER:2025-01-12;SBER:2025-01-09;SBER:2026-02-01;TATN:2025-08-06;TATN:2026-04-10;TATN:2026-03-04;TATN:2025-08-15
162	20260806:162	18	0.447969	-199235.8305	-75.1712	0	ALRS:2025-05-05;ALRS:2025-09-07;GAZP:2025-08-18;LKOH:2025-05-04;MGNT:2026-03-23;MOEX:2026-03-24;MOEX:2026-04-26;MOEX:2025-12-14;NVTK:2025-03-19;ROSN:2025-01-14;ROSN:2026-02-23;SBER:2025-11-28;SBER:2025-12-07;SBER:2026-04-17;TATN:2025-02-27;TATN:2025-02-10;TATN:2025-03-06;TATN:2025-06-18
163	20260806:163	18	0.281160	-272496.3732	-30.4066	0	ALRS:2026-03-01;ALRS:2025-09-12;GAZP:2025-12-25;LKOH:2025-02-03;MGNT:2026-03-08;MOEX:2026-03-25;MOEX:2025-11-24;MOEX:2026-01-22;NVTK:2025-04-24;ROSN:2025-02-09;ROSN:2025-10-17;SBER:2025-05-17;SBER:2025-08-22;SBER:2026-04-15;TATN:2025-05-04;TATN:2025-02-27;TATN:2026-05-15;TATN:2026-03-08
164	20260806:164	18	0.278863	-326018.3191	-29.4886	0	ALRS:2026-02-12;ALRS:2026-02-28;GAZP:2025-03-31;LKOH:2026-03-04;MGNT:2026-01-23;MOEX:2025-03-12;MOEX:2026-04-22;MOEX:2026-06-05;NVTK:2025-09-16;ROSN:2026-04-04;ROSN:2026-04-16;SBER:2025-07-12;SBER:2025-06-26;SBER:2026-03-11;TATN:2026-06-17;TATN:2025-03-01;TATN:2025-03-11;TATN:2025-04-07
165	20260806:165	18	1.562547	130121.9915	151.1693	0	ALRS:2026-03-05;ALRS:2025-02-17;GAZP:2026-02-12;LKOH:2025-02-05;MGNT:2025-04-14;MOEX:2025-02-06;MOEX:2026-04-05;MOEX:2026-02-08;NVTK:2025-04-09;ROSN:2025-08-11;ROSN:2026-04-03;SBER:2025-08-07;SBER:2026-02-01;SBER:2026-06-07;TATN:2026-04-07;TATN:2025-04-02;TATN:2025-08-05;TATN:2026-06-06
166	20260806:166	18	0.550682	-231834.0356	-78.8364	0	ALRS:2025-01-19;ALRS:2025-03-09;GAZP:2026-01-14;LKOH:2025-04-26;MGNT:2026-01-19;MOEX:2025-05-14;MOEX:2026-03-02;MOEX:2025-02-05;NVTK:2026-03-27;ROSN:2025-09-10;ROSN:2025-04-27;SBER:2026-01-29;SBER:2025-04-11;SBER:2025-07-29;TATN:2026-06-05;TATN:2026-06-06;TATN:2026-04-15;TATN:2025-02-11
167	20260806:167	18	0.010569	-385359.0175	-1.0682	0	ALRS:2026-03-04;ALRS:2026-03-10;GAZP:2026-03-01;LKOH:2025-02-19;MGNT:2026-02-26;MOEX:2026-05-29;MOEX:2026-02-06;MOEX:2026-06-03;NVTK:2026-05-10;ROSN:2025-09-05;ROSN:2025-08-28;SBER:2025-08-16;SBER:2026-05-16;SBER:2025-05-20;TATN:2025-02-02;TATN:2025-07-27;TATN:2025-05-14;TATN:2025-02-09
168	20260806:168	18	1.049102	13906.8258	942.5000	0	ALRS:2026-02-10;ALRS:2025-03-26;GAZP:2025-01-14;LKOH:2025-03-13;MGNT:2025-04-11;MOEX:2025-04-05;MOEX:2026-04-24;MOEX:2026-04-01;NVTK:2026-03-22;ROSN:2025-09-06;ROSN:2025-04-13;SBER:2025-05-28;SBER:2026-02-18;SBER:2026-01-26;TATN:2026-03-13;TATN:2026-05-01;TATN:2026-01-29;TATN:2026-05-03
169	20260806:169	18	0.807974	-65373.2902	-287.2026	0	ALRS:2025-08-16;ALRS:2025-03-09;GAZP:2025-07-28;LKOH:2026-03-30;MGNT:2025-05-07;MOEX:2026-01-24;MOEX:2026-01-14;MOEX:2025-05-15;NVTK:2025-05-27;ROSN:2025-02-16;ROSN:2026-04-16;SBER:2025-07-15;SBER:2025-04-14;SBER:2026-01-30;TATN:2025-02-19;TATN:2026-04-16;TATN:2025-04-15;TATN:2025-08-06
170	20260806:170	18	0.077073	-418717.6640	-6.4011	0	ALRS:2026-02-19;ALRS:2025-03-24;GAZP:2026-05-02;LKOH:2026-04-11;MGNT:2026-03-29;MOEX:2025-02-28;MOEX:2025-05-03;MOEX:2025-02-23;NVTK:2025-11-29;ROSN:2025-09-07;ROSN:2025-03-20;SBER:2025-03-02;SBER:2025-09-06;SBER:2025-04-01;TATN:2025-03-11;TATN:2026-06-09;TATN:2025-03-06;TATN:2025-11-20
171	20260806:171	18	0.226370	-333823.0101	-21.3089	0	ALRS:2025-08-15;ALRS:2025-02-27;GAZP:2026-01-07;LKOH:2025-08-29;MGNT:2025-02-11;MOEX:2025-03-25;MOEX:2025-04-29;MOEX:2025-04-26;NVTK:2025-05-09;ROSN:2025-04-29;ROSN:2025-08-04;SBER:2026-02-22;SBER:2026-03-22;SBER:2025-11-29;TATN:2026-04-25;TATN:2025-07-22;TATN:2025-03-24;TATN:2025-03-17
172	20260806:172	18	0.549192	-118816.6986	-74.8656	0	ALRS:2025-09-14;ALRS:2026-03-14;GAZP:2025-11-09;LKOH:2025-08-13;MGNT:2026-03-26;MOEX:2026-05-28;MOEX:2026-03-13;MOEX:2026-02-27;NVTK:2025-01-28;ROSN:2026-04-17;ROSN:2025-04-12;SBER:2025-09-01;SBER:2026-03-24;SBER:2025-02-25;TATN:2026-04-07;TATN:2025-06-22;TATN:2025-02-02;TATN:2025-03-06
173	20260806:173	18	0.286902	-312739.7649	-21.9082	0	ALRS:2025-05-12;ALRS:2026-02-17;GAZP:2025-04-11;LKOH:2026-03-02;MGNT:2025-03-31;MOEX:2026-04-02;MOEX:2025-01-21;MOEX:2025-02-26;NVTK:2026-04-06;ROSN:2026-03-12;ROSN:2025-08-10;SBER:2026-07-11;SBER:2025-07-20;SBER:2025-09-16;TATN:2025-06-16;TATN:2026-03-11;TATN:2026-05-31;TATN:2025-04-09
174	20260806:174	18	0.294415	-302485.2892	-27.7536	0	ALRS:2025-09-13;ALRS:2025-08-11;GAZP:2025-10-17;LKOH:2025-02-16;MGNT:2026-03-09;MOEX:2026-05-19;MOEX:2025-03-17;MOEX:2026-02-11;NVTK:2025-03-17;ROSN:2025-03-09;ROSN:2026-05-04;SBER:2026-03-13;SBER:2026-03-27;SBER:2025-05-07;TATN:2026-01-31;TATN:2026-03-15;TATN:2025-08-13;TATN:2025-03-15
175	20260806:175	18	0.545240	-155703.8008	-83.6118	0	ALRS:2025-09-14;ALRS:2025-04-29;GAZP:2025-10-27;LKOH:2025-05-03;MGNT:2025-02-06;MOEX:2025-03-26;MOEX:2026-02-21;MOEX:2025-02-24;NVTK:2025-12-28;ROSN:2025-09-09;ROSN:2026-05-01;SBER:2025-05-18;SBER:2025-09-04;SBER:2025-01-07;TATN:2025-05-01;TATN:2025-02-18;TATN:2025-01-15;TATN:2026-06-21
176	20260806:176	18	0.352537	-206078.5098	-27.6613	0	ALRS:2026-03-17;ALRS:2025-08-26;GAZP:2025-03-30;LKOH:2025-09-27;MGNT:2026-02-17;MOEX:2025-03-19;MOEX:2025-03-26;MOEX:2026-05-28;NVTK:2025-04-20;ROSN:2025-04-13;ROSN:2026-03-29;SBER:2025-05-25;SBER:2025-04-24;SBER:2026-04-12;TATN:2025-06-13;TATN:2025-01-13;TATN:2026-04-17;TATN:2025-08-15
177	20260806:177	18	0.447117	-161768.4497	-55.7429	0	ALRS:2025-05-13;ALRS:2025-08-13;GAZP:2025-04-28;LKOH:2025-05-04;MGNT:2025-03-16;MOEX:2026-04-20;MOEX:2026-05-28;MOEX:2026-02-15;NVTK:2025-11-27;ROSN:2025-09-14;ROSN:2025-10-16;SBER:2026-06-29;SBER:2026-03-10;SBER:2025-12-01;TATN:2025-02-02;TATN:2026-05-07;TATN:2025-07-03;TATN:2025-01-23
178	20260806:178	18	0.364260	-205038.0004	-42.6418	0	ALRS:2026-02-10;ALRS:2025-08-18;GAZP:2025-08-15;LKOH:2025-04-26;MGNT:2025-04-13;MOEX:2026-06-14;MOEX:2025-05-09;MOEX:2025-05-03;NVTK:2025-02-18;ROSN:2025-01-22;ROSN:2025-10-08;SBER:2025-05-05;SBER:2025-09-21;SBER:2026-05-24;TATN:2025-03-02;TATN:2026-03-16;TATN:2026-03-18;TATN:2025-03-14
179	20260806:179	18	0.762045	-68243.4502	-255.1051	0	ALRS:2025-03-13;ALRS:2026-02-25;GAZP:2025-04-26;LKOH:2025-05-14;MGNT:2025-03-10;MOEX:2026-05-28;MOEX:2025-02-02;MOEX:2025-11-25;NVTK:2025-08-18;ROSN:2025-04-28;ROSN:2025-01-30;SBER:2025-06-16;SBER:2025-05-29;SBER:2025-04-20;TATN:2025-04-12;TATN:2025-04-16;TATN:2025-06-24;TATN:2026-04-15
180	20260806:180	18	0.404683	-185525.7155	-42.5995	0	ALRS:2026-02-21;ALRS:2026-02-04;GAZP:2026-03-26;LKOH:2025-02-20;MGNT:2026-02-09;MOEX:2026-05-17;MOEX:2026-03-16;MOEX:2025-04-01;NVTK:2025-04-15;ROSN:2025-01-13;ROSN:2025-03-20;SBER:2026-06-30;SBER:2026-04-26;SBER:2026-02-16;TATN:2026-04-18;TATN:2025-07-22;TATN:2025-02-20;TATN:2025-03-10
181	20260806:181	18	0.511192	-204909.6172	-77.5340	0	ALRS:2025-09-17;ALRS:2025-09-08;GAZP:2025-10-19;LKOH:2025-01-12;MGNT:2025-03-02;MOEX:2025-01-28;MOEX:2025-04-16;MOEX:2026-03-14;NVTK:2025-11-26;ROSN:2026-04-25;ROSN:2026-02-20;SBER:2026-01-18;SBER:2025-03-15;SBER:2025-07-08;TATN:2025-01-12;TATN:2026-06-04;TATN:2025-03-03;TATN:2026-05-28
182	20260806:182	18	0.334753	-364259.1127	-34.4636	0	ALRS:2025-04-28;ALRS:2025-01-21;GAZP:2025-02-25;LKOH:2025-02-11;MGNT:2025-02-02;MOEX:2026-02-08;MOEX:2025-03-10;MOEX:2025-12-26;NVTK:2026-04-02;ROSN:2025-03-11;ROSN:2026-05-04;SBER:2025-04-15;SBER:2026-02-04;SBER:2026-06-22;TATN:2025-08-22;TATN:2025-05-04;TATN:2026-04-25;TATN:2025-08-20
183	20260806:183	18	0.567938	-174028.5117	-71.1181	0	ALRS:2025-02-26;ALRS:2025-04-10;GAZP:2026-05-19;LKOH:2026-03-27;MGNT:2026-01-27;MOEX:2025-04-13;MOEX:2025-04-04;MOEX:2025-03-24;NVTK:2026-03-17;ROSN:2026-04-26;ROSN:2025-02-04;SBER:2025-06-08;SBER:2026-07-04;SBER:2025-08-12;TATN:2025-06-29;TATN:2026-05-20;TATN:2025-01-20;TATN:2025-05-02
184	20260806:184	18	0.616519	-168537.5278	-99.5955	0	ALRS:2025-01-27;ALRS:2025-05-06;GAZP:2025-11-02;LKOH:2025-04-02;MGNT:2025-05-14;MOEX:2026-01-26;MOEX:2026-04-24;MOEX:2025-04-22;NVTK:2025-12-07;ROSN:2025-04-29;ROSN:2025-04-23;SBER:2025-05-17;SBER:2026-02-08;SBER:2025-02-28;TATN:2025-08-15;TATN:2026-04-25;TATN:2025-03-27;TATN:2026-03-28
185	20260806:185	18	1.376408	104303.2549	206.2747	0	ALRS:2026-01-31;ALRS:2026-02-23;GAZP:2025-08-06;LKOH:2025-10-16;MGNT:2026-04-16;MOEX:2026-06-11;MOEX:2025-04-14;MOEX:2026-01-29;NVTK:2025-02-03;ROSN:2026-04-13;ROSN:2025-03-05;SBER:2026-03-04;SBER:2025-02-04;SBER:2025-11-23;TATN:2025-03-16;TATN:2025-04-12;TATN:2026-02-22;TATN:2025-04-22
186	20260806:186	18	0.827782	-66820.9337	-270.7699	0	ALRS:2025-01-20;ALRS:2025-05-02;GAZP:2025-12-10;LKOH:2025-04-06;MGNT:2025-01-30;MOEX:2026-06-10;MOEX:2025-03-09;MOEX:2025-05-11;NVTK:2026-04-07;ROSN:2025-03-10;ROSN:2025-02-17;SBER:2026-07-08;SBER:2025-03-09;SBER:2025-05-01;TATN:2026-01-29;TATN:2026-02-16;TATN:2026-04-16;TATN:2025-08-06
187	20260806:187	18	0.041845	-617181.4333	-4.3673	0	ALRS:2025-03-10;ALRS:2026-01-31;GAZP:2025-09-10;LKOH:2025-04-02;MGNT:2025-03-23;MOEX:2026-03-04;MOEX:2026-02-19;MOEX:2026-04-22;NVTK:2025-08-12;ROSN:2026-04-07;ROSN:2026-03-26;SBER:2025-12-01;SBER:2026-05-26;SBER:2026-07-06;TATN:2025-05-19;TATN:2025-05-01;TATN:2026-06-15;TATN:2026-06-03
188	20260806:188	18	0.942646	-12136.9015	-640.9643	0	ALRS:2025-08-27;ALRS:2025-04-29;GAZP:2025-04-12;LKOH:2025-01-08;MGNT:2025-02-09;MOEX:2026-04-14;MOEX:2026-06-15;MOEX:2025-04-02;NVTK:2026-02-01;ROSN:2026-04-14;ROSN:2025-08-12;SBER:2025-07-17;SBER:2025-06-13;SBER:2026-03-16;TATN:2025-08-11;TATN:2025-04-17;TATN:2026-05-18;TATN:2025-07-19
189	20260806:189	18	0.478098	-259327.2450	-81.1349	0	ALRS:2026-03-03;ALRS:2025-03-24;GAZP:2025-07-24;LKOH:2025-02-26;MGNT:2026-04-04;MOEX:2025-12-14;MOEX:2025-03-23;MOEX:2026-03-22;NVTK:2026-01-26;ROSN:2026-04-14;ROSN:2026-02-28;SBER:2025-07-24;SBER:2025-05-19;SBER:2026-04-19;TATN:2025-07-29;TATN:2025-06-03;TATN:2026-01-31;TATN:2026-06-16
190	20260806:190	18	2.404580	285829.2576	85.9183	0	ALRS:2025-05-07;ALRS:2025-04-09;GAZP:2025-03-11;LKOH:2025-04-13;MGNT:2025-02-26;MOEX:2026-05-21;MOEX:2026-03-18;MOEX:2026-01-27;NVTK:2025-12-02;ROSN:2025-08-31;ROSN:2025-09-18;SBER:2025-01-29;SBER:2025-01-26;SBER:2025-04-13;TATN:2026-02-22;TATN:2025-04-10;TATN:2025-05-05;TATN:2025-04-08
191	20260806:191	18	0.112730	-412269.1533	-10.7856	0	ALRS:2026-02-10;ALRS:2025-04-13;GAZP:2025-07-23;LKOH:2025-02-23;MGNT:2025-03-01;MOEX:2026-06-08;MOEX:2025-12-25;MOEX:2026-05-19;NVTK:2025-05-15;ROSN:2026-05-20;ROSN:2026-05-29;SBER:2026-03-23;SBER:2025-09-04;SBER:2025-08-25;TATN:2026-04-23;TATN:2025-02-23;TATN:2025-06-30;TATN:2025-01-27
192	20260806:192	18	0.651234	-114945.5650	-121.6238	0	ALRS:2025-09-14;ALRS:2025-02-20;GAZP:2026-03-09;LKOH:2025-05-03;MGNT:2026-02-23;MOEX:2025-12-26;MOEX:2026-05-23;MOEX:2025-03-28;NVTK:2025-10-21;ROSN:2025-08-22;ROSN:2025-08-25;SBER:2026-02-24;SBER:2026-04-13;SBER:2026-07-03;TATN:2026-04-20;TATN:2025-02-25;TATN:2025-05-03;TATN:2025-08-04
193	20260806:193	18	3.307658	361563.4551	61.7640	0	ALRS:2025-04-03;ALRS:2025-01-20;GAZP:2025-02-19;LKOH:2026-03-17;MGNT:2026-01-23;MOEX:2025-02-28;MOEX:2025-02-02;MOEX:2026-06-04;NVTK:2025-02-03;ROSN:2025-09-17;ROSN:2025-04-09;SBER:2025-02-26;SBER:2026-03-24;SBER:2025-01-23;TATN:2026-03-02;TATN:2025-06-14;TATN:2025-07-25;TATN:2026-02-27
194	20260806:194	18	0.568941	-147338.7236	-70.3069	0	ALRS:2025-04-01;ALRS:2025-04-17;GAZP:2025-04-13;LKOH:2025-03-06;MGNT:2025-02-27;MOEX:2025-07-01;MOEX:2026-02-12;MOEX:2025-05-20;NVTK:2025-12-14;ROSN:2025-09-21;ROSN:2025-02-06;SBER:2025-02-24;SBER:2026-06-04;SBER:2026-06-10;TATN:2025-08-16;TATN:2025-03-29;TATN:2025-05-25;TATN:2025-01-08
195	20260806:195	18	0.546664	-145473.5857	-107.4894	0	ALRS:2025-01-15;ALRS:2025-03-03;GAZP:2025-08-04;LKOH:2025-03-09;MGNT:2026-01-21;MOEX:2026-03-26;MOEX:2025-12-20;MOEX:2025-03-18;NVTK:2025-05-30;ROSN:2025-09-15;ROSN:2025-01-23;SBER:2026-01-24;SBER:2026-06-09;SBER:2025-03-18;TATN:2025-11-20;TATN:2026-03-25;TATN:2025-08-22;TATN:2026-04-16
196	20260806:196	18	0.313149	-286809.5936	-29.0539	0	ALRS:2025-05-13;ALRS:2025-09-17;GAZP:2025-08-18;LKOH:2025-03-18;MGNT:2025-04-23;MOEX:2025-03-02;MOEX:2026-05-12;MOEX:2025-12-19;NVTK:2026-01-20;ROSN:2026-05-31;ROSN:2025-08-12;SBER:2025-08-27;SBER:2026-05-02;SBER:2025-11-28;TATN:2025-02-13;TATN:2025-05-06;TATN:2025-01-08;TATN:2025-05-09
197	20260806:197	18	1.066901	21498.6874	1005.5135	0	ALRS:2025-08-05;ALRS:2026-03-15;GAZP:2025-02-06;LKOH:2025-02-12;MGNT:2025-02-06;MOEX:2026-06-06;MOEX:2025-03-28;MOEX:2026-04-02;NVTK:2025-05-09;ROSN:2026-05-13;ROSN:2025-03-17;SBER:2026-06-26;SBER:2026-06-18;SBER:2026-04-29;TATN:2025-04-17;TATN:2025-04-16;TATN:2025-06-26;TATN:2025-05-10
198	20260806:198	18	0.190608	-343632.5942	-19.7873	0	ALRS:2026-02-25;ALRS:2025-03-12;GAZP:2025-12-01;LKOH:2026-03-16;MGNT:2026-02-11;MOEX:2025-07-01;MOEX:2025-05-11;MOEX:2026-02-16;NVTK:2025-09-27;ROSN:2025-09-21;ROSN:2026-01-31;SBER:2025-05-25;SBER:2025-02-25;SBER:2025-08-18;TATN:2025-06-16;TATN:2025-08-20;TATN:2025-03-09;TATN:2025-04-27
199	20260806:199	18	0.793910	-71262.3001	-241.4489	0	ALRS:2025-08-16;ALRS:2025-02-16;GAZP:2025-11-07;LKOH:2025-03-26;MGNT:2025-02-18;MOEX:2025-04-29;MOEX:2026-04-24;MOEX:2026-02-12;NVTK:2025-11-12;ROSN:2026-03-26;ROSN:2026-02-28;SBER:2025-07-08;SBER:2025-06-13;SBER:2025-03-24;TATN:2025-06-27;TATN:2025-09-29;TATN:2025-05-22;TATN:2025-07-08
200	20260806:200	18	0.350732	-258568.0014	-35.2571	0	ALRS:2025-03-12;ALRS:2025-01-20;GAZP:2025-03-26;LKOH:2026-04-02;MGNT:2026-02-06;MOEX:2025-05-14;MOEX:2026-03-17;MOEX:2025-06-30;NVTK:2026-04-07;ROSN:2025-09-06;ROSN:2025-08-17;SBER:2025-07-24;SBER:2025-04-29;SBER:2026-06-05;TATN:2025-03-23;TATN:2025-03-26;TATN:2025-02-06;TATN:2025-06-05
201	20260806:201	18	0.233902	-379718.5828	-30.5316	0	ALRS:2025-01-21;ALRS:2025-09-14;GAZP:2025-03-06;LKOH:2025-04-06;MGNT:2025-04-20;MOEX:2026-05-22;MOEX:2026-05-20;MOEX:2026-02-02;NVTK:2026-05-16;ROSN:2025-08-21;ROSN:2026-03-17;SBER:2026-05-11;SBER:2026-06-18;SBER:2025-08-19;TATN:2026-06-12;TATN:2025-11-19;TATN:2026-01-31;TATN:2025-07-21
202	20260806:202	18	0.376800	-282454.9711	-38.4480	0	ALRS:2025-03-27;ALRS:2025-01-21;GAZP:2025-01-07;LKOH:2026-03-18;MGNT:2026-03-28;MOEX:2026-04-11;MOEX:2025-03-30;MOEX:2026-03-17;NVTK:2026-05-11;ROSN:2026-05-17;ROSN:2025-08-18;SBER:2025-09-04;SBER:2025-06-15;SBER:2025-06-17;TATN:2025-08-17;TATN:2026-05-20;TATN:2026-04-04;TATN:2025-04-16
203	20260806:203	18	0.724435	-88617.3774	-181.6274	0	ALRS:2026-03-02;ALRS:2025-05-14;GAZP:2025-05-28;LKOH:2026-03-14;MGNT:2026-02-27;MOEX:2025-04-05;MOEX:2026-01-21;MOEX:2026-02-28;NVTK:2026-02-02;ROSN:2026-05-27;ROSN:2025-10-06;SBER:2025-05-07;SBER:2025-11-23;SBER:2026-06-25;TATN:2025-05-15;TATN:2025-08-12;TATN:2026-02-17;TATN:2025-04-23
204	20260806:204	18	0.389026	-288359.7786	-47.4392	0	ALRS:2025-09-15;ALRS:2026-02-08;GAZP:2026-04-04;LKOH:2026-04-11;MGNT:2025-03-30;MOEX:2025-03-17;MOEX:2025-05-01;MOEX:2025-02-09;NVTK:2026-02-07;ROSN:2026-05-27;ROSN:2026-05-24;SBER:2025-07-12;SBER:2025-04-02;SBER:2026-03-02;TATN:2025-01-07;TATN:2025-05-03;TATN:2025-05-19;TATN:2026-04-12
205	20260806:205	18	1.272546	97277.5621	246.0997	0	ALRS:2026-03-15;ALRS:2026-02-26;GAZP:2025-03-27;LKOH:2025-02-04;MGNT:2025-03-10;MOEX:2025-03-17;MOEX:2026-03-15;MOEX:2025-05-19;NVTK:2025-01-12;ROSN:2025-10-06;ROSN:2025-08-12;SBER:2025-08-07;SBER:2026-02-28;SBER:2025-07-25;TATN:2026-02-23;TATN:2026-02-15;TATN:2025-07-05;TATN:2026-02-16
206	20260806:206	18	0.258142	-351949.1163	-26.4394	0	ALRS:2025-08-14;ALRS:2025-04-08;GAZP:2025-11-28;LKOH:2026-03-02;MGNT:2026-03-11;MOEX:2025-03-10;MOEX:2026-06-02;MOEX:2026-04-11;NVTK:2026-02-11;ROSN:2026-03-29;ROSN:2026-03-28;SBER:2026-07-07;SBER:2026-02-19;SBER:2026-07-06;TATN:2025-01-19;TATN:2026-05-27;TATN:2025-07-07;TATN:2025-04-20
207	20260806:207	18	0.299841	-346266.2952	-29.8050	0	ALRS:2025-03-27;ALRS:2026-02-20;GAZP:2025-03-29;LKOH:2026-03-03;MGNT:2025-05-12;MOEX:2026-03-19;MOEX:2026-03-22;MOEX:2025-04-07;NVTK:2025-02-28;ROSN:2025-01-09;ROSN:2026-04-22;SBER:2026-05-24;SBER:2026-04-03;SBER:2025-04-27;TATN:2025-02-23;TATN:2025-03-10;TATN:2025-05-03;TATN:2025-02-03
208	20260806:208	18	0.275270	-315271.4329	-28.5962	0	ALRS:2025-04-05;ALRS:2026-03-09;GAZP:2025-11-09;LKOH:2025-04-16;MGNT:2025-03-04;MOEX:2026-06-11;MOEX:2025-02-26;MOEX:2026-02-10;NVTK:2026-05-07;ROSN:2025-03-31;ROSN:2025-02-17;SBER:2026-03-22;SBER:2025-03-28;SBER:2025-05-18;TATN:2025-05-21;TATN:2025-08-19;TATN:2025-04-14;TATN:2025-03-31
209	20260806:209	18	1.117271	28842.5937	641.5366	0	ALRS:2025-02-18;ALRS:2025-01-23;GAZP:2025-11-04;LKOH:2025-04-22;MGNT:2025-05-09;MOEX:2026-04-08;MOEX:2025-04-27;MOEX:2026-03-05;NVTK:2026-01-18;ROSN:2026-01-31;ROSN:2025-08-12;SBER:2025-06-03;SBER:2026-04-12;SBER:2026-06-22;TATN:2025-01-27;TATN:2025-05-03;TATN:2026-03-02;TATN:2025-01-19
210	20260806:210	18	0.859672	-37218.1068	-417.7192	0	ALRS:2025-08-13;ALRS:2026-03-01;GAZP:2025-03-23;LKOH:2025-08-13;MGNT:2026-02-02;MOEX:2026-04-07;MOEX:2026-03-27;MOEX:2025-05-05;NVTK:2025-11-23;ROSN:2026-05-07;ROSN:2025-09-08;SBER:2026-05-29;SBER:2026-04-27;SBER:2026-02-19;TATN:2026-05-01;TATN:2026-02-27;TATN:2025-03-02;TATN:2025-04-27
211	20260806:211	18	0.801888	-65964.9995	-296.0613	0	ALRS:2025-01-27;ALRS:2025-04-25;GAZP:2026-05-01;LKOH:2025-05-04;MGNT:2025-03-12;MOEX:2026-04-05;MOEX:2025-12-19;MOEX:2025-05-07;NVTK:2025-08-12;ROSN:2025-10-05;ROSN:2026-04-04;SBER:2025-01-27;SBER:2025-05-11;SBER:2025-08-04;TATN:2025-07-27;TATN:2026-04-05;TATN:2025-03-12;TATN:2025-07-05
212	20260806:212	18	0.405666	-288837.9226	-36.7705	0	ALRS:2025-02-09;ALRS:2025-03-01;GAZP:2025-03-17;LKOH:2025-04-23;MGNT:2025-04-27;MOEX:2025-03-31;MOEX:2026-05-11;MOEX:2026-06-03;NVTK:2026-02-26;ROSN:2025-03-24;ROSN:2025-03-15;SBER:2026-05-13;SBER:2025-05-13;SBER:2025-01-14;TATN:2026-06-01;TATN:2026-05-24;TATN:2026-06-21;TATN:2025-06-23
213	20260806:213	18	1.060131	18257.1814	614.9906	0	ALRS:2025-05-09;ALRS:2025-08-23;GAZP:2025-05-20;LKOH:2026-03-29;MGNT:2025-02-09;MOEX:2026-04-02;MOEX:2026-03-19;MOEX:2026-01-13;NVTK:2026-02-08;ROSN:2025-01-07;ROSN:2025-04-09;SBER:2026-03-29;SBER:2025-04-05;SBER:2025-08-29;TATN:2026-03-11;TATN:2026-05-25;TATN:2025-05-05;TATN:2025-05-09
214	20260806:214	18	0.849612	-59022.1404	-322.8852	0	ALRS:2025-01-16;ALRS:2025-01-19;GAZP:2026-02-28;LKOH:2025-10-20;MGNT:2026-04-04;MOEX:2025-02-25;MOEX:2026-04-03;MOEX:2026-04-20;NVTK:2026-05-02;ROSN:2026-05-07;ROSN:2026-05-29;SBER:2025-02-09;SBER:2025-06-16;SBER:2026-06-21;TATN:2025-02-11;TATN:2026-05-19;TATN:2026-02-23;TATN:2025-02-12
215	20260806:215	18	0.294615	-257372.2351	-31.4252	0	ALRS:2025-01-19;ALRS:2025-03-31;GAZP:2026-04-02;LKOH:2025-03-29;MGNT:2025-04-14;MOEX:2025-12-11;MOEX:2026-04-13;MOEX:2026-04-22;NVTK:2026-05-05;ROSN:2026-03-28;ROSN:2026-04-01;SBER:2026-03-19;SBER:2026-05-01;SBER:2026-02-22;TATN:2025-01-13;TATN:2025-05-01;TATN:2026-03-26;TATN:2025-01-20
216	20260806:216	18	1.176071	70736.4069	332.0125	0	ALRS:2025-04-01;ALRS:2025-01-26;GAZP:2026-02-16;LKOH:2025-02-24;MGNT:2026-01-25;MOEX:2025-02-26;MOEX:2025-12-12;MOEX:2025-02-25;NVTK:2026-05-10;ROSN:2025-09-29;ROSN:2026-04-28;SBER:2025-04-08;SBER:2026-06-15;SBER:2025-04-28;TATN:2026-02-21;TATN:2026-02-15;TATN:2025-04-05;TATN:2025-05-09
217	20260806:217	18	1.429702	112921.4353	165.6472	0	ALRS:2025-03-04;ALRS:2025-01-26;GAZP:2025-10-17;LKOH:2025-04-24;MGNT:2025-02-17;MOEX:2025-02-13;MOEX:2026-01-27;MOEX:2025-04-12;NVTK:2026-05-06;ROSN:2026-04-29;ROSN:2026-04-06;SBER:2025-03-01;SBER:2026-01-25;SBER:2026-05-27;TATN:2025-04-27;TATN:2025-02-28;TATN:2025-04-04;TATN:2025-08-03
218	20260806:218	18	0.324714	-314181.2980	-38.1046	0	ALRS:2025-03-25;ALRS:2026-01-28;GAZP:2025-01-23;LKOH:2026-03-08;MGNT:2025-02-20;MOEX:2025-12-22;MOEX:2026-03-14;MOEX:2025-02-13;NVTK:2025-08-25;ROSN:2026-05-19;ROSN:2025-04-02;SBER:2026-03-14;SBER:2025-04-04;SBER:2026-06-17;TATN:2025-04-10;TATN:2026-06-18;TATN:2025-03-03;TATN:2025-04-12
219	20260806:219	18	0.413022	-231511.9349	-36.0244	0	ALRS:2025-05-11;ALRS:2025-03-13;GAZP:2026-01-15;LKOH:2025-02-11;MGNT:2025-02-04;MOEX:2026-04-17;MOEX:2026-03-12;MOEX:2025-03-15;NVTK:2025-10-28;ROSN:2025-10-15;ROSN:2025-01-27;SBER:2026-03-31;SBER:2026-06-03;SBER:2025-12-12;TATN:2025-04-29;TATN:2025-04-09;TATN:2025-08-10;TATN:2025-04-29
220	20260806:220	18	1.381843	124912.3580	178.1336	0	ALRS:2025-01-13;ALRS:2025-09-09;GAZP:2025-03-15;LKOH:2025-02-20;MGNT:2026-03-17;MOEX:2025-04-04;MOEX:2025-01-21;MOEX:2026-04-22;NVTK:2025-10-06;ROSN:2026-02-26;ROSN:2026-04-30;SBER:2025-01-20;SBER:2025-01-13;SBER:2025-03-29;TATN:2026-05-01;TATN:2025-05-01;TATN:2025-01-08;TATN:2025-04-12
221	20260806:221	18	0.276878	-304780.0659	-26.3143	0	ALRS:2025-03-20;ALRS:2025-08-16;GAZP:2025-11-17;LKOH:2025-05-11;MGNT:2025-02-26;MOEX:2025-03-02;MOEX:2026-06-03;MOEX:2026-02-25;NVTK:2025-03-10;ROSN:2025-09-06;ROSN:2026-03-03;SBER:2026-06-16;SBER:2025-09-21;SBER:2026-06-05;TATN:2026-03-03;TATN:2025-02-11;TATN:2025-08-14;TATN:2025-09-28
222	20260806:222	18	0.267219	-244345.6289	-22.4810	0	ALRS:2025-03-26;ALRS:2025-08-22;GAZP:2026-02-10;LKOH:2026-04-04;MGNT:2025-04-16;MOEX:2025-11-20;MOEX:2026-06-04;MOEX:2025-04-27;NVTK:2026-02-28;ROSN:2025-02-24;ROSN:2025-08-12;SBER:2025-11-23;SBER:2025-12-09;SBER:2025-11-19;TATN:2025-07-27;TATN:2025-05-20;TATN:2025-04-10;TATN:2025-06-13
223	20260806:223	18	0.517366	-203768.1980	-78.8195	0	ALRS:2026-02-01;ALRS:2026-01-27;GAZP:2026-05-15;LKOH:2025-02-18;MGNT:2026-02-11;MOEX:2026-04-11;MOEX:2025-05-10;MOEX:2026-02-19;NVTK:2025-06-30;ROSN:2026-05-13;ROSN:2026-04-05;SBER:2025-03-25;SBER:2025-03-30;SBER:2025-07-26;TATN:2025-07-31;TATN:2026-04-23;TATN:2025-03-31;TATN:2025-03-14
224	20260806:224	18	0.725778	-76328.9607	-118.7478	0	ALRS:2025-02-11;ALRS:2025-04-21;GAZP:2025-05-31;LKOH:2026-03-03;MGNT:2025-03-03;MOEX:2025-02-13;MOEX:2026-02-18;MOEX:2025-05-09;NVTK:2026-02-18;ROSN:2025-02-18;ROSN:2025-04-13;SBER:2026-04-05;SBER:2026-06-08;SBER:2026-04-26;TATN:2025-01-14;TATN:2025-03-30;TATN:2026-05-26;TATN:2025-08-05
225	20260806:225	18	0.299200	-273721.0133	-31.8121	0	ALRS:2025-03-29;ALRS:2025-05-15;GAZP:2026-02-05;LKOH:2025-05-06;MGNT:2025-03-17;MOEX:2026-03-10;MOEX:2025-03-11;MOEX:2026-03-05;NVTK:2025-06-30;ROSN:2026-03-08;ROSN:2025-08-04;SBER:2025-07-31;SBER:2025-03-31;SBER:2026-03-10;TATN:2025-05-22;TATN:2025-03-01;TATN:2025-04-13;TATN:2026-03-02
226	20260806:226	18	0.340681	-297266.8581	-47.5935	0	ALRS:2025-04-03;ALRS:2026-02-01;GAZP:2025-08-26;LKOH:2025-10-18;MGNT:2025-03-23;MOEX:2025-02-23;MOEX:2025-03-11;MOEX:2025-03-24;NVTK:2025-02-19;ROSN:2026-04-21;ROSN:2026-03-14;SBER:2026-06-25;SBER:2025-05-27;SBER:2025-05-06;TATN:2025-11-20;TATN:2026-02-21;TATN:2025-06-04;TATN:2025-05-16
227	20260806:227	18	0.091817	-434826.2770	-9.6239	0	ALRS:2025-02-27;ALRS:2026-02-08;GAZP:2026-05-12;LKOH:2025-08-28;MGNT:2025-03-30;MOEX:2026-06-02;MOEX:2026-06-03;MOEX:2026-01-21;NVTK:2026-03-18;ROSN:2026-03-30;ROSN:2025-01-02;SBER:2026-04-30;SBER:2025-03-19;SBER:2025-06-09;TATN:2026-06-12;TATN:2025-03-01;TATN:2025-07-26;TATN:2026-04-02
228	20260806:228	18	0.621672	-150571.6295	-122.8992	0	ALRS:2026-01-31;ALRS:2025-04-09;GAZP:2026-04-27;LKOH:2026-03-31;MGNT:2026-04-14;MOEX:2025-12-11;MOEX:2025-03-20;MOEX:2025-02-12;NVTK:2025-05-13;ROSN:2025-01-09;ROSN:2025-08-26;SBER:2025-01-21;SBER:2026-07-08;SBER:2025-01-19;TATN:2026-03-29;TATN:2025-02-16;TATN:2025-06-22;TATN:2025-07-08
229	20260806:229	18	0.526091	-169515.2000	-82.8523	0	ALRS:2025-04-25;ALRS:2025-01-14;GAZP:2025-03-03;LKOH:2025-03-14;MGNT:2026-02-24;MOEX:2026-01-25;MOEX:2026-04-25;MOEX:2026-01-18;NVTK:2025-11-11;ROSN:2026-05-03;ROSN:2025-09-06;SBER:2026-01-18;SBER:2026-05-01;SBER:2026-04-25;TATN:2025-03-14;TATN:2026-05-30;TATN:2026-02-18;TATN:2025-03-23
230	20260806:230	18	0.281797	-340263.3031	-35.4672	0	ALRS:2025-03-15;ALRS:2026-02-20;GAZP:2025-11-28;LKOH:2025-03-27;MGNT:2026-04-05;MOEX:2026-02-20;MOEX:2025-03-09;MOEX:2025-04-27;NVTK:2025-07-02;ROSN:2025-02-16;ROSN:2025-09-15;SBER:2026-05-31;SBER:2026-04-21;SBER:2025-07-17;TATN:2025-03-20;TATN:2025-06-18;TATN:2025-07-31;TATN:2025-05-09
231	20260806:231	18	0.904972	-33136.6311	-531.4046	0	ALRS:2025-03-05;ALRS:2025-04-15;GAZP:2025-05-02;LKOH:2025-04-13;MGNT:2025-02-24;MOEX:2026-01-22;MOEX:2025-06-29;MOEX:2025-05-10;NVTK:2025-11-09;ROSN:2025-01-27;ROSN:2025-08-03;SBER:2025-04-03;SBER:2026-06-18;SBER:2025-01-29;TATN:2025-05-11;TATN:2026-06-15;TATN:2025-06-02;TATN:2026-04-17
232	20260806:232	18	1.347242	86120.1940	205.2319	0	ALRS:2025-08-07;ALRS:2025-05-05;GAZP:2025-01-29;LKOH:2025-03-02;MGNT:2026-03-22;MOEX:2026-06-15;MOEX:2026-03-09;MOEX:2025-04-16;NVTK:2025-02-09;ROSN:2025-08-15;ROSN:2026-05-25;SBER:2025-02-03;SBER:2025-08-03;SBER:2025-05-02;TATN:2026-05-12;TATN:2025-05-04;TATN:2026-05-11;TATN:2025-01-26
233	20260806:233	18	0.255103	-288745.4572	-17.9358	0	ALRS:2025-03-31;ALRS:2026-02-16;GAZP:2026-01-29;LKOH:2025-05-09;MGNT:2025-04-06;MOEX:2025-03-19;MOEX:2025-01-26;MOEX:2025-12-17;NVTK:2026-04-10;ROSN:2025-03-01;ROSN:2025-02-24;SBER:2026-02-10;SBER:2025-06-17;SBER:2025-06-16;TATN:2026-05-19;TATN:2025-06-02;TATN:2026-05-17;TATN:2026-04-08
234	20260806:234	18	1.017828	4612.2469	3826.0394	0	ALRS:2025-05-14;ALRS:2025-04-17;GAZP:2025-02-19;LKOH:2025-02-12;MGNT:2025-02-02;MOEX:2025-01-27;MOEX:2025-12-16;MOEX:2026-03-23;NVTK:2025-03-26;ROSN:2025-01-05;ROSN:2025-01-19;SBER:2025-08-20;SBER:2026-05-01;SBER:2025-07-30;TATN:2026-03-05;TATN:2025-04-01;TATN:2025-03-10;TATN:2025-07-28
235	20260806:235	18	0.406679	-202968.9160	-49.5175	0	ALRS:2026-03-04;ALRS:2025-09-16;GAZP:2025-02-19;LKOH:2025-02-10;MGNT:2025-03-26;MOEX:2025-03-27;MOEX:2026-03-03;MOEX:2025-03-20;NVTK:2025-11-09;ROSN:2025-08-16;ROSN:2026-03-27;SBER:2025-03-19;SBER:2026-06-13;SBER:2025-07-08;TATN:2025-05-09;TATN:2026-05-28;TATN:2025-04-07;TATN:2025-01-07
236	20260806:236	18	0.309196	-339420.8425	-38.6785	0	ALRS:2025-03-29;ALRS:2025-04-02;GAZP:2025-08-23;LKOH:2025-03-10;MGNT:2025-04-27;MOEX:2026-03-09;MOEX:2026-03-12;MOEX:2025-04-29;NVTK:2025-12-02;ROSN:2025-03-15;ROSN:2026-04-26;SBER:2025-05-03;SBER:2026-02-22;SBER:2025-08-21;TATN:2026-05-03;TATN:2025-01-05;TATN:2025-05-22;TATN:2025-04-05
237	20260806:237	18	1.780085	203940.6495	95.5069	0	ALRS:2025-08-07;ALRS:2025-09-18;GAZP:2025-02-26;LKOH:2025-02-13;MGNT:2026-02-09;MOEX:2026-05-30;MOEX:2026-04-09;MOEX:2025-12-11;NVTK:2026-05-10;ROSN:2025-08-12;ROSN:2026-02-28;SBER:2025-02-26;SBER:2025-02-27;SBER:2025-01-30;TATN:2026-04-10;TATN:2025-07-10;TATN:2026-04-26;TATN:2025-04-13
238	20260806:238	18	0.504368	-175967.3001	-72.3296	0	ALRS:2025-09-18;ALRS:2026-02-19;GAZP:2026-03-26;LKOH:2025-03-28;MGNT:2026-02-16;MOEX:2026-04-11;MOEX:2025-02-12;MOEX:2025-03-02;NVTK:2025-11-04;ROSN:2025-09-10;ROSN:2025-09-17;SBER:2025-09-16;SBER:2025-07-03;SBER:2025-08-12;TATN:2026-01-29;TATN:2026-05-10;TATN:2025-07-07;TATN:2025-02-04
239	20260806:239	18	0.166452	-340201.0029	-12.9257	0	ALRS:2025-05-18;ALRS:2026-03-18;GAZP:2025-08-18;LKOH:2025-01-07;MGNT:2026-04-02;MOEX:2025-05-01;MOEX:2025-12-11;MOEX:2026-04-11;NVTK:2026-05-10;ROSN:2026-03-17;ROSN:2025-08-15;SBER:2025-04-27;SBER:2025-01-19;SBER:2025-11-18;TATN:2025-07-25;TATN:2025-01-09;TATN:2026-03-27;TATN:2026-06-02
240	20260806:240	18	0.660132	-133241.8713	-94.7693	0	ALRS:2025-02-04;ALRS:2025-03-13;GAZP:2026-02-08;LKOH:2025-02-03;MGNT:2026-03-24;MOEX:2025-12-23;MOEX:2025-04-27;MOEX:2026-03-01;NVTK:2025-05-15;ROSN:2025-04-23;ROSN:2025-03-26;SBER:2025-07-23;SBER:2025-03-03;SBER:2025-04-08;TATN:2025-05-09;TATN:2026-03-18;TATN:2026-04-25;TATN:2025-04-07
241	20260806:241	18	0.881213	-32614.8738	-548.9334	0	ALRS:2025-03-01;ALRS:2026-02-23;GAZP:2026-03-28;LKOH:2025-01-15;MGNT:2026-03-01;MOEX:2025-02-27;MOEX:2026-03-31;MOEX:2026-02-11;NVTK:2025-12-22;ROSN:2025-08-17;ROSN:2026-05-04;SBER:2025-08-17;SBER:2026-05-01;SBER:2026-02-15;TATN:2026-02-10;TATN:2026-05-16;TATN:2025-06-01;TATN:2026-05-10
242	20260806:242	18	2.623327	290871.2098	95.2169	0	ALRS:2025-01-12;ALRS:2025-08-21;GAZP:2025-02-06;LKOH:2025-08-10;MGNT:2026-02-22;MOEX:2025-01-30;MOEX:2025-02-17;MOEX:2025-04-26;NVTK:2025-03-17;ROSN:2026-05-11;ROSN:2026-04-05;SBER:2025-06-06;SBER:2025-11-25;SBER:2025-02-12;TATN:2026-02-15;TATN:2026-05-16;TATN:2025-02-10;TATN:2026-05-19
243	20260806:243	18	0.751053	-73073.9393	-198.5991	0	ALRS:2025-04-09;ALRS:2025-08-10;GAZP:2025-12-26;LKOH:2025-09-27;MGNT:2026-02-16;MOEX:2025-03-25;MOEX:2025-01-29;MOEX:2025-12-18;NVTK:2026-02-11;ROSN:2026-02-20;ROSN:2025-09-22;SBER:2026-03-31;SBER:2026-06-04;SBER:2026-07-08;TATN:2025-03-13;TATN:2025-04-23;TATN:2025-01-19;TATN:2025-02-10
244	20260806:244	18	0.551186	-154817.1370	-97.0736	0	ALRS:2026-02-07;ALRS:2025-08-12;GAZP:2025-05-29;LKOH:2026-04-04;MGNT:2025-02-16;MOEX:2025-03-13;MOEX:2025-02-20;MOEX:2026-06-08;NVTK:2025-05-28;ROSN:2025-01-21;ROSN:2025-02-03;SBER:2026-06-03;SBER:2025-02-19;SBER:2025-03-24;TATN:2025-08-04;TATN:2025-03-16;TATN:2026-06-06;TATN:2025-03-19
245	20260806:245	18	1.343379	94891.0101	281.4026	0	ALRS:2025-08-27;ALRS:2026-01-27;GAZP:2025-02-03;LKOH:2025-02-12;MGNT:2025-01-28;MOEX:2026-02-04;MOEX:2026-05-11;MOEX:2025-04-24;NVTK:2025-02-26;ROSN:2025-01-15;ROSN:2026-03-27;SBER:2025-03-25;SBER:2025-02-05;SBER:2025-09-18;TATN:2025-09-28;TATN:2025-02-20;TATN:2025-02-09;TATN:2026-03-11
246	20260806:246	18	0.046903	-402511.7754	-4.9211	0	ALRS:2025-08-27;ALRS:2026-03-17;GAZP:2026-01-21;LKOH:2026-04-08;MGNT:2026-02-17;MOEX:2025-05-15;MOEX:2025-03-12;MOEX:2026-02-24;NVTK:2025-06-13;ROSN:2025-04-25;ROSN:2025-08-20;SBER:2025-05-03;SBER:2025-04-02;SBER:2026-02-21;TATN:2026-04-23;TATN:2025-05-22;TATN:2025-05-16;TATN:2025-02-20
247	20260806:247	18	0.870816	-34108.0514	-465.8409	0	ALRS:2025-08-13;ALRS:2025-05-06;GAZP:2026-05-03;LKOH:2026-04-02;MGNT:2025-03-11;MOEX:2026-01-08;MOEX:2025-01-23;MOEX:2026-03-18;NVTK:2025-12-18;ROSN:2026-03-13;ROSN:2025-04-08;SBER:2025-07-09;SBER:2025-06-22;SBER:2025-11-19;TATN:2026-04-08;TATN:2026-02-18;TATN:2026-03-30;TATN:2025-04-10
248	20260806:248	18	0.498316	-119691.6383	-79.5666	0	ALRS:2025-08-15;ALRS:2025-04-16;GAZP:2026-03-09;LKOH:2025-05-09;MGNT:2026-02-16;MOEX:2025-03-23;MOEX:2026-04-21;MOEX:2026-03-15;NVTK:2025-12-16;ROSN:2026-03-02;ROSN:2026-03-05;SBER:2025-05-25;SBER:2026-05-15;SBER:2026-06-18;TATN:2025-06-16;TATN:2025-04-24;TATN:2025-06-14;TATN:2026-04-19
249	20260806:249	18	0.360581	-225217.6588	-30.8388	0	ALRS:2025-05-03;ALRS:2025-09-15;GAZP:2025-10-18;LKOH:2025-02-04;MGNT:2026-04-13;MOEX:2026-02-26;MOEX:2026-01-15;MOEX:2026-04-12;NVTK:2025-08-07;ROSN:2026-05-06;ROSN:2025-03-04;SBER:2025-07-13;SBER:2026-02-16;SBER:2026-05-19;TATN:2026-05-31;TATN:2025-02-09;TATN:2026-04-23;TATN:2025-06-30
250	20260806:250	18	0.646601	-144448.9159	-123.9346	0	ALRS:2025-03-31;ALRS:2025-08-13;GAZP:2025-05-09;LKOH:2025-02-03;MGNT:2026-04-06;MOEX:2025-04-29;MOEX:2026-02-18;MOEX:2025-04-06;NVTK:2025-05-27;ROSN:2026-03-24;ROSN:2026-04-27;SBER:2025-09-07;SBER:2026-06-08;SBER:2025-06-23;TATN:2026-02-09;TATN:2025-03-03;TATN:2025-06-16;TATN:2025-01-14
251	20260806:251	18	0.267097	-342660.1863	-29.9770	0	ALRS:2025-01-26;ALRS:2025-08-16;GAZP:2025-03-16;LKOH:2026-03-28;MGNT:2025-04-12;MOEX:2025-02-19;MOEX:2025-12-08;MOEX:2025-02-11;NVTK:2026-05-13;ROSN:2026-05-01;ROSN:2025-08-11;SBER:2025-03-06;SBER:2025-07-06;SBER:2026-06-29;TATN:2025-02-16;TATN:2026-05-22;TATN:2025-05-28;TATN:2026-06-17
252	20260806:252	18	0.669960	-126588.5784	-98.7280	0	ALRS:2026-01-28;ALRS:2025-02-02;GAZP:2026-05-04;LKOH:2025-05-15;MGNT:2026-02-26;MOEX:2025-04-16;MOEX:2025-05-03;MOEX:2025-02-24;NVTK:2025-08-17;ROSN:2025-01-27;ROSN:2026-03-23;SBER:2025-04-27;SBER:2026-07-08;SBER:2026-04-10;TATN:2025-09-26;TATN:2025-05-14;TATN:2025-04-23;TATN:2025-06-10
253	20260806:253	18	0.589959	-174627.7408	-98.1634	0	ALRS:2025-03-28;ALRS:2025-08-07;GAZP:2025-02-23;LKOH:2025-03-13;MGNT:2026-02-20;MOEX:2026-01-08;MOEX:2026-01-18;MOEX:2026-06-06;NVTK:2025-10-28;ROSN:2026-04-14;ROSN:2026-03-28;SBER:2025-06-28;SBER:2025-01-22;SBER:2025-05-22;TATN:2025-03-28;TATN:2025-04-05;TATN:2025-05-07;TATN:2026-06-11
254	20260806:254	18	0.243160	-256294.6416	-18.6071	0	ALRS:2025-01-15;ALRS:2025-04-15;GAZP:2026-01-26;LKOH:2025-01-07;MGNT:2025-03-16;MOEX:2026-04-10;MOEX:2025-02-17;MOEX:2025-02-13;NVTK:2025-11-08;ROSN:2025-04-26;ROSN:2025-08-10;SBER:2025-03-12;SBER:2025-02-24;SBER:2026-06-15;TATN:2025-07-04;TATN:2025-07-02;TATN:2026-04-21;TATN:2026-03-05
255	20260806:255	18	0.501435	-216847.0387	-69.1898	0	ALRS:2025-01-30;ALRS:2025-02-17;GAZP:2025-01-05;LKOH:2025-03-20;MGNT:2025-05-12;MOEX:2026-06-10;MOEX:2026-02-15;MOEX:2026-06-14;NVTK:2025-06-17;ROSN:2025-03-19;ROSN:2025-04-06;SBER:2025-09-08;SBER:2025-04-22;SBER:2026-04-14;TATN:2026-03-29;TATN:2026-05-06;TATN:2025-08-16;TATN:2025-03-25
256	20260806:256	18	0.471585	-189218.8957	-57.9120	0	ALRS:2025-02-04;ALRS:2026-02-03;GAZP:2026-02-15;LKOH:2025-09-11;MGNT:2026-02-28;MOEX:2026-02-11;MOEX:2026-03-24;MOEX:2026-06-03;NVTK:2025-07-18;ROSN:2026-05-30;ROSN:2026-05-21;SBER:2025-04-22;SBER:2025-02-13;SBER:2025-05-07;TATN:2025-02-25;TATN:2026-03-12;TATN:2025-05-09;TATN:2026-03-05
257	20260806:257	18	0.986201	-5655.1678	-5504.6015	0	ALRS:2025-02-16;ALRS:2026-02-24;GAZP:2026-05-18;LKOH:2025-05-01;MGNT:2026-02-09;MOEX:2025-02-25;MOEX:2026-04-21;MOEX:2026-01-28;NVTK:2025-08-03;ROSN:2025-04-26;ROSN:2026-04-23;SBER:2025-04-10;SBER:2025-03-29;SBER:2025-03-26;TATN:2025-05-28;TATN:2026-03-31;TATN:2025-07-30;TATN:2026-05-25
258	20260806:258	18	0.367725	-267658.6751	-38.5023	0	ALRS:2025-04-28;ALRS:2026-02-16;GAZP:2025-07-25;LKOH:2025-01-30;MGNT:2026-04-05;MOEX:2026-01-15;MOEX:2025-05-20;MOEX:2026-03-24;NVTK:2025-05-31;ROSN:2025-02-23;ROSN:2026-04-30;SBER:2026-02-15;SBER:2025-04-05;SBER:2026-06-06;TATN:2025-04-01;TATN:2026-04-20;TATN:2026-05-18;TATN:2026-01-31
259	20260806:259	18	0.845974	-43834.1013	-285.0917	0	ALRS:2025-02-24;ALRS:2025-01-26;GAZP:2025-12-18;LKOH:2025-10-15;MGNT:2025-02-24;MOEX:2026-05-23;MOEX:2025-12-19;MOEX:2025-04-27;NVTK:2025-02-10;ROSN:2025-08-25;ROSN:2025-04-08;SBER:2025-06-08;SBER:2025-05-12;SBER:2025-06-07;TATN:2025-01-13;TATN:2025-06-25;TATN:2025-06-26;TATN:2025-05-06
260	20260806:260	18	0.637127	-121329.1522	-156.3530	0	ALRS:2025-01-16;ALRS:2025-08-12;GAZP:2025-02-02;LKOH:2025-08-07;MGNT:2025-02-18;MOEX:2026-02-05;MOEX:2025-03-05;MOEX:2026-03-23;NVTK:2025-03-25;ROSN:2026-03-28;ROSN:2025-02-24;SBER:2026-02-18;SBER:2026-07-02;SBER:2026-03-05;TATN:2025-06-12;TATN:2025-05-25;TATN:2025-07-21;TATN:2025-04-25
261	20260806:261	18	0.674743	-150102.8289	-106.2015	0	ALRS:2025-02-03;ALRS:2025-09-10;GAZP:2026-05-06;LKOH:2025-08-16;MGNT:2026-04-10;MOEX:2025-05-18;MOEX:2026-03-24;MOEX:2025-03-28;NVTK:2025-12-18;ROSN:2026-04-06;ROSN:2026-04-11;SBER:2025-07-28;SBER:2026-05-02;SBER:2026-03-28;TATN:2026-05-01;TATN:2025-04-13;TATN:2025-03-28;TATN:2025-05-22
262	20260806:262	18	0.022912	-490617.2934	-2.3449	0	ALRS:2026-03-05;ALRS:2025-05-10;GAZP:2026-04-10;LKOH:2025-04-27;MGNT:2025-02-19;MOEX:2026-02-04;MOEX:2025-05-17;MOEX:2026-06-06;NVTK:2026-04-09;ROSN:2026-03-11;ROSN:2026-04-23;SBER:2025-12-01;SBER:2026-02-18;SBER:2025-06-05;TATN:2025-08-13;TATN:2025-03-29;TATN:2025-05-05;TATN:2025-02-26
263	20260806:263	18	1.603081	143256.8343	186.1046	0	ALRS:2026-01-30;ALRS:2025-05-10;GAZP:2025-07-27;LKOH:2026-03-18;MGNT:2025-05-01;MOEX:2026-03-04;MOEX:2026-03-27;MOEX:2026-04-03;NVTK:2025-11-13;ROSN:2026-03-14;ROSN:2025-09-03;SBER:2025-06-08;SBER:2025-02-19;SBER:2025-06-10;TATN:2025-02-02;TATN:2025-04-09;TATN:2026-02-21;TATN:2025-05-28
264	20260806:264	18	0.686378	-98007.5195	-155.7033	0	ALRS:2025-04-28;ALRS:2026-03-02;GAZP:2025-11-25;LKOH:2025-02-17;MGNT:2025-03-14;MOEX:2026-04-15;MOEX:2025-04-15;MOEX:2025-05-11;NVTK:2025-08-15;ROSN:2025-08-06;ROSN:2025-03-13;SBER:2026-05-13;SBER:2025-09-13;SBER:2026-02-15;TATN:2025-08-03;TATN:2025-01-07;TATN:2025-07-25;TATN:2025-11-19
265	20260806:265	18	0.745357	-112465.1035	-233.3735	0	ALRS:2026-02-23;ALRS:2025-05-07;GAZP:2025-07-27;LKOH:2025-05-12;MGNT:2026-04-04;MOEX:2025-02-23;MOEX:2026-02-24;MOEX:2025-03-19;NVTK:2025-09-10;ROSN:2025-08-21;ROSN:2025-03-16;SBER:2025-06-14;SBER:2026-03-05;SBER:2025-08-06;TATN:2025-07-30;TATN:2025-06-16;TATN:2025-03-28;TATN:2025-04-24
266	20260806:266	18	0.810312	-66571.0680	-363.7576	0	ALRS:2026-01-29;ALRS:2026-02-22;GAZP:2025-04-28;LKOH:2025-05-09;MGNT:2025-04-15;MOEX:2025-02-02;MOEX:2026-04-26;MOEX:2026-03-11;NVTK:2025-06-13;ROSN:2026-04-30;ROSN:2026-04-03;SBER:2025-08-06;SBER:2025-09-04;SBER:2026-04-02;TATN:2025-05-20;TATN:2025-05-22;TATN:2025-07-28;TATN:2025-08-15
267	20260806:267	18	0.771946	-95390.2198	-195.9765	0	ALRS:2025-01-30;ALRS:2025-03-13;GAZP:2025-05-14;LKOH:2026-03-15;MGNT:2026-03-10;MOEX:2026-02-10;MOEX:2026-01-08;MOEX:2026-01-18;NVTK:2026-01-30;ROSN:2025-03-14;ROSN:2025-04-03;SBER:2026-02-07;SBER:2025-07-20;SBER:2025-01-26;TATN:2025-07-03;TATN:2025-08-16;TATN:2026-06-07;TATN:2025-07-01
268	20260806:268	18	0.602489	-111588.6583	-84.4619	0	ALRS:2025-03-30;ALRS:2025-02-13;GAZP:2026-03-10;LKOH:2026-03-18;MGNT:2025-03-30;MOEX:2025-02-20;MOEX:2026-03-23;MOEX:2026-06-04;NVTK:2026-02-05;ROSN:2025-09-13;ROSN:2026-01-28;SBER:2026-04-06;SBER:2025-06-09;SBER:2025-07-17;TATN:2025-07-25;TATN:2025-03-18;TATN:2025-02-17;TATN:2026-04-20
269	20260806:269	18	1.042932	9630.7632	1390.4864	0	ALRS:2025-08-23;ALRS:2025-02-09;GAZP:2026-01-27;LKOH:2025-10-18;MGNT:2026-04-06;MOEX:2025-04-20;MOEX:2026-04-15;MOEX:2026-01-29;NVTK:2025-05-04;ROSN:2026-01-31;ROSN:2025-01-12;SBER:2026-01-16;SBER:2026-03-01;SBER:2025-12-01;TATN:2026-05-05;TATN:2025-04-27;TATN:2025-08-21;TATN:2025-04-11
270	20260806:270	18	0.628757	-150762.1955	-95.6007	0	ALRS:2025-02-05;ALRS:2025-01-27;GAZP:2026-02-24;LKOH:2026-03-12;MGNT:2025-02-11;MOEX:2026-01-30;MOEX:2026-01-25;MOEX:2026-02-19;NVTK:2026-05-04;ROSN:2025-04-02;ROSN:2025-04-02;SBER:2026-05-06;SBER:2026-07-03;SBER:2026-04-18;TATN:2025-04-07;TATN:2025-03-16;TATN:2025-05-16;TATN:2025-07-23
271	20260806:271	18	0.495162	-149112.8732	-53.2325	0	ALRS:2025-04-17;ALRS:2025-02-17;GAZP:2026-02-26;LKOH:2026-04-02;MGNT:2025-04-25;MOEX:2026-04-08;MOEX:2025-05-18;MOEX:2026-05-23;NVTK:2026-02-11;ROSN:2025-02-06;ROSN:2025-09-08;SBER:2026-06-23;SBER:2025-08-05;SBER:2026-04-03;TATN:2026-04-18;TATN:2025-03-14;TATN:2026-04-08;TATN:2025-02-24
272	20260806:272	18	1.212094	45766.0770	329.3437	0	ALRS:2025-01-28;ALRS:2025-03-17;GAZP:2025-10-19;LKOH:2025-02-26;MGNT:2025-02-10;MOEX:2025-11-24;MOEX:2026-02-24;MOEX:2026-04-02;NVTK:2025-12-04;ROSN:2026-03-22;ROSN:2025-09-08;SBER:2026-04-12;SBER:2026-02-09;SBER:2026-03-22;TATN:2026-04-30;TATN:2025-02-06;TATN:2025-06-24;TATN:2026-04-16
273	20260806:273	18	0.583974	-163567.5628	-78.8408	0	ALRS:2025-04-20;ALRS:2025-01-28;GAZP:2026-04-29;LKOH:2026-02-28;MGNT:2026-03-11;MOEX:2026-04-10;MOEX:2026-03-09;MOEX:2025-04-12;NVTK:2025-06-22;ROSN:2026-04-03;ROSN:2025-03-12;SBER:2026-05-06;SBER:2025-09-16;SBER:2025-07-05;TATN:2025-04-24;TATN:2025-04-12;TATN:2026-06-03;TATN:2025-03-17
274	20260806:274	18	0.596344	-164817.0582	-93.0632	0	ALRS:2025-02-28;ALRS:2025-03-31;GAZP:2026-02-07;LKOH:2025-05-17;MGNT:2025-03-04;MOEX:2026-01-25;MOEX:2026-04-02;MOEX:2026-04-26;NVTK:2025-09-10;ROSN:2025-02-28;ROSN:2025-01-22;SBER:2025-06-19;SBER:2025-02-20;SBER:2025-05-07;TATN:2025-08-20;TATN:2025-03-09;TATN:2025-08-07;TATN:2026-02-18
275	20260806:275	18	0.325901	-279530.3324	-31.8888	0	ALRS:2025-03-27;ALRS:2025-05-06;GAZP:2026-02-10;LKOH:2025-04-01;MGNT:2026-02-06;MOEX:2026-06-12;MOEX:2026-04-25;MOEX:2026-04-17;NVTK:2025-09-10;ROSN:2026-04-13;ROSN:2026-05-16;SBER:2025-08-29;SBER:2026-03-10;SBER:2026-04-16;TATN:2026-05-01;TATN:2025-06-01;TATN:2026-06-14;TATN:2026-03-04
276	20260806:276	18	0.648943	-123934.4151	-108.4143	0	ALRS:2025-03-02;ALRS:2025-04-08;GAZP:2025-08-06;LKOH:2025-03-04;MGNT:2025-04-29;MOEX:2025-02-27;MOEX:2026-02-05;MOEX:2025-12-23;NVTK:2025-09-02;ROSN:2025-04-07;ROSN:2026-04-25;SBER:2026-01-26;SBER:2025-01-13;SBER:2025-03-03;TATN:2025-05-07;TATN:2025-08-07;TATN:2026-05-07;TATN:2025-03-30
277	20260806:277	18	1.372975	92122.4703	205.6359	0	ALRS:2025-03-23;ALRS:2025-03-19;GAZP:2025-07-30;LKOH:2025-05-03;MGNT:2026-03-12;MOEX:2026-04-11;MOEX:2026-01-16;MOEX:2025-02-16;NVTK:2026-02-07;ROSN:2025-01-29;ROSN:2025-08-15;SBER:2026-03-11;SBER:2026-04-01;SBER:2026-04-13;TATN:2025-11-20;TATN:2026-04-15;TATN:2025-01-22;TATN:2025-04-23
278	20260806:278	18	0.661986	-164322.6117	-89.9727	0	ALRS:2025-05-13;ALRS:2025-01-19;GAZP:2026-04-25;LKOH:2025-01-07;MGNT:2025-05-12;MOEX:2025-05-13;MOEX:2026-01-20;MOEX:2026-02-11;NVTK:2026-04-11;ROSN:2026-05-02;ROSN:2026-04-25;SBER:2025-01-13;SBER:2025-05-02;SBER:2026-04-10;TATN:2025-08-04;TATN:2025-02-25;TATN:2026-04-28;TATN:2025-07-09
279	20260806:279	18	2.620679	206561.6982	64.8426	0	ALRS:2025-01-12;ALRS:2025-01-13;GAZP:2025-04-13;LKOH:2025-01-20;MGNT:2025-03-12;MOEX:2026-04-22;MOEX:2026-02-18;MOEX:2025-02-26;NVTK:2026-02-10;ROSN:2025-02-06;ROSN:2026-03-15;SBER:2025-04-08;SBER:2026-04-07;SBER:2025-08-27;TATN:2026-03-17;TATN:2026-05-16;TATN:2025-08-19;TATN:2025-07-08
280	20260806:280	18	0.630225	-157442.1815	-88.9835	0	ALRS:2025-09-07;ALRS:2025-02-05;GAZP:2025-12-03;LKOH:2026-03-26;MGNT:2025-03-05;MOEX:2025-03-30;MOEX:2026-02-04;MOEX:2025-04-14;NVTK:2025-10-20;ROSN:2025-09-06;ROSN:2025-09-17;SBER:2025-05-17;SBER:2025-06-09;SBER:2026-05-10;TATN:2026-06-13;TATN:2026-05-07;TATN:2025-02-27;TATN:2026-06-07
281	20260806:281	18	0.187181	-286201.2604	-15.2636	0	ALRS:2025-05-14;ALRS:2025-04-25;GAZP:2025-05-22;LKOH:2025-03-12;MGNT:2025-02-26;MOEX:2025-12-09;MOEX:2025-05-05;MOEX:2026-03-16;NVTK:2025-04-20;ROSN:2026-05-07;ROSN:2026-03-29;SBER:2025-06-10;SBER:2025-04-23;SBER:2025-05-16;TATN:2026-03-05;TATN:2026-03-18;TATN:2026-03-08;TATN:2025-02-25
282	20260806:282	18	0.762949	-83925.1053	-194.8520	0	ALRS:2025-03-19;ALRS:2025-04-04;GAZP:2025-12-26;LKOH:2025-05-15;MGNT:2025-04-29;MOEX:2025-02-24;MOEX:2026-01-15;MOEX:2026-04-04;NVTK:2025-06-02;ROSN:2025-01-13;ROSN:2026-03-08;SBER:2025-04-06;SBER:2025-05-09;SBER:2025-12-07;TATN:2025-08-12;TATN:2025-08-03;TATN:2025-06-06;TATN:2026-05-29
283	20260806:283	18	0.756244	-92072.5890	-189.4658	0	ALRS:2025-01-16;ALRS:2025-04-01;GAZP:2025-03-01;LKOH:2025-03-30;MGNT:2026-04-13;MOEX:2025-02-11;MOEX:2025-03-26;MOEX:2026-04-22;NVTK:2025-11-02;ROSN:2026-01-29;ROSN:2025-02-12;SBER:2025-05-25;SBER:2026-06-16;SBER:2025-06-10;TATN:2026-03-03;TATN:2026-04-28;TATN:2025-08-20;TATN:2026-02-23
284	20260806:284	18	0.631221	-109365.5880	-121.3599	0	ALRS:2025-02-04;ALRS:2025-09-11;GAZP:2026-02-02;LKOH:2025-05-03;MGNT:2025-05-09;MOEX:2025-02-18;MOEX:2026-05-19;MOEX:2026-06-13;NVTK:2025-11-25;ROSN:2025-08-17;ROSN:2025-02-18;SBER:2025-03-14;SBER:2026-07-07;SBER:2025-06-19;TATN:2025-05-02;TATN:2025-02-02;TATN:2026-05-02;TATN:2026-03-01
285	20260806:285	18	0.510095	-198866.5381	-59.8878	0	ALRS:2025-02-13;ALRS:2026-01-27;GAZP:2026-04-15;LKOH:2026-03-25;MGNT:2026-02-26;MOEX:2026-05-29;MOEX:2025-05-17;MOEX:2026-03-08;NVTK:2025-03-19;ROSN:2025-02-28;ROSN:2026-03-10;SBER:2025-08-28;SBER:2026-02-09;SBER:2025-03-14;TATN:2026-06-13;TATN:2026-03-12;TATN:2025-06-12;TATN:2026-05-07
286	20260806:286	18	0.409814	-269250.9960	-47.7382	0	ALRS:2026-02-16;ALRS:2025-01-23;GAZP:2026-04-22;LKOH:2025-03-29;MGNT:2026-04-15;MOEX:2026-03-12;MOEX:2026-05-11;MOEX:2026-01-08;NVTK:2025-05-18;ROSN:2025-09-10;ROSN:2026-05-20;SBER:2026-02-02;SBER:2026-01-28;SBER:2026-06-13;TATN:2025-11-20;TATN:2025-01-07;TATN:2025-02-26;TATN:2026-03-22
287	20260806:287	18	0.738136	-119868.8766	-149.6315	0	ALRS:2025-01-12;ALRS:2025-02-13;GAZP:2025-03-04;LKOH:2025-03-28;MGNT:2026-03-30;MOEX:2025-01-26;MOEX:2025-01-29;MOEX:2026-06-15;NVTK:2026-03-02;ROSN:2025-08-06;ROSN:2026-03-29;SBER:2026-02-28;SBER:2025-09-09;SBER:2026-04-25;TATN:2026-05-27;TATN:2026-05-04;TATN:2025-07-04;TATN:2026-05-02
288	20260806:288	18	0.614068	-127335.9444	-75.0198	0	ALRS:2026-03-16;ALRS:2025-02-05;GAZP:2025-03-11;LKOH:2025-03-16;MGNT:2025-05-07;MOEX:2025-03-27;MOEX:2025-04-22;MOEX:2026-03-14;NVTK:2025-06-07;ROSN:2025-08-05;ROSN:2025-09-24;SBER:2026-03-22;SBER:2025-07-13;SBER:2025-08-04;TATN:2025-03-04;TATN:2026-04-17;TATN:2026-06-12;TATN:2025-02-02
289	20260806:289	18	0.552366	-175131.6871	-105.1728	0	ALRS:2025-05-03;ALRS:2025-04-26;GAZP:2025-08-12;LKOH:2025-08-30;MGNT:2025-03-18;MOEX:2025-05-15;MOEX:2025-12-22;MOEX:2025-05-21;NVTK:2025-04-15;ROSN:2025-02-23;ROSN:2025-03-03;SBER:2025-07-04;SBER:2026-02-06;SBER:2025-03-26;TATN:2026-02-26;TATN:2025-04-21;TATN:2026-06-15;TATN:2026-04-21
290	20260806:290	18	1.076794	25675.3242	927.8199	0	ALRS:2025-04-27;ALRS:2025-02-24;GAZP:2025-02-02;LKOH:2025-04-03;MGNT:2025-04-04;MOEX:2026-03-01;MOEX:2025-11-19;MOEX:2025-04-24;NVTK:2025-11-07;ROSN:2025-02-25;ROSN:2025-02-02;SBER:2026-05-20;SBER:2025-07-23;SBER:2026-06-22;TATN:2025-03-23;TATN:2026-04-16;TATN:2025-09-28;TATN:2025-01-08
291	20260806:291	18	0.502094	-148207.6429	-64.0462	0	ALRS:2025-01-15;ALRS:2026-01-29;GAZP:2026-03-30;LKOH:2026-03-03;MGNT:2026-01-29;MOEX:2026-06-04;MOEX:2026-03-17;MOEX:2026-03-04;NVTK:2026-01-31;ROSN:2026-05-23;ROSN:2025-01-30;SBER:2026-04-23;SBER:2026-04-17;SBER:2025-02-27;TATN:2025-03-25;TATN:2025-05-05;TATN:2025-06-03;TATN:2025-08-10
292	20260806:292	18	0.115679	-443100.8858	-13.0203	0	ALRS:2025-03-10;ALRS:2025-09-09;GAZP:2025-05-04;LKOH:2025-05-14;MGNT:2025-04-13;MOEX:2025-05-12;MOEX:2025-03-05;MOEX:2025-02-19;NVTK:2025-03-25;ROSN:2025-04-26;ROSN:2026-03-24;SBER:2026-07-11;SBER:2025-07-20;SBER:2025-04-15;TATN:2026-04-13;TATN:2025-04-22;TATN:2026-05-19;TATN:2025-05-28
293	20260806:293	18	0.583617	-142396.5413	-96.2766	0	ALRS:2025-08-17;ALRS:2026-02-25;GAZP:2025-11-05;LKOH:2025-01-09;MGNT:2026-03-12;MOEX:2025-05-07;MOEX:2026-02-03;MOEX:2026-04-18;NVTK:2025-11-20;ROSN:2026-05-06;ROSN:2025-08-26;SBER:2025-04-16;SBER:2025-08-26;SBER:2026-03-22;TATN:2025-03-25;TATN:2025-01-07;TATN:2025-01-08;TATN:2025-02-17
294	20260806:294	18	0.366564	-222744.8156	-35.6936	0	ALRS:2025-03-13;ALRS:2025-03-19;GAZP:2025-04-20;LKOH:2026-02-27;MGNT:2026-01-26;MOEX:2025-05-18;MOEX:2026-06-02;MOEX:2025-04-13;NVTK:2025-12-26;ROSN:2025-01-16;ROSN:2025-09-08;SBER:2025-11-19;SBER:2026-05-13;SBER:2025-02-27;TATN:2025-07-01;TATN:2025-01-12;TATN:2025-06-03;TATN:2025-01-16
295	20260806:295	18	0.336473	-358447.7182	-41.3544	0	ALRS:2025-02-23;ALRS:2025-01-13;GAZP:2025-03-13;LKOH:2026-03-16;MGNT:2025-02-06;MOEX:2025-02-18;MOEX:2025-05-16;MOEX:2026-03-13;NVTK:2025-07-04;ROSN:2025-01-14;ROSN:2026-05-15;SBER:2026-03-28;SBER:2026-04-23;SBER:2026-05-27;TATN:2026-06-10;TATN:2025-03-20;TATN:2025-07-26;TATN:2025-08-03
296	20260806:296	18	2.015572	184997.2039	97.3173	0	ALRS:2025-08-06;ALRS:2026-02-24;GAZP:2026-02-27;LKOH:2026-03-25;MGNT:2026-01-29;MOEX:2025-12-23;MOEX:2026-04-03;MOEX:2025-04-13;NVTK:2025-05-15;ROSN:2025-01-22;ROSN:2025-09-07;SBER:2025-03-27;SBER:2025-05-02;SBER:2026-02-19;TATN:2026-05-03;TATN:2026-02-17;TATN:2025-02-09;TATN:2025-06-01
297	20260806:297	18	1.364137	140583.3039	223.2152	0	ALRS:2025-04-28;ALRS:2025-01-23;GAZP:2026-02-03;LKOH:2025-01-02;MGNT:2026-02-25;MOEX:2026-01-20;MOEX:2025-12-26;MOEX:2025-02-02;NVTK:2025-08-04;ROSN:2025-02-04;ROSN:2025-04-04;SBER:2026-02-15;SBER:2026-06-30;SBER:2025-08-30;TATN:2025-03-30;TATN:2025-05-16;TATN:2025-05-27;TATN:2025-02-20
298	20260806:298	18	2.019078	228683.5088	80.0036	0	ALRS:2025-01-30;ALRS:2025-04-01;GAZP:2026-05-07;LKOH:2025-10-15;MGNT:2026-02-11;MOEX:2025-02-02;MOEX:2025-05-21;MOEX:2025-04-05;NVTK:2025-02-12;ROSN:2026-04-12;ROSN:2026-05-27;SBER:2026-02-06;SBER:2025-07-24;SBER:2025-07-23;TATN:2026-05-19;TATN:2026-04-16;TATN:2025-05-22;TATN:2026-05-21
299	20260806:299	18	1.020935	5255.4722	2648.3210	0	ALRS:2025-03-05;ALRS:2026-02-01;GAZP:2025-08-22;LKOH:2025-02-04;MGNT:2025-04-11;MOEX:2025-01-22;MOEX:2025-03-25;MOEX:2025-04-03;NVTK:2025-04-12;ROSN:2026-02-19;ROSN:2025-02-18;SBER:2025-02-26;SBER:2025-06-24;SBER:2025-07-19;TATN:2026-05-06;TATN:2025-01-05;TATN:2025-01-16;TATN:2025-08-07
300	20260806:300	18	0.182087	-313523.4977	-18.9238	0	ALRS:2025-08-23;ALRS:2026-01-26;GAZP:2026-02-18;LKOH:2025-05-01;MGNT:2026-03-10;MOEX:2026-03-22;MOEX:2026-06-02;MOEX:2026-01-13;NVTK:2026-01-30;ROSN:2025-10-15;ROSN:2026-04-16;SBER:2026-06-28;SBER:2026-03-16;SBER:2025-12-01;TATN:2026-04-03;TATN:2025-01-21;TATN:2026-04-09;TATN:2026-04-18
301	20260806:301	18	0.898900	-22172.7699	-656.4113	0	ALRS:2025-01-26;ALRS:2025-03-05;GAZP:2026-05-11;LKOH:2026-03-30;MGNT:2025-03-11;MOEX:2026-04-23;MOEX:2026-01-15;MOEX:2025-04-06;NVTK:2025-01-19;ROSN:2025-09-23;ROSN:2025-01-08;SBER:2025-03-11;SBER:2025-08-20;SBER:2025-12-04;TATN:2026-03-26;TATN:2026-03-24;TATN:2025-08-15;TATN:2026-05-18
302	20260806:302	18	0.379017	-281990.2949	-46.6673	0	ALRS:2026-02-22;ALRS:2025-02-16;GAZP:2025-03-01;LKOH:2025-03-06;MGNT:2026-03-11;MOEX:2025-02-18;MOEX:2026-03-29;MOEX:2025-05-06;NVTK:2026-04-17;ROSN:2025-03-03;ROSN:2025-09-10;SBER:2025-01-30;SBER:2025-04-22;SBER:2025-03-01;TATN:2025-06-18;TATN:2025-05-27;TATN:2026-03-22;TATN:2026-04-21
303	20260806:303	18	1.019829	7158.9250	2924.3752	0	ALRS:2025-08-11;ALRS:2025-04-29;GAZP:2026-01-31;LKOH:2025-03-26;MGNT:2026-04-08;MOEX:2025-03-11;MOEX:2025-11-24;MOEX:2025-03-04;NVTK:2026-01-22;ROSN:2025-09-27;ROSN:2026-03-11;SBER:2026-04-25;SBER:2025-08-10;SBER:2025-02-09;TATN:2026-05-21;TATN:2026-02-28;TATN:2026-05-06;TATN:2026-02-20
304	20260806:304	18	1.065781	29109.5537	815.2011	0	ALRS:2025-04-27;ALRS:2025-05-09;GAZP:2026-01-18;LKOH:2025-02-24;MGNT:2025-04-27;MOEX:2025-01-28;MOEX:2026-04-02;MOEX:2026-02-20;NVTK:2026-05-12;ROSN:2026-05-29;ROSN:2025-08-03;SBER:2025-08-18;SBER:2025-01-19;SBER:2026-05-31;TATN:2026-02-21;TATN:2026-02-17;TATN:2026-05-23;TATN:2025-03-02
305	20260806:305	18	0.662477	-141612.7177	-141.8781	0	ALRS:2025-04-24;ALRS:2026-02-27;GAZP:2026-04-23;LKOH:2026-03-19;MGNT:2026-02-19;MOEX:2026-04-21;MOEX:2025-05-19;MOEX:2025-04-29;NVTK:2025-04-28;ROSN:2025-02-18;ROSN:2025-03-24;SBER:2026-04-25;SBER:2025-04-04;SBER:2026-06-15;TATN:2026-02-21;TATN:2025-01-19;TATN:2025-06-15;TATN:2025-07-09
306	20260806:306	18	0.093927	-364967.3186	-8.6579	0	ALRS:2025-05-05;ALRS:2025-02-19;GAZP:2026-01-08;LKOH:2026-03-25;MGNT:2026-04-13;MOEX:2026-02-01;MOEX:2026-05-30;MOEX:2025-05-06;NVTK:2026-04-14;ROSN:2026-05-04;ROSN:2025-02-20;SBER:2025-07-01;SBER:2025-07-13;SBER:2025-07-07;TATN:2025-07-01;TATN:2026-03-05;TATN:2025-02-12;TATN:2025-03-10
307	20260806:307	18	1.210848	49528.4538	278.5164	0	ALRS:2025-03-05;ALRS:2026-02-08;GAZP:2025-02-11;LKOH:2025-01-26;MGNT:2025-02-26;MOEX:2026-06-11;MOEX:2025-04-07;MOEX:2026-02-27;NVTK:2025-10-26;ROSN:2025-08-06;ROSN:2025-01-23;SBER:2025-11-28;SBER:2025-08-12;SBER:2025-08-25;TATN:2025-05-15;TATN:2025-06-18;TATN:2026-03-30;TATN:2025-01-26
308	20260806:308	18	0.482500	-198290.8367	-78.2147	0	ALRS:2025-01-13;ALRS:2025-05-18;GAZP:2025-05-02;LKOH:2025-01-08;MGNT:2025-03-19;MOEX:2025-02-09;MOEX:2025-04-23;MOEX:2025-04-20;NVTK:2025-09-06;ROSN:2025-08-19;ROSN:2026-04-27;SBER:2026-05-20;SBER:2025-05-11;SBER:2025-09-18;TATN:2025-02-18;TATN:2025-01-26;TATN:2025-07-26;TATN:2025-03-13
309	20260806:309	18	0.246012	-280914.4569	-19.5624	0	ALRS:2025-09-15;ALRS:2025-04-26;GAZP:2025-03-06;LKOH:2025-10-20;MGNT:2026-01-28;MOEX:2025-05-02;MOEX:2026-04-14;MOEX:2026-05-27;NVTK:2025-05-26;ROSN:2025-01-27;ROSN:2025-02-24;SBER:2026-07-04;SBER:2026-03-04;SBER:2025-08-17;TATN:2025-06-22;TATN:2025-03-19;TATN:2025-04-22;TATN:2025-06-22
310	20260806:310	18	0.667391	-65323.7498	-105.3999	0	ALRS:2026-01-27;ALRS:2025-04-20;GAZP:2025-05-31;LKOH:2025-08-16;MGNT:2026-02-24;MOEX:2026-01-08;MOEX:2026-03-31;MOEX:2026-01-19;NVTK:2025-05-31;ROSN:2026-04-26;ROSN:2026-03-18;SBER:2025-04-27;SBER:2026-05-30;SBER:2025-06-06;TATN:2026-03-18;TATN:2026-01-29;TATN:2026-03-25;TATN:2026-03-17
311	20260806:311	18	0.445036	-264052.6347	-56.2451	0	ALRS:2025-04-16;ALRS:2025-05-05;GAZP:2025-07-26;LKOH:2025-02-19;MGNT:2025-02-18;MOEX:2026-03-29;MOEX:2025-12-27;MOEX:2025-03-19;NVTK:2026-04-17;ROSN:2025-01-21;ROSN:2026-04-13;SBER:2025-11-23;SBER:2025-09-09;SBER:2026-03-30;TATN:2025-06-05;TATN:2026-06-01;TATN:2025-05-17;TATN:2026-04-22
312	20260806:312	18	1.991531	238169.6365	114.2722	0	ALRS:2025-01-29;ALRS:2025-03-09;GAZP:2025-07-28;LKOH:2025-08-14;MGNT:2025-04-02;MOEX:2025-05-09;MOEX:2026-06-05;MOEX:2025-12-12;NVTK:2026-02-11;ROSN:2026-03-18;ROSN:2025-01-08;SBER:2025-01-26;SBER:2025-07-18;SBER:2025-03-05;TATN:2025-06-23;TATN:2025-04-13;TATN:2025-04-20;TATN:2026-02-09
313	20260806:313	18	0.828934	-63277.9182	-300.4954	0	ALRS:2025-03-17;ALRS:2025-03-13;GAZP:2026-04-20;LKOH:2025-04-05;MGNT:2026-02-28;MOEX:2025-02-05;MOEX:2025-03-28;MOEX:2025-03-11;NVTK:2025-11-27;ROSN:2026-02-22;ROSN:2026-03-12;SBER:2026-04-22;SBER:2026-07-04;SBER:2026-06-28;TATN:2026-05-07;TATN:2026-05-16;TATN:2025-05-01;TATN:2026-03-17
314	20260806:314	18	1.341362	100039.1661	229.0206	0	ALRS:2025-03-10;ALRS:2025-02-13;GAZP:2025-02-03;LKOH:2025-08-11;MGNT:2025-02-28;MOEX:2026-02-28;MOEX:2026-05-23;MOEX:2026-04-03;NVTK:2026-01-04;ROSN:2025-04-21;ROSN:2025-02-28;SBER:2025-06-12;SBER:2025-03-04;SBER:2025-07-30;TATN:2026-06-04;TATN:2025-03-03;TATN:2025-02-06;TATN:2025-04-09
315	20260806:315	18	0.897651	-38197.1684	-546.4006	0	ALRS:2025-03-16;ALRS:2025-02-18;GAZP:2025-09-10;LKOH:2025-01-23;MGNT:2026-01-21;MOEX:2026-04-03;MOEX:2026-03-14;MOEX:2025-04-06;NVTK:2026-01-19;ROSN:2025-03-15;ROSN:2026-05-29;SBER:2025-01-22;SBER:2025-01-28;SBER:2025-09-15;TATN:2026-06-04;TATN:2025-01-21;TATN:2026-01-29;TATN:2025-01-07
316	20260806:316	18	1.630052	178769.5770	158.2919	0	ALRS:2025-09-11;ALRS:2025-09-12;GAZP:2026-01-05;LKOH:2025-05-10;MGNT:2026-03-29;MOEX:2025-03-10;MOEX:2026-05-11;MOEX:2026-05-20;NVTK:2025-08-05;ROSN:2025-08-15;ROSN:2025-08-11;SBER:2025-03-26;SBER:2025-04-13;SBER:2026-04-26;TATN:2025-08-18;TATN:2026-02-15;TATN:2026-01-29;TATN:2025-07-28
317	20260806:317	18	0.344503	-231282.9622	-37.4767	0	ALRS:2025-01-12;ALRS:2026-02-28;GAZP:2026-05-03;LKOH:2025-03-02;MGNT:2025-02-25;MOEX:2026-05-22;MOEX:2025-05-10;MOEX:2025-04-04;NVTK:2026-02-12;ROSN:2025-08-06;ROSN:2026-03-25;SBER:2026-06-15;SBER:2026-02-18;SBER:2026-06-10;TATN:2025-04-23;TATN:2025-02-18;TATN:2025-01-29;TATN:2025-02-28
318	20260806:318	18	0.572176	-131123.1689	-61.6176	0	ALRS:2025-04-10;ALRS:2025-04-12;GAZP:2025-08-06;LKOH:2025-05-18;MGNT:2026-02-02;MOEX:2025-12-08;MOEX:2025-02-23;MOEX:2025-03-13;NVTK:2025-09-30;ROSN:2025-08-23;ROSN:2025-09-17;SBER:2026-03-28;SBER:2025-06-09;SBER:2025-05-07;TATN:2025-06-03;TATN:2025-07-19;TATN:2026-05-23;TATN:2025-08-18
319	20260806:319	18	0.825659	-50321.9259	-281.6653	0	ALRS:2026-01-31;ALRS:2026-03-15;GAZP:2025-01-26;LKOH:2025-04-27;MGNT:2025-02-06;MOEX:2025-04-25;MOEX:2026-03-22;MOEX:2026-04-02;NVTK:2026-02-01;ROSN:2026-05-21;ROSN:2025-09-03;SBER:2025-03-04;SBER:2025-07-21;SBER:2026-04-30;TATN:2025-03-16;TATN:2025-06-24;TATN:2025-07-10;TATN:2026-04-26
320	20260806:320	18	1.814387	226008.7302	102.3316	0	ALRS:2025-03-24;ALRS:2025-02-27;GAZP:2025-03-06;LKOH:2025-01-09;MGNT:2025-05-03;MOEX:2025-04-25;MOEX:2025-02-18;MOEX:2026-01-30;NVTK:2025-08-19;ROSN:2026-03-04;ROSN:2025-08-12;SBER:2025-05-05;SBER:2025-07-26;SBER:2025-04-06;TATN:2025-07-02;TATN:2026-02-21;TATN:2026-03-11;TATN:2025-07-31
321	20260806:321	18	1.323679	64064.2110	270.9038	0	ALRS:2026-02-28;ALRS:2025-04-26;GAZP:2025-08-22;LKOH:2025-04-13;MGNT:2025-02-16;MOEX:2025-05-18;MOEX:2025-01-30;MOEX:2026-04-15;NVTK:2026-01-21;ROSN:2025-08-07;ROSN:2026-05-03;SBER:2025-11-25;SBER:2026-03-29;SBER:2025-04-25;TATN:2025-08-10;TATN:2026-03-22;TATN:2026-05-10;TATN:2025-07-26
322	20260806:322	18	1.596951	146691.1875	159.8263	0	ALRS:2025-09-15;ALRS:2025-04-07;GAZP:2026-03-23;LKOH:2025-04-27;MGNT:2025-02-26;MOEX:2026-03-17;MOEX:2025-03-03;MOEX:2025-02-09;NVTK:2025-03-26;ROSN:2026-03-09;ROSN:2026-02-26;SBER:2025-02-28;SBER:2026-04-01;SBER:2025-07-06;TATN:2025-08-13;TATN:2026-05-11;TATN:2026-03-24;TATN:2025-01-20
323	20260806:323	18	0.713856	-78352.0107	-159.1581	0	ALRS:2025-03-13;ALRS:2026-02-16;GAZP:2026-01-24;LKOH:2026-03-28;MGNT:2025-04-20;MOEX:2025-11-20;MOEX:2026-02-20;MOEX:2026-06-06;NVTK:2025-01-21;ROSN:2025-10-16;ROSN:2025-03-03;SBER:2026-03-26;SBER:2026-04-27;SBER:2025-02-11;TATN:2026-03-11;TATN:2025-01-27;TATN:2026-05-05;TATN:2025-02-18
324	20260806:324	18	0.624267	-113801.5376	-145.9331	0	ALRS:2026-02-03;ALRS:2025-03-20;GAZP:2026-03-24;LKOH:2025-09-04;MGNT:2025-01-23;MOEX:2026-04-07;MOEX:2026-04-14;MOEX:2025-03-12;NVTK:2026-04-29;ROSN:2025-08-21;ROSN:2026-05-25;SBER:2026-05-20;SBER:2025-04-21;SBER:2026-05-10;TATN:2026-05-18;TATN:2026-02-26;TATN:2025-04-29;TATN:2026-04-21
325	20260806:325	18	1.035249	11613.2343	1810.0242	0	ALRS:2025-01-23;ALRS:2025-01-13;GAZP:2025-01-23;LKOH:2025-01-13;MGNT:2025-02-06;MOEX:2025-03-15;MOEX:2026-03-08;MOEX:2025-02-02;NVTK:2025-08-07;ROSN:2025-09-23;ROSN:2026-03-11;SBER:2025-02-24;SBER:2026-05-19;SBER:2026-01-16;TATN:2025-04-14;TATN:2025-05-01;TATN:2026-06-14;TATN:2026-06-02
326	20260806:326	18	0.210143	-337894.4868	-20.1674	0	ALRS:2025-04-16;ALRS:2025-08-13;GAZP:2025-05-25;LKOH:2025-02-26;MGNT:2026-02-11;MOEX:2025-02-25;MOEX:2025-05-11;MOEX:2026-06-03;NVTK:2025-03-30;ROSN:2026-04-25;ROSN:2025-08-19;SBER:2026-06-06;SBER:2026-04-24;SBER:2026-04-24;TATN:2025-11-20;TATN:2026-03-23;TATN:2025-08-22;TATN:2025-07-18
327	20260806:327	18	0.135324	-249707.7990	-10.1094	0	ALRS:2025-05-14;ALRS:2026-03-01;GAZP:2025-05-26;LKOH:2026-04-04;MGNT:2026-02-28;MOEX:2026-04-08;MOEX:2025-03-03;MOEX:2026-06-02;NVTK:2025-09-01;ROSN:2025-08-13;ROSN:2026-03-29;SBER:2026-05-16;SBER:2025-06-01;SBER:2025-08-29;TATN:2026-01-28;TATN:2025-08-07;TATN:2025-01-29;TATN:2026-05-21
328	20260806:328	18	0.890908	-39833.8604	-515.3661	0	ALRS:2025-04-01;ALRS:2025-09-10;GAZP:2025-04-23;LKOH:2025-08-14;MGNT:2026-02-19;MOEX:2025-04-09;MOEX:2026-03-13;MOEX:2025-12-17;NVTK:2025-05-16;ROSN:2025-03-27;ROSN:2025-03-20;SBER:2026-01-19;SBER:2025-04-27;SBER:2025-09-08;TATN:2025-08-15;TATN:2026-02-16;TATN:2025-06-22;TATN:2026-02-28
329	20260806:329	18	1.054974	12802.8070	923.0312	0	ALRS:2025-01-30;ALRS:2025-02-05;GAZP:2026-03-23;LKOH:2025-10-16;MGNT:2025-03-06;MOEX:2025-03-14;MOEX:2025-04-05;MOEX:2026-03-29;NVTK:2025-03-19;ROSN:2025-04-23;ROSN:2025-10-05;SBER:2026-01-29;SBER:2026-05-25;SBER:2026-03-10;TATN:2026-01-28;TATN:2025-01-20;TATN:2026-04-07;TATN:2025-06-17
330	20260806:330	18	0.128396	-418493.8612	-10.3104	0	ALRS:2025-03-10;ALRS:2026-01-26;GAZP:2025-03-15;LKOH:2025-05-14;MGNT:2026-03-28;MOEX:2025-03-06;MOEX:2025-02-25;MOEX:2025-04-25;NVTK:2026-02-18;ROSN:2025-02-16;ROSN:2025-08-25;SBER:2025-08-21;SBER:2026-07-02;SBER:2025-08-05;TATN:2026-05-15;TATN:2025-04-28;TATN:2025-01-16;TATN:2025-04-29
331	20260806:331	18	0.406740	-274454.8019	-60.8248	0	ALRS:2026-02-05;ALRS:2025-03-12;GAZP:2025-04-29;LKOH:2026-04-07;MGNT:2025-02-04;MOEX:2025-02-06;MOEX:2026-01-23;MOEX:2026-02-16;NVTK:2025-01-21;ROSN:2026-04-14;ROSN:2026-04-28;SBER:2025-04-01;SBER:2025-08-22;SBER:2025-03-31;TATN:2026-04-08;TATN:2025-08-18;TATN:2025-07-01;TATN:2025-03-06
332	20260806:332	18	2.087833	242032.9864	99.8569	0	ALRS:2025-08-21;ALRS:2025-08-21;GAZP:2026-03-24;LKOH:2025-01-22;MGNT:2025-01-27;MOEX:2025-02-06;MOEX:2026-01-27;MOEX:2026-01-29;NVTK:2025-05-01;ROSN:2025-08-05;ROSN:2026-05-26;SBER:2025-08-16;SBER:2025-01-20;SBER:2026-01-23;TATN:2026-03-19;TATN:2026-04-02;TATN:2025-05-25;TATN:2026-02-10
333	20260806:333	18	0.845161	-55590.0069	-403.2260	0	ALRS:2026-02-26;ALRS:2025-05-10;GAZP:2025-04-28;LKOH:2025-05-13;MGNT:2025-02-23;MOEX:2026-01-31;MOEX:2026-02-11;MOEX:2026-02-07;NVTK:2025-12-24;ROSN:2025-02-09;ROSN:2025-03-25;SBER:2025-05-16;SBER:2026-05-05;SBER:2025-01-30;TATN:2026-06-05;TATN:2025-03-20;TATN:2026-02-20;TATN:2025-04-26
334	20260806:334	18	0.229921	-310298.1371	-21.2668	0	ALRS:2025-09-14;ALRS:2026-02-18;GAZP:2025-04-24;LKOH:2025-05-05;MGNT:2025-03-14;MOEX:2025-12-16;MOEX:2025-01-21;MOEX:2025-03-20;NVTK:2025-09-05;ROSN:2025-09-24;ROSN:2026-05-11;SBER:2026-05-14;SBER:2026-04-11;SBER:2026-01-31;TATN:2025-01-08;TATN:2025-02-27;TATN:2026-03-25;TATN:2026-06-13
335	20260806:335	18	1.379987	110880.3257	188.7223	0	ALRS:2025-05-12;ALRS:2025-09-10;GAZP:2026-03-15;LKOH:2025-03-31;MGNT:2025-04-24;MOEX:2025-12-17;MOEX:2026-01-11;MOEX:2026-04-13;NVTK:2025-11-05;ROSN:2025-01-15;ROSN:2025-09-17;SBER:2025-07-31;SBER:2026-04-29;SBER:2025-09-09;TATN:2025-01-15;TATN:2025-04-27;TATN:2026-02-20;TATN:2026-05-05
336	20260806:336	18	0.014988	-486898.5832	-1.5216	0	ALRS:2026-02-07;ALRS:2026-02-27;GAZP:2025-05-16;LKOH:2025-03-09;MGNT:2025-04-01;MOEX:2026-04-17;MOEX:2025-12-26;MOEX:2026-03-09;NVTK:2026-01-29;ROSN:2026-04-29;ROSN:2026-05-15;SBER:2026-05-11;SBER:2026-04-24;SBER:2025-09-05;TATN:2026-04-09;TATN:2025-07-01;TATN:2025-03-10;TATN:2025-05-06
337	20260806:337	18	1.116387	34301.1045	583.2169	0	ALRS:2025-04-13;ALRS:2026-02-02;GAZP:2026-04-25;LKOH:2025-04-20;MGNT:2026-03-22;MOEX:2025-01-22;MOEX:2025-03-06;MOEX:2025-12-14;NVTK:2025-12-28;ROSN:2025-08-28;ROSN:2026-04-21;SBER:2025-04-03;SBER:2025-04-04;SBER:2025-03-15;TATN:2026-02-18;TATN:2025-02-18;TATN:2026-03-08;TATN:2025-09-29
338	20260806:338	18	0.332088	-361973.7408	-39.0469	0	ALRS:2025-05-09;ALRS:2025-04-22;GAZP:2025-02-13;LKOH:2025-04-01;MGNT:2025-04-28;MOEX:2026-02-26;MOEX:2025-03-04;MOEX:2025-01-21;NVTK:2025-12-09;ROSN:2026-02-28;ROSN:2026-04-22;SBER:2025-08-19;SBER:2026-02-27;SBER:2026-05-30;TATN:2025-06-08;TATN:2025-07-04;TATN:2026-06-10;TATN:2025-07-02
339	20260806:339	18	0.239773	-324982.6527	-19.6259	0	ALRS:2025-04-10;ALRS:2025-05-02;GAZP:2025-03-24;LKOH:2025-03-17;MGNT:2026-04-05;MOEX:2025-12-12;MOEX:2025-03-01;MOEX:2026-03-26;NVTK:2025-03-12;ROSN:2025-04-25;ROSN:2025-08-23;SBER:2025-05-04;SBER:2025-06-23;SBER:2025-11-30;TATN:2025-08-19;TATN:2025-08-17;TATN:2025-07-02;TATN:2025-04-12
340	20260806:340	18	0.637467	-116930.6738	-87.2454	0	ALRS:2025-03-26;ALRS:2026-02-19;GAZP:2025-07-23;LKOH:2025-04-03;MGNT:2025-03-02;MOEX:2026-05-28;MOEX:2025-05-06;MOEX:2026-02-25;NVTK:2025-01-16;ROSN:2026-04-10;ROSN:2025-01-14;SBER:2026-02-07;SBER:2025-07-30;SBER:2025-07-26;TATN:2025-04-28;TATN:2025-04-07;TATN:2026-05-23;TATN:2026-03-09
341	20260806:341	18	0.922580	-27250.4015	-470.6976	0	ALRS:2026-03-13;ALRS:2025-03-11;GAZP:2025-03-30;LKOH:2025-03-17;MGNT:2025-04-27;MOEX:2025-04-08;MOEX:2026-02-20;MOEX:2026-04-22;NVTK:2025-10-09;ROSN:2025-03-05;ROSN:2025-04-09;SBER:2025-09-10;SBER:2025-07-26;SBER:2026-04-11;TATN:2025-05-10;TATN:2026-04-29;TATN:2025-04-03;TATN:2026-04-19
342	20260806:342	18	0.223253	-408114.0659	-22.8348	0	ALRS:2025-03-26;ALRS:2025-05-18;GAZP:2025-11-25;LKOH:2025-02-11;MGNT:2025-02-19;MOEX:2026-01-13;MOEX:2025-04-20;MOEX:2026-03-17;NVTK:2025-09-13;ROSN:2026-03-25;ROSN:2026-05-13;SBER:2026-01-16;SBER:2026-06-07;SBER:2026-06-12;TATN:2025-05-26;TATN:2025-02-26;TATN:2026-04-27;TATN:2025-05-10
343	20260806:343	18	0.396676	-170103.9378	-36.6643	0	ALRS:2025-04-03;ALRS:2025-04-12;GAZP:2025-11-20;LKOH:2025-02-10;MGNT:2025-02-19;MOEX:2025-12-16;MOEX:2026-01-14;MOEX:2026-02-10;NVTK:2025-04-16;ROSN:2025-03-31;ROSN:2025-08-15;SBER:2025-12-09;SBER:2026-06-26;SBER:2026-07-02;TATN:2025-05-14;TATN:2025-03-13;TATN:2025-02-17;TATN:2025-11-20
344	20260806:344	18	1.256168	81156.5540	233.5789	0	ALRS:2025-08-13;ALRS:2025-05-05;GAZP:2025-04-03;LKOH:2025-01-26;MGNT:2026-03-16;MOEX:2025-05-20;MOEX:2026-02-22;MOEX:2025-03-20;NVTK:2025-03-27;ROSN:2025-04-03;ROSN:2026-04-15;SBER:2025-08-17;SBER:2025-04-22;SBER:2026-05-14;TATN:2025-05-02;TATN:2026-04-04;TATN:2026-02-18;TATN:2026-05-02
345	20260806:345	18	0.450797	-213875.3626	-64.8217	0	ALRS:2025-01-27;ALRS:2025-03-29;GAZP:2026-04-14;LKOH:2026-04-29;MGNT:2025-04-05;MOEX:2025-05-18;MOEX:2026-03-11;MOEX:2025-04-06;NVTK:2025-11-25;ROSN:2025-03-23;ROSN:2026-02-20;SBER:2025-07-23;SBER:2025-06-26;SBER:2026-01-29;TATN:2025-04-20;TATN:2025-08-07;TATN:2025-07-06;TATN:2025-06-25
346	20260806:346	18	0.442815	-238868.0455	-59.9664	0	ALRS:2025-02-17;ALRS:2025-01-22;GAZP:2025-12-13;LKOH:2025-02-24;MGNT:2025-05-11;MOEX:2026-02-05;MOEX:2026-05-20;MOEX:2026-04-06;NVTK:2025-11-29;ROSN:2026-05-21;ROSN:2025-09-14;SBER:2026-03-19;SBER:2026-04-02;SBER:2025-09-16;TATN:2025-02-11;TATN:2026-04-23;TATN:2026-05-04;TATN:2025-05-18
347	20260806:347	18	0.293038	-270823.3784	-25.5261	0	ALRS:2025-04-28;ALRS:2025-03-24;GAZP:2025-03-16;LKOH:2026-03-03;MGNT:2026-02-15;MOEX:2026-02-19;MOEX:2025-03-23;MOEX:2026-04-21;NVTK:2026-04-19;ROSN:2025-01-16;ROSN:2025-09-10;SBER:2025-05-25;SBER:2026-04-28;SBER:2026-02-04;TATN:2025-04-11;TATN:2025-07-27;TATN:2025-08-06;TATN:2025-02-09
348	20260806:348	18	0.703120	-86106.8734	-140.5990	0	ALRS:2026-01-29;ALRS:2025-01-27;GAZP:2025-05-06;LKOH:2026-04-03;MGNT:2025-03-31;MOEX:2025-03-20;MOEX:2025-02-12;MOEX:2025-03-30;NVTK:2026-02-02;ROSN:2025-03-14;ROSN:2025-01-28;SBER:2025-03-06;SBER:2026-02-20;SBER:2025-07-13;TATN:2025-04-22;TATN:2026-03-22;TATN:2025-04-14;TATN:2025-03-03
349	20260806:349	18	0.681467	-140777.6877	-125.1635	0	ALRS:2025-04-13;ALRS:2025-03-12;GAZP:2026-05-02;LKOH:2025-04-29;MGNT:2025-03-06;MOEX:2026-02-17;MOEX:2025-05-21;MOEX:2025-05-12;NVTK:2026-03-18;ROSN:2026-05-27;ROSN:2026-04-16;SBER:2026-06-15;SBER:2026-04-04;SBER:2026-05-17;TATN:2026-02-12;TATN:2026-03-24;TATN:2026-06-05;TATN:2026-03-10
350	20260806:350	18	0.239933	-276507.6967	-12.5051	0	ALRS:2025-08-17;ALRS:2025-03-26;GAZP:2026-02-19;LKOH:2025-01-12;MGNT:2026-01-21;MOEX:2026-02-11;MOEX:2025-05-10;MOEX:2026-03-23;NVTK:2025-12-15;ROSN:2025-08-26;ROSN:2025-08-10;SBER:2025-11-20;SBER:2026-03-22;SBER:2026-04-15;TATN:2025-06-07;TATN:2025-01-12;TATN:2025-08-19;TATN:2025-05-17
351	20260806:351	18	0.737285	-82592.5562	-137.4169	0	ALRS:2026-02-27;ALRS:2025-04-26;GAZP:2025-07-23;LKOH:2025-02-05;MGNT:2026-02-05;MOEX:2025-06-30;MOEX:2025-02-19;MOEX:2025-03-30;NVTK:2025-04-09;ROSN:2026-05-16;ROSN:2025-03-13;SBER:2026-06-06;SBER:2025-05-04;SBER:2025-09-16;TATN:2025-01-07;TATN:2025-04-14;TATN:2025-06-30;TATN:2025-03-30
352	20260806:352	18	1.016625	3909.3258	3532.6817	0	ALRS:2025-05-14;ALRS:2026-02-17;GAZP:2026-05-03;LKOH:2025-04-11;MGNT:2025-03-27;MOEX:2026-04-02;MOEX:2026-05-31;MOEX:2025-04-22;NVTK:2025-05-28;ROSN:2026-03-01;ROSN:2025-09-12;SBER:2025-04-23;SBER:2025-02-04;SBER:2025-08-28;TATN:2025-07-04;TATN:2025-06-10;TATN:2026-04-12;TATN:2025-02-06
353	20260806:353	18	0.773943	-65991.9504	-233.1899	0	ALRS:2026-03-14;ALRS:2025-05-14;GAZP:2026-01-22;LKOH:2025-02-19;MGNT:2025-04-11;MOEX:2026-03-18;MOEX:2025-04-12;MOEX:2026-06-01;NVTK:2026-02-21;ROSN:2026-05-18;ROSN:2025-04-12;SBER:2025-06-15;SBER:2025-01-27;SBER:2026-03-25;TATN:2026-03-25;TATN:2025-06-28;TATN:2026-03-01;TATN:2026-04-19
354	20260806:354	18	0.754147	-65948.5249	-189.1701	0	ALRS:2025-04-05;ALRS:2025-02-17;GAZP:2026-02-26;LKOH:2025-05-16;MGNT:2025-01-28;MOEX:2026-04-01;MOEX:2025-12-12;MOEX:2026-06-13;NVTK:2025-03-12;ROSN:2026-03-26;ROSN:2025-10-15;SBER:2025-11-27;SBER:2025-09-14;SBER:2026-04-25;TATN:2025-01-12;TATN:2025-07-08;TATN:2026-04-09;TATN:2026-06-08
355	20260806:355	18	0.884319	-26978.3323	-371.5264	0	ALRS:2025-04-03;ALRS:2025-08-19;GAZP:2025-11-28;LKOH:2025-01-22;MGNT:2025-01-28;MOEX:2026-01-23;MOEX:2025-04-06;MOEX:2025-12-15;NVTK:2026-03-26;ROSN:2025-09-05;ROSN:2025-10-05;SBER:2026-03-28;SBER:2026-06-08;SBER:2025-06-07;TATN:2026-03-22;TATN:2025-01-23;TATN:2026-04-03;TATN:2025-07-23
356	20260806:356	18	0.133793	-478104.7814	-12.6936	0	ALRS:2025-05-13;ALRS:2025-02-27;GAZP:2025-02-28;LKOH:2025-04-05;MGNT:2025-04-09;MOEX:2026-06-10;MOEX:2025-11-19;MOEX:2026-03-04;NVTK:2026-04-01;ROSN:2025-03-13;ROSN:2025-04-09;SBER:2026-07-04;SBER:2025-08-24;SBER:2026-06-06;TATN:2025-05-13;TATN:2025-03-31;TATN:2026-04-05;TATN:2026-01-31
357	20260806:357	18	0.660181	-125459.8632	-108.2970	0	ALRS:2025-01-22;ALRS:2025-04-02;GAZP:2025-03-29;LKOH:2025-01-13;MGNT:2026-02-04;MOEX:2026-05-21;MOEX:2025-11-19;MOEX:2026-05-22;NVTK:2026-04-08;ROSN:2025-01-15;ROSN:2025-04-23;SBER:2025-05-09;SBER:2025-07-07;SBER:2026-03-24;TATN:2026-03-22;TATN:2025-08-18;TATN:2026-04-27;TATN:2025-07-03
358	20260806:358	18	0.421840	-188884.6956	-37.8007	0	ALRS:2026-03-18;ALRS:2025-05-05;GAZP:2025-11-27;LKOH:2025-01-28;MGNT:2026-03-29;MOEX:2026-02-08;MOEX:2025-05-02;MOEX:2026-04-08;NVTK:2025-09-13;ROSN:2025-04-10;ROSN:2026-05-17;SBER:2025-08-13;SBER:2025-07-31;SBER:2025-06-05;TATN:2025-02-28;TATN:2025-01-22;TATN:2025-04-17;TATN:2026-04-27
359	20260806:359	18	0.626990	-145262.3195	-95.6979	0	ALRS:2025-09-18;ALRS:2025-02-02;GAZP:2025-11-27;LKOH:2025-02-27;MGNT:2026-01-20;MOEX:2025-01-23;MOEX:2026-01-17;MOEX:2025-02-12;NVTK:2025-10-01;ROSN:2025-10-16;ROSN:2026-04-26;SBER:2025-02-18;SBER:2025-08-03;SBER:2025-07-02;TATN:2025-02-11;TATN:2025-04-05;TATN:2025-01-16;TATN:2026-03-15
360	20260806:360	18	0.366252	-298420.7615	-38.1283	0	ALRS:2026-03-09;ALRS:2025-03-11;GAZP:2025-01-30;LKOH:2025-09-01;MGNT:2026-04-07;MOEX:2025-02-10;MOEX:2025-02-25;MOEX:2025-04-28;NVTK:2025-04-02;ROSN:2026-06-02;ROSN:2025-01-15;SBER:2025-07-21;SBER:2026-03-01;SBER:2025-09-02;TATN:2025-07-22;TATN:2025-01-16;TATN:2026-03-14;TATN:2025-05-15
361	20260806:361	18	0.391768	-201632.4220	-48.7242	0	ALRS:2025-03-31;ALRS:2026-03-10;GAZP:2026-04-05;LKOH:2025-01-30;MGNT:2026-02-17;MOEX:2025-03-18;MOEX:2026-01-23;MOEX:2026-05-22;NVTK:2025-12-03;ROSN:2025-01-26;ROSN:2026-04-27;SBER:2025-11-28;SBER:2025-02-18;SBER:2026-03-13;TATN:2025-02-26;TATN:2025-01-16;TATN:2025-05-01;TATN:2026-05-17
362	20260806:362	18	0.557286	-171833.5836	-91.3093	0	ALRS:2025-05-09;ALRS:2025-03-27;GAZP:2025-02-16;LKOH:2025-01-02;MGNT:2026-01-21;MOEX:2025-03-28;MOEX:2025-02-11;MOEX:2026-06-15;NVTK:2026-03-18;ROSN:2026-03-10;ROSN:2025-08-13;SBER:2025-11-27;SBER:2025-01-15;SBER:2025-01-30;TATN:2026-04-18;TATN:2025-04-09;TATN:2025-05-26;TATN:2025-02-28
363	20260806:363	18	0.963982	-10722.2345	-1219.0846	0	ALRS:2025-02-17;ALRS:2026-03-15;GAZP:2025-03-28;LKOH:2025-04-29;MGNT:2026-01-29;MOEX:2026-05-11;MOEX:2025-02-27;MOEX:2025-03-01;NVTK:2025-10-07;ROSN:2025-09-05;ROSN:2025-09-15;SBER:2025-09-09;SBER:2025-01-15;SBER:2026-03-29;TATN:2026-05-30;TATN:2026-05-19;TATN:2026-04-30;TATN:2025-04-06
364	20260806:364	18	0.556150	-125272.4288	-74.2808	0	ALRS:2025-03-15;ALRS:2025-04-08;GAZP:2026-02-21;LKOH:2025-04-12;MGNT:2026-03-14;MOEX:2025-07-01;MOEX:2025-11-24;MOEX:2025-01-26;NVTK:2025-12-25;ROSN:2026-03-09;ROSN:2025-04-26;SBER:2025-12-04;SBER:2025-09-21;SBER:2026-03-22;TATN:2025-04-26;TATN:2025-05-07;TATN:2025-06-05;TATN:2025-07-07
365	20260806:365	18	1.041060	9076.0321	2061.2972	0	ALRS:2025-08-10;ALRS:2025-09-08;GAZP:2025-06-01;LKOH:2025-01-13;MGNT:2025-04-08;MOEX:2026-02-21;MOEX:2026-02-28;MOEX:2025-04-27;NVTK:2025-03-01;ROSN:2025-09-18;ROSN:2025-08-15;SBER:2026-03-13;SBER:2025-04-06;SBER:2025-09-06;TATN:2026-02-20;TATN:2025-02-16;TATN:2025-09-25;TATN:2025-05-05
366	20260806:366	18	0.345001	-348532.0343	-43.4680	0	ALRS:2025-04-02;ALRS:2025-03-26;GAZP:2026-02-23;LKOH:2025-05-15;MGNT:2025-03-25;MOEX:2025-03-31;MOEX:2026-02-27;MOEX:2025-03-17;NVTK:2026-05-15;ROSN:2026-05-25;ROSN:2026-04-28;SBER:2025-09-14;SBER:2026-03-26;SBER:2025-08-23;TATN:2025-04-21;TATN:2026-04-11;TATN:2025-03-05;TATN:2025-07-10
367	20260806:367	18	0.988727	-3990.2201	-5973.5618	0	ALRS:2026-01-28;ALRS:2025-01-28;GAZP:2025-02-20;LKOH:2026-03-28;MGNT:2025-02-16;MOEX:2026-04-09;MOEX:2025-02-26;MOEX:2026-03-22;NVTK:2025-05-18;ROSN:2025-08-18;ROSN:2025-04-21;SBER:2025-02-03;SBER:2026-01-29;SBER:2026-01-23;TATN:2025-07-28;TATN:2025-02-18;TATN:2025-05-19;TATN:2025-05-07
368	20260806:368	18	0.343146	-221647.5887	-40.5749	0	ALRS:2026-02-21;ALRS:2026-02-12;GAZP:2026-02-05;LKOH:2026-03-17;MGNT:2025-04-23;MOEX:2026-02-25;MOEX:2025-01-21;MOEX:2025-04-23;NVTK:2025-02-09;ROSN:2026-03-23;ROSN:2025-02-20;SBER:2026-04-13;SBER:2026-06-27;SBER:2025-02-26;TATN:2025-08-19;TATN:2025-06-14;TATN:2025-04-10;TATN:2025-02-05
369	20260806:369	18	0.241157	-439361.9829	-29.7154	0	ALRS:2025-03-26;ALRS:2025-08-11;GAZP:2026-05-15;LKOH:2025-03-24;MGNT:2025-05-03;MOEX:2025-12-20;MOEX:2025-05-10;MOEX:2025-03-16;NVTK:2025-04-12;ROSN:2025-08-19;ROSN:2025-02-13;SBER:2025-04-04;SBER:2025-09-07;SBER:2026-06-21;TATN:2025-08-13;TATN:2026-04-25;TATN:2026-03-24;TATN:2025-03-25
370	20260806:370	18	1.005481	2166.0209	11587.6536	0	ALRS:2025-03-16;ALRS:2026-02-25;GAZP:2026-01-08;LKOH:2025-02-04;MGNT:2025-04-06;MOEX:2026-02-01;MOEX:2025-03-23;MOEX:2025-03-04;NVTK:2025-04-29;ROSN:2025-02-12;ROSN:2026-04-03;SBER:2025-03-26;SBER:2026-06-29;SBER:2025-06-05;TATN:2026-03-09;TATN:2025-08-05;TATN:2026-02-23;TATN:2026-02-25
371	20260806:371	18	0.622731	-136429.0769	-124.9511	0	ALRS:2025-09-11;ALRS:2025-03-27;GAZP:2025-04-13;LKOH:2025-03-12;MGNT:2025-02-24;MOEX:2025-03-02;MOEX:2025-05-05;MOEX:2026-03-27;NVTK:2026-01-16;ROSN:2025-09-23;ROSN:2026-04-13;SBER:2026-03-18;SBER:2026-04-09;SBER:2026-02-21;TATN:2025-01-16;TATN:2025-03-28;TATN:2026-02-22;TATN:2025-04-22
372	20260806:372	18	0.165002	-316324.1042	-12.5936	0	ALRS:2025-03-27;ALRS:2026-02-20;GAZP:2025-12-04;LKOH:2025-01-27;MGNT:2025-03-26;MOEX:2026-02-22;MOEX:2025-12-26;MOEX:2026-01-23;NVTK:2025-06-05;ROSN:2026-03-13;ROSN:2026-03-26;SBER:2025-07-02;SBER:2026-01-15;SBER:2026-03-08;TATN:2025-02-09;TATN:2025-03-02;TATN:2026-04-20;TATN:2025-03-31
373	20260806:373	18	0.577555	-160583.1221	-119.1168	0	ALRS:2026-02-16;ALRS:2026-02-07;GAZP:2026-02-21;LKOH:2025-05-11;MGNT:2026-03-16;MOEX:2026-05-23;MOEX:2026-06-13;MOEX:2025-02-17;NVTK:2025-05-01;ROSN:2025-02-17;ROSN:2026-03-04;SBER:2026-06-02;SBER:2025-05-30;SBER:2026-06-26;TATN:2026-05-19;TATN:2026-04-02;TATN:2026-02-08;TATN:2025-05-07
374	20260806:374	18	2.726101	321434.7840	63.3649	0	ALRS:2025-01-13;ALRS:2025-01-19;GAZP:2025-02-18;LKOH:2025-02-05;MGNT:2025-02-11;MOEX:2026-02-09;MOEX:2025-05-19;MOEX:2025-02-04;NVTK:2026-04-01;ROSN:2025-04-06;ROSN:2025-02-10;SBER:2026-01-28;SBER:2025-09-01;SBER:2026-03-02;TATN:2026-05-01;TATN:2025-08-03;TATN:2026-03-19;TATN:2026-04-05
375	20260806:375	18	0.234417	-361268.7778	-20.0717	0	ALRS:2025-03-12;ALRS:2025-03-05;GAZP:2026-02-26;LKOH:2025-03-04;MGNT:2026-02-16;MOEX:2025-03-25;MOEX:2026-02-19;MOEX:2026-01-28;NVTK:2026-04-05;ROSN:2026-03-24;ROSN:2025-04-26;SBER:2025-08-05;SBER:2025-01-09;SBER:2025-08-06;TATN:2025-08-05;TATN:2025-02-28;TATN:2025-06-29;TATN:2025-05-17
376	20260806:376	18	0.273789	-319939.8548	-18.6781	0	ALRS:2025-04-20;ALRS:2025-03-12;GAZP:2025-03-23;LKOH:2025-04-23;MGNT:2026-03-22;MOEX:2025-03-02;MOEX:2026-01-28;MOEX:2026-01-17;NVTK:2025-02-18;ROSN:2025-09-18;ROSN:2025-03-19;SBER:2025-06-01;SBER:2025-04-17;SBER:2025-07-24;TATN:2026-03-02;TATN:2025-05-21;TATN:2025-07-19;TATN:2025-03-18
377	20260806:377	18	0.530483	-216667.6737	-84.9245	0	ALRS:2025-04-07;ALRS:2025-04-27;GAZP:2026-01-28;LKOH:2026-04-11;MGNT:2026-02-23;MOEX:2025-02-19;MOEX:2025-05-14;MOEX:2025-02-03;NVTK:2026-03-16;ROSN:2025-01-14;ROSN:2025-02-16;SBER:2026-06-02;SBER:2026-04-10;SBER:2025-09-21;TATN:2026-05-27;TATN:2025-02-27;TATN:2025-04-13;TATN:2026-03-13
378	20260806:378	18	0.401508	-293525.5056	-39.5905	0	ALRS:2025-09-17;ALRS:2026-02-28;GAZP:2025-05-13;LKOH:2025-02-03;MGNT:2025-02-20;MOEX:2026-03-02;MOEX:2025-05-12;MOEX:2026-05-30;NVTK:2025-11-23;ROSN:2026-04-12;ROSN:2026-03-11;SBER:2025-03-27;SBER:2025-08-15;SBER:2025-02-10;TATN:2025-01-07;TATN:2025-05-15;TATN:2025-05-29;TATN:2026-04-30
379	20260806:379	18	0.769914	-104873.1287	-161.2073	0	ALRS:2025-01-26;ALRS:2025-03-09;GAZP:2025-11-16;LKOH:2025-05-16;MGNT:2026-04-08;MOEX:2025-04-25;MOEX:2025-03-17;MOEX:2026-06-05;NVTK:2025-11-30;ROSN:2026-03-11;ROSN:2026-03-27;SBER:2026-03-03;SBER:2025-04-07;SBER:2025-12-10;TATN:2026-04-16;TATN:2026-06-15;TATN:2026-06-13;TATN:2025-04-03
380	20260806:380	18	0.844223	-44137.8757	-371.9582	0	ALRS:2025-08-17;ALRS:2025-04-04;GAZP:2026-02-09;LKOH:2026-04-28;MGNT:2025-02-18;MOEX:2026-04-03;MOEX:2025-05-12;MOEX:2026-06-11;NVTK:2025-07-05;ROSN:2025-09-25;ROSN:2025-02-04;SBER:2025-08-10;SBER:2025-03-16;SBER:2025-01-20;TATN:2025-03-13;TATN:2025-06-23;TATN:2026-03-02;TATN:2025-08-19
381	20260806:381	18	0.870522	-48436.2019	-365.9139	0	ALRS:2025-02-25;ALRS:2025-02-06;GAZP:2025-02-16;LKOH:2025-03-20;MGNT:2025-02-04;MOEX:2026-03-02;MOEX:2025-04-12;MOEX:2025-04-13;NVTK:2025-05-27;ROSN:2025-01-07;ROSN:2025-03-30;SBER:2026-06-17;SBER:2025-08-24;SBER:2025-05-30;TATN:2026-02-16;TATN:2026-03-25;TATN:2025-03-05;TATN:2026-03-01
382	20260806:382	18	0.635578	-120167.1778	-96.1359	0	ALRS:2025-04-09;ALRS:2025-03-28;GAZP:2026-02-24;LKOH:2025-03-25;MGNT:2026-04-15;MOEX:2026-04-03;MOEX:2025-04-11;MOEX:2026-03-22;NVTK:2026-02-23;ROSN:2025-02-20;ROSN:2025-09-02;SBER:2025-02-18;SBER:2025-06-22;SBER:2026-02-15;TATN:2026-04-08;TATN:2026-04-12;TATN:2026-05-02;TATN:2025-06-16
383	20260806:383	18	0.114397	-457793.9908	-11.1070	0	ALRS:2025-09-09;ALRS:2025-03-13;GAZP:2026-04-26;LKOH:2026-03-19;MGNT:2026-04-03;MOEX:2026-03-23;MOEX:2025-12-25;MOEX:2025-02-24;NVTK:2026-05-16;ROSN:2025-01-28;ROSN:2026-05-05;SBER:2026-02-01;SBER:2025-06-27;SBER:2026-02-07;TATN:2025-04-24;TATN:2025-08-10;TATN:2026-03-30;TATN:2026-06-18
384	20260806:384	18	0.447280	-237167.7573	-46.5103	0	ALRS:2026-02-27;ALRS:2025-04-09;GAZP:2026-05-12;LKOH:2025-04-21;MGNT:2026-01-22;MOEX:2025-03-14;MOEX:2025-05-15;MOEX:2025-04-08;NVTK:2025-05-20;ROSN:2025-02-04;ROSN:2026-05-05;SBER:2026-03-29;SBER:2025-08-04;SBER:2025-09-11;TATN:2026-04-09;TATN:2026-04-03;TATN:2025-05-11;TATN:2025-04-16
385	20260806:385	18	0.265216	-368732.7521	-32.5396	0	ALRS:2026-03-09;ALRS:2025-08-21;GAZP:2026-05-14;LKOH:2025-01-22;MGNT:2025-03-19;MOEX:2026-02-26;MOEX:2026-03-13;MOEX:2026-03-15;NVTK:2026-04-11;ROSN:2025-09-11;ROSN:2026-05-02;SBER:2026-07-08;SBER:2025-01-23;SBER:2025-09-08;TATN:2026-06-11;TATN:2025-02-09;TATN:2025-08-11;TATN:2025-01-28
386	20260806:386	18	0.285043	-262635.1472	-24.0146	0	ALRS:2025-08-13;ALRS:2025-08-18;GAZP:2025-04-26;LKOH:2025-03-15;MGNT:2025-03-18;MOEX:2026-03-09;MOEX:2026-04-19;MOEX:2025-12-09;NVTK:2026-03-14;ROSN:2025-01-23;ROSN:2026-03-10;SBER:2025-03-12;SBER:2025-05-22;SBER:2026-02-16;TATN:2026-05-27;TATN:2026-04-11;TATN:2025-02-19;TATN:2025-02-23
387	20260806:387	18	0.829758	-55874.5271	-323.5043	0	ALRS:2025-02-11;ALRS:2025-02-23;GAZP:2026-03-12;LKOH:2025-09-13;MGNT:2025-04-16;MOEX:2025-01-30;MOEX:2026-04-23;MOEX:2025-05-07;NVTK:2026-03-30;ROSN:2026-05-22;ROSN:2025-01-19;SBER:2025-05-18;SBER:2025-09-03;SBER:2025-07-28;TATN:2025-01-14;TATN:2025-03-18;TATN:2025-01-12;TATN:2026-04-09
388	20260806:388	18	0.558868	-216910.6918	-103.1888	0	ALRS:2025-02-23;ALRS:2025-03-25;GAZP:2025-04-28;LKOH:2025-01-28;MGNT:2025-03-15;MOEX:2026-04-14;MOEX:2025-02-03;MOEX:2025-02-13;NVTK:2026-03-14;ROSN:2026-05-24;ROSN:2026-05-19;SBER:2025-08-15;SBER:2026-05-11;SBER:2026-06-05;TATN:2026-05-28;TATN:2025-03-27;TATN:2025-05-07;TATN:2026-05-05
389	20260806:389	18	0.351085	-360975.5121	-49.5100	0	ALRS:2025-08-23;ALRS:2026-03-05;GAZP:2025-12-03;LKOH:2025-01-15;MGNT:2025-05-11;MOEX:2025-04-13;MOEX:2026-02-17;MOEX:2025-12-27;NVTK:2025-07-19;ROSN:2025-03-11;ROSN:2025-08-27;SBER:2025-03-06;SBER:2026-06-03;SBER:2026-07-06;TATN:2026-06-10;TATN:2025-03-03;TATN:2026-06-12;TATN:2026-02-18
390	20260806:390	18	1.192379	69222.4878	334.9218	0	ALRS:2025-03-25;ALRS:2025-02-26;GAZP:2025-03-26;LKOH:2025-09-04;MGNT:2025-04-15;MOEX:2025-03-26;MOEX:2025-02-05;MOEX:2026-05-12;NVTK:2026-05-16;ROSN:2025-04-10;ROSN:2025-03-11;SBER:2026-07-06;SBER:2026-03-05;SBER:2025-08-22;TATN:2026-02-17;TATN:2025-06-19;TATN:2025-04-15;TATN:2025-07-31
391	20260806:391	18	0.713803	-75505.0766	-165.2272	0	ALRS:2025-03-13;ALRS:2025-08-17;GAZP:2026-04-08;LKOH:2025-04-10;MGNT:2025-01-28;MOEX:2026-04-07;MOEX:2025-02-28;MOEX:2026-03-17;NVTK:2025-11-04;ROSN:2025-04-11;ROSN:2025-09-05;SBER:2025-12-08;SBER:2026-03-17;SBER:2025-07-11;TATN:2025-06-03;TATN:2026-03-05;TATN:2025-07-08;TATN:2025-05-01
392	20260806:392	18	0.857996	-54593.4165	-390.7513	0	ALRS:2025-02-19;ALRS:2025-03-29;GAZP:2025-08-21;LKOH:2026-03-17;MGNT:2025-03-16;MOEX:2025-05-12;MOEX:2025-04-08;MOEX:2026-03-25;NVTK:2026-01-22;ROSN:2025-03-06;ROSN:2025-01-12;SBER:2025-06-10;SBER:2025-04-09;SBER:2025-07-06;TATN:2025-07-02;TATN:2026-02-27;TATN:2026-03-25;TATN:2026-02-24
393	20260806:393	18	0.286361	-292507.8312	-34.9445	0	ALRS:2025-09-11;ALRS:2025-02-11;GAZP:2025-04-21;LKOH:2025-08-16;MGNT:2025-03-24;MOEX:2025-12-18;MOEX:2026-04-21;MOEX:2026-02-04;NVTK:2026-04-09;ROSN:2026-04-24;ROSN:2025-01-21;SBER:2025-03-19;SBER:2026-06-24;SBER:2026-02-25;TATN:2026-06-06;TATN:2026-04-05;TATN:2025-04-03;TATN:2025-06-29
394	20260806:394	18	0.171967	-297385.1802	-14.5369	0	ALRS:2025-05-02;ALRS:2025-01-15;GAZP:2026-05-01;LKOH:2026-04-04;MGNT:2025-04-14;MOEX:2025-03-06;MOEX:2025-03-19;MOEX:2026-04-11;NVTK:2025-10-02;ROSN:2025-10-05;ROSN:2026-04-06;SBER:2026-03-15;SBER:2025-01-07;SBER:2026-02-18;TATN:2025-01-21;TATN:2026-04-26;TATN:2025-03-11;TATN:2025-01-20
395	20260806:395	18	0.315564	-212064.7051	-25.0898	0	ALRS:2025-09-10;ALRS:2025-02-13;GAZP:2025-11-25;LKOH:2025-03-15;MGNT:2026-03-26;MOEX:2025-12-15;MOEX:2026-03-12;MOEX:2025-01-26;NVTK:2025-10-19;ROSN:2026-05-29;ROSN:2026-01-29;SBER:2025-06-28;SBER:2025-02-27;SBER:2025-07-08;TATN:2026-03-23;TATN:2025-01-14;TATN:2025-02-25;TATN:2025-06-01
396	20260806:396	18	0.768162	-90486.2659	-191.2294	0	ALRS:2025-02-23;ALRS:2025-02-03;GAZP:2025-11-15;LKOH:2025-03-01;MGNT:2026-03-12;MOEX:2026-02-05;MOEX:2026-05-12;MOEX:2026-03-19;NVTK:2025-02-10;ROSN:2025-09-06;ROSN:2025-01-16;SBER:2025-07-29;SBER:2025-03-28;SBER:2025-04-14;TATN:2025-05-12;TATN:2025-04-21;TATN:2025-07-22;TATN:2025-08-19
397	20260806:397	18	0.554871	-169921.7897	-65.5683	0	ALRS:2025-02-16;ALRS:2025-05-03;GAZP:2026-02-28;LKOH:2025-05-01;MGNT:2025-02-05;MOEX:2025-12-19;MOEX:2025-12-25;MOEX:2025-02-11;NVTK:2026-05-07;ROSN:2025-03-17;ROSN:2026-03-19;SBER:2026-07-07;SBER:2026-03-01;SBER:2026-04-10;TATN:2025-04-06;TATN:2025-07-09;TATN:2026-05-24;TATN:2026-03-01
398	20260806:398	18	1.023669	9049.1323	3077.4805	0	ALRS:2026-02-21;ALRS:2026-02-21;GAZP:2025-02-09;LKOH:2025-08-29;MGNT:2026-03-12;MOEX:2025-11-24;MOEX:2026-03-27;MOEX:2025-02-05;NVTK:2026-04-03;ROSN:2026-03-11;ROSN:2025-09-07;SBER:2026-03-31;SBER:2025-04-09;SBER:2026-03-08;TATN:2025-02-27;TATN:2026-05-15;TATN:2025-03-20;TATN:2025-05-16
399	20260806:399	18	0.778251	-80081.1886	-217.2720	0	ALRS:2025-05-02;ALRS:2025-04-25;GAZP:2026-04-26;LKOH:2025-01-09;MGNT:2025-04-28;MOEX:2025-03-31;MOEX:2025-12-11;MOEX:2026-04-20;NVTK:2026-03-24;ROSN:2025-03-14;ROSN:2025-01-30;SBER:2026-04-20;SBER:2025-06-15;SBER:2025-05-03;TATN:2025-05-16;TATN:2025-03-20;TATN:2026-03-27;TATN:2026-02-12
400	20260806:400	18	0.829548	-67338.8963	-219.7161	0	ALRS:2025-03-17;ALRS:2025-04-14;GAZP:2025-02-28;LKOH:2025-04-07;MGNT:2026-03-26;MOEX:2025-04-07;MOEX:2026-06-10;MOEX:2026-02-20;NVTK:2025-04-22;ROSN:2025-01-14;ROSN:2026-04-26;SBER:2026-07-06;SBER:2025-08-27;SBER:2025-11-20;TATN:2026-05-01;TATN:2025-07-26;TATN:2026-05-19;TATN:2025-08-04
401	20260806:401	18	0.819061	-51123.7735	-357.2831	0	ALRS:2025-03-10;ALRS:2025-04-15;GAZP:2025-03-31;LKOH:2026-04-02;MGNT:2025-02-12;MOEX:2026-01-20;MOEX:2025-03-26;MOEX:2025-01-20;NVTK:2026-03-18;ROSN:2025-04-25;ROSN:2025-09-10;SBER:2025-01-07;SBER:2025-11-25;SBER:2025-05-12;TATN:2025-04-07;TATN:2025-08-12;TATN:2026-02-21;TATN:2025-05-07
402	20260806:402	18	1.247656	60812.7099	262.1821	0	ALRS:2025-01-16;ALRS:2025-04-07;GAZP:2025-04-22;LKOH:2025-01-16;MGNT:2025-04-20;MOEX:2026-03-01;MOEX:2025-11-20;MOEX:2026-04-09;NVTK:2025-12-01;ROSN:2025-01-21;ROSN:2025-09-15;SBER:2026-03-26;SBER:2025-05-26;SBER:2025-07-01;TATN:2026-02-11;TATN:2026-06-12;TATN:2025-05-07;TATN:2026-03-18
403	20260806:403	18	0.847483	-44850.8648	-404.2250	0	ALRS:2025-02-06;ALRS:2025-03-09;GAZP:2025-08-11;LKOH:2025-03-17;MGNT:2025-04-06;MOEX:2026-02-18;MOEX:2026-03-22;MOEX:2026-01-26;NVTK:2025-04-01;ROSN:2025-01-15;ROSN:2026-04-19;SBER:2026-02-22;SBER:2026-07-07;SBER:2025-01-13;TATN:2025-08-15;TATN:2026-02-20;TATN:2026-05-12;TATN:2026-03-23
404	20260806:404	18	0.396496	-217100.2191	-38.0816	0	ALRS:2026-01-26;ALRS:2026-03-13;GAZP:2026-04-07;LKOH:2025-08-07;MGNT:2025-04-21;MOEX:2025-02-28;MOEX:2025-02-18;MOEX:2026-02-09;NVTK:2026-02-26;ROSN:2026-03-15;ROSN:2025-04-01;SBER:2025-04-14;SBER:2025-06-07;SBER:2026-03-11;TATN:2025-06-02;TATN:2026-05-26;TATN:2025-06-18;TATN:2025-05-19
405	20260806:405	18	0.577838	-160496.8168	-93.3053	0	ALRS:2025-03-17;ALRS:2025-02-10;GAZP:2026-01-18;LKOH:2025-09-12;MGNT:2025-03-03;MOEX:2025-02-04;MOEX:2025-11-25;MOEX:2026-04-06;NVTK:2025-05-27;ROSN:2025-09-18;ROSN:2026-05-10;SBER:2025-06-16;SBER:2025-02-24;SBER:2026-07-01;TATN:2025-05-09;TATN:2025-05-28;TATN:2025-03-09;TATN:2026-05-30
406	20260806:406	18	0.636345	-91097.7898	-152.0519	0	ALRS:2026-02-18;ALRS:2025-08-27;GAZP:2025-12-08;LKOH:2025-09-08;MGNT:2026-02-22;MOEX:2025-06-29;MOEX:2025-04-26;MOEX:2026-03-28;NVTK:2025-12-11;ROSN:2025-02-16;ROSN:2026-03-17;SBER:2025-07-11;SBER:2025-06-16;SBER:2025-01-09;TATN:2025-01-14;TATN:2026-03-05;TATN:2025-08-20;TATN:2026-02-22
407	20260806:407	18	0.557827	-157952.3409	-75.0916	0	ALRS:2025-03-10;ALRS:2025-09-17;GAZP:2025-04-08;LKOH:2025-03-29;MGNT:2025-04-11;MOEX:2026-06-12;MOEX:2026-02-11;MOEX:2025-03-29;NVTK:2025-11-23;ROSN:2026-05-15;ROSN:2025-04-28;SBER:2025-05-06;SBER:2026-04-24;SBER:2025-07-11;TATN:2025-08-15;TATN:2025-04-06;TATN:2025-09-26;TATN:2026-04-19
408	20260806:408	18	0.832056	-56678.8581	-225.4693	0	ALRS:2025-04-09;ALRS:2025-09-15;GAZP:2025-11-09;LKOH:2026-03-25;MGNT:2025-03-25;MOEX:2025-03-03;MOEX:2025-03-16;MOEX:2026-05-12;NVTK:2025-10-18;ROSN:2025-01-05;ROSN:2025-02-05;SBER:2026-03-23;SBER:2025-08-21;SBER:2026-05-30;TATN:2025-06-10;TATN:2025-08-16;TATN:2026-05-04;TATN:2025-06-14
409	20260806:409	18	0.362459	-223951.1400	-37.8015	0	ALRS:2025-02-25;ALRS:2025-02-18;GAZP:2025-08-29;LKOH:2025-05-04;MGNT:2026-04-10;MOEX:2026-03-16;MOEX:2026-06-07;MOEX:2025-11-20;NVTK:2025-09-11;ROSN:2025-09-01;ROSN:2026-04-11;SBER:2025-06-10;SBER:2026-05-01;SBER:2025-03-20;TATN:2025-04-12;TATN:2025-06-14;TATN:2026-01-29;TATN:2025-04-07
410	20260806:410	18	0.754541	-106779.3653	-143.3149	0	ALRS:2026-01-29;ALRS:2026-02-12;GAZP:2025-04-13;LKOH:2026-03-16;MGNT:2025-03-18;MOEX:2025-02-27;MOEX:2025-03-04;MOEX:2026-04-04;NVTK:2026-04-20;ROSN:2026-02-28;ROSN:2026-04-30;SBER:2026-03-25;SBER:2025-04-17;SBER:2026-05-22;TATN:2025-08-05;TATN:2025-01-22;TATN:2025-05-27;TATN:2025-04-07
411	20260806:411	18	0.775672	-76088.1182	-241.6973	0	ALRS:2026-01-28;ALRS:2025-05-17;GAZP:2025-04-05;LKOH:2026-04-08;MGNT:2026-01-29;MOEX:2026-02-15;MOEX:2026-03-05;MOEX:2026-05-22;NVTK:2025-12-29;ROSN:2025-02-25;ROSN:2026-03-01;SBER:2025-07-19;SBER:2025-12-10;SBER:2025-08-29;TATN:2026-05-24;TATN:2025-02-19;TATN:2025-07-30;TATN:2026-05-24
412	20260806:412	18	0.514160	-221290.1469	-70.9723	0	ALRS:2025-05-05;ALRS:2025-04-29;GAZP:2025-07-26;LKOH:2025-02-17;MGNT:2026-02-22;MOEX:2026-03-24;MOEX:2025-03-27;MOEX:2026-03-09;NVTK:2026-04-21;ROSN:2026-05-03;ROSN:2025-04-14;SBER:2026-04-02;SBER:2026-04-19;SBER:2026-07-11;TATN:2025-05-21;TATN:2026-04-10;TATN:2026-05-16;TATN:2026-04-15
413	20260806:413	18	1.077687	23610.0330	869.2402	0	ALRS:2026-02-16;ALRS:2026-03-10;GAZP:2025-05-11;LKOH:2026-03-17;MGNT:2025-02-09;MOEX:2026-06-04;MOEX:2026-01-22;MOEX:2026-05-28;NVTK:2025-02-10;ROSN:2025-02-13;ROSN:2026-02-28;SBER:2025-08-28;SBER:2025-01-12;SBER:2025-06-03;TATN:2026-02-15;TATN:2026-03-13;TATN:2025-08-21;TATN:2025-01-29
414	20260806:414	18	0.413754	-265231.6225	-57.5656	0	ALRS:2026-02-27;ALRS:2025-02-10;GAZP:2026-03-05;LKOH:2025-08-07;MGNT:2025-04-06;MOEX:2026-01-22;MOEX:2025-04-01;MOEX:2025-03-10;NVTK:2026-01-28;ROSN:2025-01-13;ROSN:2025-04-27;SBER:2026-07-11;SBER:2026-06-09;SBER:2025-11-25;TATN:2026-02-08;TATN:2025-01-22;TATN:2025-03-18;TATN:2026-04-04
415	20260806:415	18	0.157192	-436418.1083	-14.8889	0	ALRS:2026-02-25;ALRS:2026-02-17;GAZP:2026-04-09;LKOH:2025-04-01;MGNT:2026-03-22;MOEX:2025-12-09;MOEX:2025-12-26;MOEX:2025-03-30;NVTK:2026-04-04;ROSN:2025-08-31;ROSN:2026-05-17;SBER:2026-03-09;SBER:2026-04-02;SBER:2025-05-15;TATN:2026-01-29;TATN:2026-06-02;TATN:2025-01-29;TATN:2026-05-24
416	20260806:416	18	0.808474	-47898.6133	-222.1182	0	ALRS:2025-02-27;ALRS:2025-04-13;GAZP:2025-03-17;LKOH:2025-04-05;MGNT:2025-05-01;MOEX:2026-01-25;MOEX:2025-06-30;MOEX:2026-01-08;NVTK:2025-11-08;ROSN:2026-03-08;ROSN:2025-02-23;SBER:2025-06-01;SBER:2026-04-09;SBER:2025-11-29;TATN:2026-05-02;TATN:2026-06-21;TATN:2025-08-11;TATN:2025-06-12
417	20260806:417	18	0.862404	-52024.5782	-397.1818	0	ALRS:2026-03-03;ALRS:2025-02-16;GAZP:2025-05-09;LKOH:2026-04-06;MGNT:2025-01-28;MOEX:2026-03-30;MOEX:2025-03-25;MOEX:2025-03-16;NVTK:2026-03-04;ROSN:2026-03-16;ROSN:2026-06-01;SBER:2026-04-06;SBER:2025-02-06;SBER:2026-06-24;TATN:2025-05-20;TATN:2026-02-09;TATN:2025-06-18;TATN:2025-07-25
418	20260806:418	18	0.528251	-202489.7301	-60.3402	0	ALRS:2025-01-21;ALRS:2025-08-11;GAZP:2025-05-27;LKOH:2025-01-07;MGNT:2026-02-03;MOEX:2026-03-03;MOEX:2025-12-25;MOEX:2025-04-12;NVTK:2025-04-29;ROSN:2025-04-04;ROSN:2025-04-10;SBER:2026-07-07;SBER:2025-08-21;SBER:2025-09-16;TATN:2025-03-18;TATN:2025-06-13;TATN:2026-03-01;TATN:2026-06-21
419	20260806:419	18	0.097981	-469872.8873	-10.2081	0	ALRS:2025-04-24;ALRS:2026-01-28;GAZP:2025-03-18;LKOH:2026-04-11;MGNT:2025-04-15;MOEX:2025-12-20;MOEX:2025-05-03;MOEX:2026-03-23;NVTK:2026-04-11;ROSN:2025-09-05;ROSN:2025-09-26;SBER:2025-03-10;SBER:2025-06-12;SBER:2026-06-27;TATN:2025-05-17;TATN:2025-06-14;TATN:2025-06-05;TATN:2026-06-12
420	20260806:420	18	0.703078	-131032.6057	-140.4692	0	ALRS:2026-02-15;ALRS:2026-02-16;GAZP:2026-03-26;LKOH:2025-02-05;MGNT:2026-02-09;MOEX:2026-06-03;MOEX:2026-01-08;MOEX:2026-03-28;NVTK:2025-05-18;ROSN:2025-03-16;ROSN:2026-02-24;SBER:2026-03-24;SBER:2025-06-08;SBER:2025-01-13;TATN:2026-06-08;TATN:2025-05-16;TATN:2026-04-05;TATN:2026-04-08
421	20260806:421	18	0.350238	-287749.4035	-39.9093	0	ALRS:2025-05-15;ALRS:2025-03-01;GAZP:2026-03-10;LKOH:2026-04-10;MGNT:2026-03-23;MOEX:2026-02-02;MOEX:2026-04-22;MOEX:2026-01-18;NVTK:2026-01-28;ROSN:2025-08-11;ROSN:2025-08-19;SBER:2026-03-17;SBER:2026-02-21;SBER:2025-04-20;TATN:2025-06-15;TATN:2025-03-30;TATN:2026-03-15;TATN:2025-03-17
422	20260806:422	18	1.234781	73793.4722	275.8313	0	ALRS:2025-08-11;ALRS:2026-02-26;GAZP:2025-11-17;LKOH:2025-02-27;MGNT:2026-02-01;MOEX:2026-02-12;MOEX:2026-04-17;MOEX:2025-12-09;NVTK:2026-03-09;ROSN:2025-01-28;ROSN:2026-04-15;SBER:2025-01-19;SBER:2026-06-06;SBER:2025-03-30;TATN:2026-04-26;TATN:2025-07-05;TATN:2025-07-08;TATN:2026-02-09
423	20260806:423	18	0.135862	-438748.2145	-12.6392	0	ALRS:2025-09-16;ALRS:2026-02-22;GAZP:2025-08-26;LKOH:2026-03-04;MGNT:2025-05-06;MOEX:2025-12-27;MOEX:2026-04-05;MOEX:2026-06-13;NVTK:2026-03-30;ROSN:2026-04-23;ROSN:2025-03-19;SBER:2026-05-26;SBER:2026-03-31;SBER:2026-02-20;TATN:2026-05-24;TATN:2025-08-17;TATN:2025-04-12;TATN:2026-03-05
424	20260806:424	18	1.484568	132567.2436	186.0447	0	ALRS:2025-03-13;ALRS:2026-01-31;GAZP:2025-12-19;LKOH:2025-01-05;MGNT:2026-02-20;MOEX:2026-04-11;MOEX:2025-01-29;MOEX:2025-03-02;NVTK:2025-08-18;ROSN:2025-10-16;ROSN:2026-02-25;SBER:2025-07-07;SBER:2025-06-07;SBER:2026-06-08;TATN:2026-03-27;TATN:2026-02-11;TATN:2026-04-03;TATN:2025-06-07
425	20260806:425	18	0.954563	-12974.6981	-1112.4433	0	ALRS:2025-04-28;ALRS:2025-05-07;GAZP:2025-08-20;LKOH:2025-08-30;MGNT:2026-04-06;MOEX:2025-03-10;MOEX:2025-12-10;MOEX:2026-05-27;NVTK:2025-04-23;ROSN:2025-04-09;ROSN:2026-05-01;SBER:2026-07-03;SBER:2025-05-20;SBER:2025-04-05;TATN:2025-05-06;TATN:2026-03-11;TATN:2026-03-14;TATN:2025-08-04
426	20260806:426	18	0.225288	-304719.0753	-19.5113	0	ALRS:2026-02-18;ALRS:2025-03-18;GAZP:2025-03-25;LKOH:2026-04-07;MGNT:2026-04-11;MOEX:2025-03-06;MOEX:2026-01-25;MOEX:2025-12-26;NVTK:2025-06-25;ROSN:2025-01-23;ROSN:2026-05-20;SBER:2026-06-12;SBER:2025-05-20;SBER:2025-04-21;TATN:2025-06-25;TATN:2025-03-15;TATN:2025-01-27;TATN:2025-01-26
427	20260806:427	18	0.624474	-152083.3255	-120.6478	0	ALRS:2025-09-15;ALRS:2026-03-02;GAZP:2025-04-27;LKOH:2025-02-24;MGNT:2026-03-03;MOEX:2025-03-17;MOEX:2025-05-04;MOEX:2025-12-18;NVTK:2025-12-02;ROSN:2025-08-05;ROSN:2025-08-27;SBER:2026-04-19;SBER:2025-04-05;SBER:2025-07-22;TATN:2026-02-10;TATN:2025-06-22;TATN:2025-05-12;TATN:2025-07-01
428	20260806:428	18	0.645409	-108659.7836	-123.7106	0	ALRS:2025-05-07;ALRS:2025-04-17;GAZP:2026-05-04;LKOH:2025-10-15;MGNT:2025-02-11;MOEX:2025-12-16;MOEX:2026-04-24;MOEX:2025-04-01;NVTK:2025-03-20;ROSN:2026-05-10;ROSN:2026-04-15;SBER:2025-06-18;SBER:2025-01-21;SBER:2025-01-13;TATN:2025-03-19;TATN:2025-01-12;TATN:2025-02-26;TATN:2025-02-11
429	20260806:429	18	0.482220	-179698.0887	-72.8664	0	ALRS:2026-01-29;ALRS:2025-04-03;GAZP:2025-12-03;LKOH:2025-05-06;MGNT:2026-03-22;MOEX:2025-02-09;MOEX:2026-05-23;MOEX:2025-04-22;NVTK:2026-04-18;ROSN:2025-02-19;ROSN:2025-03-13;SBER:2025-01-09;SBER:2026-05-30;SBER:2026-03-13;TATN:2026-05-28;TATN:2026-05-23;TATN:2026-03-19;TATN:2025-05-26
430	20260806:430	18	1.368587	119484.4288	203.0905	0	ALRS:2025-04-21;ALRS:2025-03-12;GAZP:2025-04-09;LKOH:2025-05-16;MGNT:2026-02-12;MOEX:2025-02-02;MOEX:2025-12-12;MOEX:2025-05-06;NVTK:2026-04-16;ROSN:2025-08-03;ROSN:2025-03-26;SBER:2025-04-17;SBER:2026-06-27;SBER:2026-02-04;TATN:2026-04-16;TATN:2026-02-23;TATN:2026-06-09;TATN:2026-05-30
431	20260806:431	18	0.544903	-168187.0642	-89.7542	0	ALRS:2026-02-25;ALRS:2026-02-06;GAZP:2026-01-23;LKOH:2025-02-02;MGNT:2025-02-27;MOEX:2026-02-02;MOEX:2026-04-01;MOEX:2026-02-26;NVTK:2026-04-16;ROSN:2025-09-02;ROSN:2026-04-27;SBER:2025-05-29;SBER:2025-05-21;SBER:2025-05-16;TATN:2026-02-11;TATN:2026-06-11;TATN:2025-04-02;TATN:2025-04-13
432	20260806:432	18	1.157396	63315.6330	354.3988	0	ALRS:2025-05-07;ALRS:2025-09-12;GAZP:2025-07-22;LKOH:2025-10-17;MGNT:2025-03-23;MOEX:2025-01-28;MOEX:2026-04-11;MOEX:2025-01-28;NVTK:2026-05-10;ROSN:2026-04-01;ROSN:2026-04-18;SBER:2025-08-19;SBER:2026-07-08;SBER:2025-05-07;TATN:2026-03-19;TATN:2025-07-29;TATN:2026-04-19;TATN:2025-07-10
433	20260806:433	18	0.876405	-40813.6150	-493.7822	0	ALRS:2026-02-04;ALRS:2025-03-13;GAZP:2025-08-05;LKOH:2025-01-08;MGNT:2026-03-23;MOEX:2025-03-20;MOEX:2025-05-09;MOEX:2026-03-02;NVTK:2025-12-13;ROSN:2025-08-31;ROSN:2026-04-07;SBER:2025-06-23;SBER:2026-05-06;SBER:2026-03-14;TATN:2026-03-23;TATN:2025-04-26;TATN:2026-02-10;TATN:2025-01-21
434	20260806:434	18	1.019354	3697.8826	2883.3592	0	ALRS:2025-01-30;ALRS:2025-08-10;GAZP:2025-10-17;LKOH:2025-04-14;MGNT:2026-02-25;MOEX:2025-05-03;MOEX:2025-04-08;MOEX:2026-06-11;NVTK:2025-11-06;ROSN:2026-04-09;ROSN:2026-05-05;SBER:2025-09-01;SBER:2025-07-30;SBER:2025-09-09;TATN:2025-04-10;TATN:2025-05-26;TATN:2026-05-12;TATN:2025-08-14
435	20260806:435	18	0.451100	-213072.2840	-61.7256	0	ALRS:2025-02-03;ALRS:2025-09-13;GAZP:2025-08-23;LKOH:2025-09-13;MGNT:2025-02-13;MOEX:2025-05-06;MOEX:2026-04-15;MOEX:2025-02-24;NVTK:2025-11-02;ROSN:2026-05-04;ROSN:2025-09-11;SBER:2025-08-24;SBER:2026-04-03;SBER:2025-12-09;TATN:2026-04-05;TATN:2025-09-26;TATN:2025-08-12;TATN:2025-03-24
436	20260806:436	18	0.469739	-194901.0870	-47.7123	0	ALRS:2025-02-24;ALRS:2025-09-16;GAZP:2026-05-02;LKOH:2025-04-12;MGNT:2025-03-20;MOEX:2026-05-22;MOEX:2026-04-25;MOEX:2026-03-08;NVTK:2025-12-19;ROSN:2025-04-09;ROSN:2025-02-18;SBER:2025-04-27;SBER:2025-06-06;SBER:2025-04-23;TATN:2025-04-17;TATN:2026-05-19;TATN:2026-04-28;TATN:2026-06-06
437	20260806:437	18	0.915470	-24368.2703	-671.8101	0	ALRS:2025-04-17;ALRS:2025-09-15;GAZP:2026-04-15;LKOH:2025-03-02;MGNT:2026-04-07;MOEX:2025-05-18;MOEX:2025-02-05;MOEX:2026-03-18;NVTK:2025-03-28;ROSN:2026-03-11;ROSN:2025-04-13;SBER:2025-08-24;SBER:2026-04-12;SBER:2025-07-29;TATN:2025-06-03;TATN:2025-05-04;TATN:2025-01-02;TATN:2026-03-10
438	20260806:438	18	0.384041	-175997.4817	-49.9740	0	ALRS:2025-04-26;ALRS:2025-09-08;GAZP:2025-04-26;LKOH:2025-02-27;MGNT:2025-02-13;MOEX:2026-04-06;MOEX:2025-02-11;MOEX:2026-02-28;NVTK:2025-08-17;ROSN:2025-02-23;ROSN:2025-02-09;SBER:2026-05-13;SBER:2026-06-07;SBER:2025-09-01;TATN:2026-03-26;TATN:2026-05-25;TATN:2026-01-31;TATN:2025-03-09
439	20260806:439	18	2.012863	201987.9625	93.2593	0	ALRS:2025-04-13;ALRS:2026-03-14;GAZP:2025-11-18;LKOH:2025-10-16;MGNT:2025-02-12;MOEX:2025-04-14;MOEX:2026-02-02;MOEX:2025-05-21;NVTK:2026-01-23;ROSN:2026-05-10;ROSN:2025-03-23;SBER:2026-04-14;SBER:2026-05-31;SBER:2026-01-19;TATN:2025-05-05;TATN:2025-07-10;TATN:2025-06-25;TATN:2025-08-03
440	20260806:440	18	0.900122	-21588.1584	-516.1253	0	ALRS:2025-02-11;ALRS:2025-02-12;GAZP:2026-01-25;LKOH:2025-01-22;MGNT:2025-03-14;MOEX:2026-02-20;MOEX:2025-02-10;MOEX:2026-03-03;NVTK:2025-06-28;ROSN:2025-04-05;ROSN:2026-05-20;SBER:2026-03-29;SBER:2026-06-22;SBER:2025-02-25;TATN:2025-06-02;TATN:2025-07-25;TATN:2025-03-10;TATN:2026-04-19
441	20260806:441	18	0.567138	-160097.2653	-79.6978	0	ALRS:2025-02-20;ALRS:2026-02-04;GAZP:2025-04-16;LKOH:2025-03-26;MGNT:2026-04-03;MOEX:2025-03-17;MOEX:2025-04-06;MOEX:2026-06-14;NVTK:2026-03-22;ROSN:2026-02-20;ROSN:2026-05-25;SBER:2026-06-26;SBER:2026-01-22;SBER:2026-06-09;TATN:2026-05-14;TATN:2025-04-23;TATN:2025-04-28;TATN:2025-04-03
442	20260806:442	18	1.059228	20537.0733	909.7646	0	ALRS:2025-03-27;ALRS:2026-02-27;GAZP:2025-03-10;LKOH:2025-03-26;MGNT:2025-01-27;MOEX:2025-04-16;MOEX:2025-01-15;MOEX:2025-04-08;NVTK:2025-03-25;ROSN:2026-05-18;ROSN:2025-02-04;SBER:2026-02-03;SBER:2025-04-16;SBER:2026-03-19;TATN:2026-02-26;TATN:2026-04-27;TATN:2026-05-16;TATN:2025-01-16
443	20260806:443	18	0.493440	-141083.4789	-53.8896	0	ALRS:2025-08-13;ALRS:2026-03-13;GAZP:2026-01-16;LKOH:2025-03-10;MGNT:2026-01-26;MOEX:2025-03-11;MOEX:2026-03-18;MOEX:2026-05-17;NVTK:2025-09-10;ROSN:2026-05-18;ROSN:2025-01-13;SBER:2026-05-17;SBER:2025-09-04;SBER:2026-04-04;TATN:2026-05-13;TATN:2025-07-23;TATN:2025-04-21;TATN:2026-03-10
444	20260806:444	18	0.435700	-171263.7013	-36.6496	0	ALRS:2025-03-01;ALRS:2025-03-19;GAZP:2025-04-11;LKOH:2025-08-14;MGNT:2026-04-15;MOEX:2026-04-04;MOEX:2026-06-09;MOEX:2026-02-17;NVTK:2025-07-19;ROSN:2025-09-24;ROSN:2025-04-15;SBER:2025-08-28;SBER:2025-04-10;SBER:2026-01-22;TATN:2025-07-01;TATN:2025-02-02;TATN:2025-03-03;TATN:2025-04-11
445	20260806:445	18	0.347951	-247822.1038	-31.8489	0	ALRS:2025-08-23;ALRS:2025-03-09;GAZP:2026-01-27;LKOH:2025-04-02;MGNT:2026-02-26;MOEX:2026-03-31;MOEX:2025-04-04;MOEX:2026-02-17;NVTK:2026-04-16;ROSN:2025-04-23;ROSN:2026-05-25;SBER:2026-04-03;SBER:2025-07-01;SBER:2025-08-23;TATN:2025-06-24;TATN:2026-04-03;TATN:2026-06-15;TATN:2026-04-21
446	20260806:446	18	0.103393	-515146.9671	-11.5316	0	ALRS:2025-03-25;ALRS:2025-01-15;GAZP:2026-01-31;LKOH:2025-04-20;MGNT:2026-03-17;MOEX:2026-01-31;MOEX:2025-02-28;MOEX:2026-06-04;NVTK:2025-12-12;ROSN:2025-09-13;ROSN:2026-05-12;SBER:2026-07-05;SBER:2025-08-23;SBER:2025-04-28;TATN:2026-03-15;TATN:2025-06-27;TATN:2026-06-06;TATN:2026-04-24
447	20260806:447	18	0.414903	-330027.2057	-48.1589	0	ALRS:2025-04-01;ALRS:2025-04-28;GAZP:2026-04-28;LKOH:2025-03-03;MGNT:2026-03-23;MOEX:2025-03-18;MOEX:2026-05-19;MOEX:2025-03-25;NVTK:2025-02-24;ROSN:2025-09-08;ROSN:2025-09-05;SBER:2026-07-07;SBER:2026-05-22;SBER:2025-02-05;TATN:2026-04-03;TATN:2025-05-12;TATN:2025-07-07;TATN:2025-07-08
448	20260806:448	18	0.910850	-34622.8926	-616.0554	0	ALRS:2025-04-06;ALRS:2025-02-02;GAZP:2025-05-25;LKOH:2025-03-09;MGNT:2025-05-12;MOEX:2025-06-29;MOEX:2026-06-11;MOEX:2025-02-06;NVTK:2026-04-08;ROSN:2026-02-27;ROSN:2025-03-20;SBER:2026-07-05;SBER:2025-03-01;SBER:2026-05-23;TATN:2025-07-27;TATN:2025-02-24;TATN:2025-07-23;TATN:2026-05-20
449	20260806:449	18	0.324842	-275345.7530	-24.1490	0	ALRS:2026-02-21;ALRS:2026-02-24;GAZP:2026-01-19;LKOH:2026-03-29;MGNT:2025-05-11;MOEX:2026-04-18;MOEX:2026-02-25;MOEX:2026-02-16;NVTK:2025-08-13;ROSN:2026-03-31;ROSN:2026-04-26;SBER:2025-02-17;SBER:2026-03-29;SBER:2025-03-31;TATN:2026-03-04;TATN:2025-06-09;TATN:2025-05-17;TATN:2026-04-26
450	20260806:450	18	0.510610	-123753.4048	-69.6595	0	ALRS:2025-08-14;ALRS:2026-03-10;GAZP:2025-08-20;LKOH:2025-03-26;MGNT:2026-02-03;MOEX:2026-04-10;MOEX:2025-02-24;MOEX:2026-04-15;NVTK:2025-01-30;ROSN:2026-01-30;ROSN:2025-01-30;SBER:2025-02-18;SBER:2026-03-01;SBER:2026-02-26;TATN:2025-01-20;TATN:2025-01-22;TATN:2026-05-20;TATN:2025-08-14
451	20260806:451	18	1.429119	90465.0071	129.0745	0	ALRS:2026-02-10;ALRS:2026-03-16;GAZP:2026-04-11;LKOH:2025-10-16;MGNT:2026-02-07;MOEX:2025-02-13;MOEX:2026-04-17;MOEX:2026-06-12;NVTK:2025-06-28;ROSN:2025-02-05;ROSN:2025-01-29;SBER:2025-06-19;SBER:2025-01-07;SBER:2026-06-13;TATN:2025-04-07;TATN:2026-04-24;TATN:2025-07-22;TATN:2025-08-05
452	20260806:452	18	0.328970	-316796.5000	-49.0246	0	ALRS:2026-03-10;ALRS:2026-02-27;GAZP:2026-03-31;LKOH:2025-02-19;MGNT:2026-03-01;MOEX:2025-04-14;MOEX:2026-03-12;MOEX:2026-05-31;NVTK:2025-04-07;ROSN:2025-01-13;ROSN:2025-03-29;SBER:2025-04-01;SBER:2025-09-05;SBER:2025-08-19;TATN:2025-04-28;TATN:2025-01-22;TATN:2026-04-12;TATN:2026-03-28
453	20260806:453	18	1.388578	114796.9099	181.5837	0	ALRS:2025-04-20;ALRS:2026-02-03;GAZP:2025-11-04;LKOH:2025-03-29;MGNT:2025-01-29;MOEX:2025-04-14;MOEX:2026-03-03;MOEX:2025-01-20;NVTK:2025-06-16;ROSN:2025-08-21;ROSN:2025-08-31;SBER:2026-01-16;SBER:2026-03-19;SBER:2026-07-04;TATN:2025-08-04;TATN:2026-02-12;TATN:2025-07-22;TATN:2026-06-14
454	20260806:454	18	0.426517	-311790.1846	-53.9161	0	ALRS:2025-02-19;ALRS:2025-01-26;GAZP:2026-04-05;LKOH:2025-03-26;MGNT:2025-01-30;MOEX:2026-03-17;MOEX:2026-06-15;MOEX:2025-02-26;NVTK:2025-02-25;ROSN:2025-01-13;ROSN:2026-03-01;SBER:2025-02-05;SBER:2025-09-17;SBER:2025-04-28;TATN:2025-03-31;TATN:2025-05-20;TATN:2025-08-19;TATN:2026-06-09
455	20260806:455	18	0.108762	-517737.2936	-9.1929	0	ALRS:2026-03-05;ALRS:2025-08-07;GAZP:2025-03-01;LKOH:2026-04-04;MGNT:2025-05-11;MOEX:2025-01-16;MOEX:2025-05-17;MOEX:2025-05-19;NVTK:2026-04-30;ROSN:2026-06-03;ROSN:2025-08-06;SBER:2025-12-12;SBER:2025-09-02;SBER:2025-06-07;TATN:2026-04-13;TATN:2025-01-09;TATN:2026-06-12;TATN:2026-04-10
456	20260806:456	18	1.061450	19821.1434	1038.1096	0	ALRS:2025-02-13;ALRS:2025-02-19;GAZP:2025-11-23;LKOH:2025-01-21;MGNT:2026-04-03;MOEX:2025-11-25;MOEX:2025-02-06;MOEX:2026-06-12;NVTK:2026-04-12;ROSN:2025-04-02;ROSN:2025-09-13;SBER:2025-01-07;SBER:2026-05-06;SBER:2025-07-27;TATN:2025-01-27;TATN:2025-04-04;TATN:2026-04-08;TATN:2026-01-31
457	20260806:457	18	0.140190	-382830.2975	-13.1043	0	ALRS:2026-03-04;ALRS:2025-04-23;GAZP:2026-04-19;LKOH:2025-09-11;MGNT:2025-04-04;MOEX:2025-12-19;MOEX:2025-05-02;MOEX:2025-05-11;NVTK:2025-08-15;ROSN:2026-03-08;ROSN:2026-01-27;SBER:2026-07-10;SBER:2026-06-29;SBER:2025-07-14;TATN:2025-06-30;TATN:2026-03-11;TATN:2026-04-04;TATN:2025-03-12
458	20260806:458	18	0.233689	-336735.8525	-22.9063	0	ALRS:2025-04-12;ALRS:2025-04-03;GAZP:2025-08-25;LKOH:2025-03-02;MGNT:2025-05-12;MOEX:2025-02-13;MOEX:2026-04-25;MOEX:2026-02-06;NVTK:2025-03-19;ROSN:2025-03-11;ROSN:2026-04-07;SBER:2025-02-10;SBER:2025-11-24;SBER:2025-04-27;TATN:2026-05-26;TATN:2025-11-20;TATN:2025-07-18;TATN:2025-03-11
459	20260806:459	18	0.969186	-7617.4963	-2143.9199	0	ALRS:2025-03-13;ALRS:2025-02-17;GAZP:2025-02-19;LKOH:2026-03-02;MGNT:2025-04-04;MOEX:2026-03-10;MOEX:2025-03-06;MOEX:2026-05-29;NVTK:2025-04-23;ROSN:2025-01-28;ROSN:2026-05-18;SBER:2025-07-06;SBER:2025-04-10;SBER:2025-09-07;TATN:2025-03-31;TATN:2026-02-24;TATN:2026-05-21;TATN:2026-03-03
460	20260806:460	18	0.625989	-135243.4662	-118.9182	0	ALRS:2026-02-20;ALRS:2026-02-26;GAZP:2026-03-19;LKOH:2025-03-27;MGNT:2025-03-04;MOEX:2025-12-12;MOEX:2026-04-22;MOEX:2026-02-06;NVTK:2026-04-05;ROSN:2025-10-05;ROSN:2025-01-05;SBER:2026-04-25;SBER:2025-01-27;SBER:2026-03-14;TATN:2025-06-28;TATN:2026-04-05;TATN:2025-01-08;TATN:2025-08-13
461	20260806:461	18	0.899792	-33862.3841	-539.3951	0	ALRS:2026-03-09;ALRS:2025-02-13;GAZP:2026-03-01;LKOH:2025-09-06;MGNT:2025-04-06;MOEX:2026-04-15;MOEX:2025-04-14;MOEX:2026-06-09;NVTK:2025-09-13;ROSN:2026-04-26;ROSN:2026-03-27;SBER:2026-03-26;SBER:2026-03-26;SBER:2026-06-22;TATN:2025-08-21;TATN:2026-03-29;TATN:2026-05-16;TATN:2026-02-16
462	20260806:462	18	0.545258	-184444.0871	-72.4588	0	ALRS:2026-01-28;ALRS:2026-02-07;GAZP:2026-02-23;LKOH:2025-02-25;MGNT:2025-02-09;MOEX:2025-02-13;MOEX:2025-03-10;MOEX:2026-03-13;NVTK:2026-03-05;ROSN:2026-04-20;ROSN:2026-03-23;SBER:2026-04-14;SBER:2025-06-27;SBER:2025-02-26;TATN:2025-05-10;TATN:2025-07-10;TATN:2025-03-16;TATN:2025-06-06
463	20260806:463	18	0.497495	-155760.2041	-65.1162	0	ALRS:2025-04-03;ALRS:2026-02-28;GAZP:2025-11-12;LKOH:2025-02-12;MGNT:2026-02-03;MOEX:2026-04-07;MOEX:2026-01-23;MOEX:2025-01-21;NVTK:2026-04-29;ROSN:2025-03-14;ROSN:2025-03-04;SBER:2025-08-28;SBER:2025-07-05;SBER:2026-01-29;TATN:2026-03-27;TATN:2026-04-17;TATN:2026-04-06;TATN:2025-01-07
464	20260806:464	18	1.013327	5122.5176	4721.9486	0	ALRS:2025-02-05;ALRS:2025-08-05;GAZP:2025-04-29;LKOH:2025-03-25;MGNT:2025-02-20;MOEX:2025-05-13;MOEX:2026-03-23;MOEX:2025-04-20;NVTK:2026-03-12;ROSN:2026-04-11;ROSN:2025-09-25;SBER:2025-03-25;SBER:2025-02-12;SBER:2026-05-22;TATN:2026-04-04;TATN:2026-05-26;TATN:2026-02-16;TATN:2026-02-24
465	20260806:465	18	0.790032	-85627.3793	-245.3074	0	ALRS:2025-08-11;ALRS:2025-09-08;GAZP:2025-12-27;LKOH:2025-02-27;MGNT:2025-01-29;MOEX:2026-02-03;MOEX:2025-02-11;MOEX:2025-02-06;NVTK:2026-02-04;ROSN:2026-05-07;ROSN:2025-03-20;SBER:2025-02-16;SBER:2025-07-31;SBER:2025-03-20;TATN:2026-05-31;TATN:2026-02-27;TATN:2025-07-21;TATN:2025-01-21
466	20260806:466	18	1.644530	96205.7694	131.5789	0	ALRS:2025-02-04;ALRS:2025-01-30;GAZP:2025-04-01;LKOH:2025-08-12;MGNT:2026-02-24;MOEX:2026-02-08;MOEX:2026-03-25;MOEX:2026-01-20;NVTK:2026-02-07;ROSN:2025-02-11;ROSN:2025-04-09;SBER:2026-02-15;SBER:2026-02-27;SBER:2025-12-07;TATN:2025-01-15;TATN:2025-06-29;TATN:2025-05-04;TATN:2025-03-11
467	20260806:467	18	0.972309	-6122.0428	-2143.6737	0	ALRS:2025-01-21;ALRS:2025-04-22;GAZP:2025-05-04;LKOH:2025-08-12;MGNT:2026-02-15;MOEX:2026-01-13;MOEX:2025-05-13;MOEX:2026-02-19;NVTK:2025-09-03;ROSN:2025-08-03;ROSN:2025-08-18;SBER:2026-01-29;SBER:2025-12-12;SBER:2025-05-21;TATN:2025-03-11;TATN:2025-01-26;TATN:2025-08-17;TATN:2026-04-16
468	20260806:468	18	1.632271	131175.9658	130.2880	0	ALRS:2025-04-20;ALRS:2025-01-30;GAZP:2026-05-02;LKOH:2025-04-15;MGNT:2026-02-10;MOEX:2025-02-20;MOEX:2026-02-09;MOEX:2025-03-18;NVTK:2025-03-14;ROSN:2026-05-12;ROSN:2025-04-08;SBER:2025-07-04;SBER:2025-09-03;SBER:2026-04-16;TATN:2026-02-08;TATN:2026-05-13;TATN:2025-06-13;TATN:2025-08-17
469	20260806:469	18	0.013239	-675936.3269	-1.0703	0	ALRS:2026-03-08;ALRS:2025-09-18;GAZP:2025-08-17;LKOH:2025-02-27;MGNT:2026-03-27;MOEX:2025-05-10;MOEX:2025-04-27;MOEX:2025-05-17;NVTK:2026-01-26;ROSN:2025-02-23;ROSN:2026-04-18;SBER:2026-06-28;SBER:2025-12-12;SBER:2026-04-16;TATN:2025-03-31;TATN:2026-04-22;TATN:2026-03-24;TATN:2026-04-04
470	20260806:470	18	0.096625	-557780.3278	-7.5487	0	ALRS:2025-05-12;ALRS:2025-04-15;GAZP:2025-05-10;LKOH:2025-04-26;MGNT:2025-05-11;MOEX:2025-12-12;MOEX:2026-01-27;MOEX:2026-03-19;NVTK:2025-04-29;ROSN:2026-04-13;ROSN:2025-04-29;SBER:2026-01-28;SBER:2025-12-10;SBER:2026-03-04;TATN:2025-03-28;TATN:2025-01-07;TATN:2025-05-17;TATN:2025-03-31
471	20260806:471	18	0.836079	-64977.8982	-307.1293	0	ALRS:2026-03-17;ALRS:2025-01-20;GAZP:2025-12-13;LKOH:2026-03-14;MGNT:2025-04-21;MOEX:2025-02-03;MOEX:2025-04-10;MOEX:2026-06-13;NVTK:2026-02-25;ROSN:2026-05-03;ROSN:2026-06-03;SBER:2025-09-15;SBER:2026-06-21;SBER:2026-02-12;TATN:2025-08-17;TATN:2026-04-29;TATN:2025-04-20;TATN:2026-04-02
472	20260806:472	18	0.420569	-223396.9882	-56.1600	0	ALRS:2025-03-10;ALRS:2025-01-21;GAZP:2025-03-31;LKOH:2026-02-27;MGNT:2026-03-26;MOEX:2026-02-26;MOEX:2025-05-16;MOEX:2026-04-07;NVTK:2025-03-06;ROSN:2025-09-15;ROSN:2025-09-08;SBER:2026-02-24;SBER:2026-04-19;SBER:2025-03-30;TATN:2025-09-27;TATN:2025-04-14;TATN:2026-03-16;TATN:2026-04-11
473	20260806:473	18	0.551698	-188814.6917	-86.4113	0	ALRS:2025-02-04;ALRS:2026-01-30;GAZP:2026-02-09;LKOH:2025-05-04;MGNT:2026-04-02;MOEX:2026-04-13;MOEX:2026-01-19;MOEX:2025-02-19;NVTK:2026-02-21;ROSN:2025-08-27;ROSN:2025-03-23;SBER:2025-01-29;SBER:2026-05-04;SBER:2026-03-05;TATN:2026-06-02;TATN:2025-03-31;TATN:2025-03-03;TATN:2026-06-11
474	20260806:474	18	1.301454	62254.0138	277.6545	0	ALRS:2025-08-23;ALRS:2025-04-24;GAZP:2026-02-02;LKOH:2025-03-02;MGNT:2026-04-09;MOEX:2025-04-06;MOEX:2026-03-30;MOEX:2026-01-21;NVTK:2026-02-01;ROSN:2025-09-21;ROSN:2026-03-03;SBER:2025-04-24;SBER:2025-11-25;SBER:2025-08-18;TATN:2025-02-13;TATN:2026-02-16;TATN:2025-02-03;TATN:2026-03-08
475	20260806:475	18	1.395589	99419.5187	144.2729	0	ALRS:2026-01-29;ALRS:2025-03-04;GAZP:2025-01-23;LKOH:2025-04-04;MGNT:2025-04-10;MOEX:2025-04-04;MOEX:2025-04-03;MOEX:2025-04-15;NVTK:2025-12-04;ROSN:2025-01-23;ROSN:2026-03-28;SBER:2025-05-09;SBER:2025-06-01;SBER:2026-04-06;TATN:2025-05-07;TATN:2025-01-19;TATN:2026-05-31;TATN:2026-05-05
476	20260806:476	18	0.296982	-319881.7555	-30.2388	0	ALRS:2025-08-16;ALRS:2025-04-26;GAZP:2025-04-01;LKOH:2025-03-23;MGNT:2025-04-16;MOEX:2026-01-14;MOEX:2025-04-06;MOEX:2026-03-14;NVTK:2026-03-19;ROSN:2026-03-30;ROSN:2025-02-24;SBER:2026-06-10;SBER:2026-03-19;SBER:2026-06-15;TATN:2026-04-04;TATN:2025-01-07;TATN:2026-05-30;TATN:2026-04-27
477	20260806:477	18	0.385133	-212954.8654	-30.3986	0	ALRS:2025-05-15;ALRS:2025-03-11;GAZP:2025-05-07;LKOH:2025-02-13;MGNT:2026-03-13;MOEX:2025-04-08;MOEX:2026-04-20;MOEX:2025-11-20;NVTK:2026-03-04;ROSN:2026-05-16;ROSN:2025-09-18;SBER:2026-04-28;SBER:2026-06-07;SBER:2026-01-26;TATN:2026-06-13;TATN:2026-03-24;TATN:2025-02-06;TATN:2026-05-14
478	20260806:478	18	1.292901	85751.2181	272.2532	0	ALRS:2025-04-11;ALRS:2026-03-18;GAZP:2025-11-24;LKOH:2025-03-04;MGNT:2026-04-15;MOEX:2025-01-29;MOEX:2026-04-16;MOEX:2025-05-11;NVTK:2025-01-20;ROSN:2025-09-16;ROSN:2025-08-20;SBER:2026-01-21;SBER:2025-08-10;SBER:2025-09-14;TATN:2026-05-06;TATN:2025-02-25;TATN:2025-01-08;TATN:2025-07-28
479	20260806:479	18	1.564920	138879.0789	175.0488	0	ALRS:2026-02-05;ALRS:2025-09-18;GAZP:2025-08-15;LKOH:2025-04-12;MGNT:2026-01-23;MOEX:2025-05-21;MOEX:2025-02-06;MOEX:2026-06-01;NVTK:2025-06-07;ROSN:2025-09-04;ROSN:2025-08-19;SBER:2025-08-05;SBER:2025-11-24;SBER:2026-04-04;TATN:2025-01-14;TATN:2026-02-26;TATN:2025-06-25;TATN:2026-04-26
480	20260806:480	18	0.666334	-129405.7255	-138.6601	0	ALRS:2025-02-17;ALRS:2025-04-25;GAZP:2026-03-14;LKOH:2025-03-31;MGNT:2025-03-02;MOEX:2026-06-05;MOEX:2025-03-04;MOEX:2026-04-11;NVTK:2026-03-14;ROSN:2025-09-04;ROSN:2025-02-10;SBER:2026-02-04;SBER:2026-01-21;SBER:2025-04-28;TATN:2025-01-13;TATN:2025-06-16;TATN:2026-06-09;TATN:2026-02-10
481	20260806:481	18	0.560973	-147806.9075	-56.5140	0	ALRS:2025-03-13;ALRS:2025-09-18;GAZP:2025-03-27;LKOH:2025-10-18;MGNT:2026-02-22;MOEX:2026-04-23;MOEX:2025-12-18;MOEX:2025-03-05;NVTK:2025-06-22;ROSN:2025-04-15;ROSN:2025-02-24;SBER:2025-08-04;SBER:2025-08-31;SBER:2025-06-02;TATN:2026-01-31;TATN:2025-04-02;TATN:2025-06-10;TATN:2025-06-25
482	20260806:482	18	0.513603	-216956.1644	-74.2061	0	ALRS:2025-03-31;ALRS:2025-04-01;GAZP:2026-01-18;LKOH:2025-01-12;MGNT:2025-03-01;MOEX:2026-04-04;MOEX:2026-01-08;MOEX:2025-01-23;NVTK:2025-08-13;ROSN:2026-04-25;ROSN:2025-10-05;SBER:2025-08-19;SBER:2026-07-02;SBER:2025-08-19;TATN:2025-08-17;TATN:2025-03-20;TATN:2025-02-05;TATN:2026-02-23
483	20260806:483	18	1.864413	161885.8394	111.9490	0	ALRS:2025-01-22;ALRS:2025-01-26;GAZP:2025-05-06;LKOH:2025-08-07;MGNT:2025-04-12;MOEX:2025-12-25;MOEX:2026-05-19;MOEX:2026-05-22;NVTK:2025-02-10;ROSN:2026-02-28;ROSN:2026-05-06;SBER:2025-07-01;SBER:2025-02-24;SBER:2025-05-02;TATN:2025-08-15;TATN:2026-05-15;TATN:2026-05-29;TATN:2025-07-18
484	20260806:484	18	0.586840	-127256.5580	-118.3178	0	ALRS:2025-09-07;ALRS:2025-01-14;GAZP:2026-02-05;LKOH:2025-05-09;MGNT:2025-05-11;MOEX:2025-05-20;MOEX:2025-12-11;MOEX:2025-05-01;NVTK:2025-07-05;ROSN:2025-09-24;ROSN:2026-05-12;SBER:2026-05-11;SBER:2025-08-07;SBER:2025-08-27;TATN:2025-08-12;TATN:2026-02-11;TATN:2025-05-15;TATN:2025-02-09
485	20260806:485	18	0.748967	-100727.0175	-253.1774	0	ALRS:2025-03-04;ALRS:2025-02-03;GAZP:2025-02-09;LKOH:2025-03-11;MGNT:2025-04-01;MOEX:2025-02-12;MOEX:2025-03-04;MOEX:2026-01-28;NVTK:2025-08-10;ROSN:2025-09-26;ROSN:2025-09-24;SBER:2025-09-12;SBER:2025-08-06;SBER:2025-03-30;TATN:2025-03-09;TATN:2026-01-31;TATN:2025-07-01;TATN:2025-08-20
486	20260806:486	18	0.734037	-81942.9632	-138.5492	0	ALRS:2025-02-24;ALRS:2026-02-20;GAZP:2025-11-17;LKOH:2026-04-05;MGNT:2026-02-16;MOEX:2025-04-29;MOEX:2026-03-05;MOEX:2026-04-15;NVTK:2025-04-08;ROSN:2026-05-14;ROSN:2025-04-08;SBER:2026-06-17;SBER:2025-04-27;SBER:2025-05-01;TATN:2025-09-26;TATN:2025-03-04;TATN:2025-01-07;TATN:2025-04-23
487	20260806:487	18	1.325221	96065.6246	193.5744	0	ALRS:2025-03-19;ALRS:2025-01-15;GAZP:2025-04-14;LKOH:2025-02-20;MGNT:2026-02-20;MOEX:2026-05-31;MOEX:2026-01-24;MOEX:2026-01-15;NVTK:2026-04-24;ROSN:2026-04-03;ROSN:2026-03-16;SBER:2025-04-13;SBER:2025-04-05;SBER:2025-09-09;TATN:2026-04-29;TATN:2026-04-17;TATN:2026-02-23;TATN:2026-04-03
488	20260806:488	18	0.890909	-36930.0566	-455.4304	0	ALRS:2025-03-09;ALRS:2026-02-24;GAZP:2026-05-01;LKOH:2025-04-12;MGNT:2026-03-08;MOEX:2026-01-11;MOEX:2026-03-15;MOEX:2026-02-09;NVTK:2026-02-21;ROSN:2025-02-03;ROSN:2025-04-15;SBER:2025-01-20;SBER:2026-06-18;SBER:2025-06-16;TATN:2026-01-31;TATN:2025-03-10;TATN:2026-06-08;TATN:2026-05-17
489	20260806:489	18	0.288385	-283926.8226	-27.5521	0	ALRS:2025-02-10;ALRS:2026-02-11;GAZP:2025-05-03;LKOH:2026-03-04;MGNT:2025-03-10;MOEX:2025-12-10;MOEX:2025-12-26;MOEX:2026-03-13;NVTK:2025-11-30;ROSN:2026-05-15;ROSN:2025-02-23;SBER:2025-08-20;SBER:2025-05-13;SBER:2025-02-26;TATN:2025-04-14;TATN:2025-06-30;TATN:2026-04-10;TATN:2025-02-16
490	20260806:490	18	0.678698	-93817.3966	-151.0648	0	ALRS:2025-03-01;ALRS:2025-02-28;GAZP:2025-07-25;LKOH:2026-04-06;MGNT:2026-04-09;MOEX:2026-04-11;MOEX:2025-11-20;MOEX:2026-05-26;NVTK:2025-10-21;ROSN:2025-09-03;ROSN:2026-03-11;SBER:2025-05-26;SBER:2026-04-15;SBER:2025-06-25;TATN:2025-05-18;TATN:2025-08-14;TATN:2025-01-29;TATN:2026-02-21
491	20260806:491	18	0.257801	-339978.3995	-25.9155	0	ALRS:2025-05-10;ALRS:2026-02-21;GAZP:2025-11-07;LKOH:2025-05-16;MGNT:2026-04-02;MOEX:2026-03-15;MOEX:2025-11-20;MOEX:2025-03-04;NVTK:2025-03-19;ROSN:2025-08-29;ROSN:2025-04-15;SBER:2025-07-14;SBER:2026-04-22;SBER:2026-05-28;TATN:2025-02-27;TATN:2025-06-15;TATN:2026-04-22;TATN:2026-04-16
492	20260806:492	18	0.239921	-397220.9269	-18.9212	0	ALRS:2026-02-21;ALRS:2025-09-17;GAZP:2025-12-10;LKOH:2025-02-09;MGNT:2025-05-12;MOEX:2026-01-13;MOEX:2026-06-07;MOEX:2025-04-29;NVTK:2025-07-05;ROSN:2025-08-16;ROSN:2025-03-15;SBER:2025-06-23;SBER:2025-07-08;SBER:2025-05-01;TATN:2026-04-05;TATN:2025-07-24;TATN:2025-07-01;TATN:2026-06-05
493	20260806:493	18	0.254703	-241955.2031	-28.5262	0	ALRS:2025-08-26;ALRS:2026-03-08;GAZP:2025-12-09;LKOH:2025-04-13;MGNT:2026-04-15;MOEX:2025-02-12;MOEX:2026-06-03;MOEX:2025-02-12;NVTK:2025-08-25;ROSN:2025-08-13;ROSN:2026-03-22;SBER:2026-04-17;SBER:2026-06-11;SBER:2025-08-14;TATN:2025-02-18;TATN:2026-06-21;TATN:2025-01-26;TATN:2025-06-03
494	20260806:494	18	0.142093	-453126.9424	-14.8136	0	ALRS:2025-05-15;ALRS:2025-03-03;GAZP:2025-12-04;LKOH:2026-04-05;MGNT:2026-01-24;MOEX:2026-06-02;MOEX:2025-04-24;MOEX:2025-03-20;NVTK:2025-08-20;ROSN:2025-09-09;ROSN:2026-05-06;SBER:2026-07-06;SBER:2026-02-19;SBER:2025-07-24;TATN:2025-01-30;TATN:2025-02-24;TATN:2025-04-01;TATN:2025-05-18
495	20260806:495	18	0.963190	-11838.5077	-2051.4140	0	ALRS:2025-08-10;ALRS:2025-03-06;GAZP:2025-07-30;LKOH:2025-08-15;MGNT:2025-04-04;MOEX:2026-05-28;MOEX:2025-03-04;MOEX:2026-03-14;NVTK:2025-09-16;ROSN:2026-04-02;ROSN:2026-03-08;SBER:2026-04-11;SBER:2026-06-16;SBER:2025-02-04;TATN:2026-03-08;TATN:2025-04-25;TATN:2025-07-02;TATN:2025-02-13
496	20260806:496	18	1.202666	64448.2370	302.5082	0	ALRS:2026-02-28;ALRS:2025-05-12;GAZP:2025-08-05;LKOH:2026-03-11;MGNT:2025-03-25;MOEX:2025-04-04;MOEX:2026-01-17;MOEX:2025-03-27;NVTK:2026-03-02;ROSN:2025-04-01;ROSN:2026-05-15;SBER:2026-02-07;SBER:2025-07-28;SBER:2026-02-26;TATN:2026-03-04;TATN:2025-03-15;TATN:2026-02-12;TATN:2025-04-17
497	20260806:497	18	0.520277	-209710.3958	-82.1238	0	ALRS:2025-03-15;ALRS:2025-03-12;GAZP:2025-12-11;LKOH:2026-03-13;MGNT:2025-02-06;MOEX:2025-03-15;MOEX:2026-02-21;MOEX:2025-12-26;NVTK:2025-10-06;ROSN:2025-04-28;ROSN:2025-04-16;SBER:2026-01-17;SBER:2026-03-19;SBER:2026-01-30;TATN:2025-01-20;TATN:2026-02-26;TATN:2026-06-02;TATN:2025-02-16
498	20260806:498	18	0.650109	-126291.9448	-114.4655	0	ALRS:2026-02-07;ALRS:2025-09-11;GAZP:2025-08-14;LKOH:2025-01-28;MGNT:2025-02-27;MOEX:2026-06-03;MOEX:2025-11-23;MOEX:2025-11-19;NVTK:2025-05-04;ROSN:2026-04-02;ROSN:2025-09-10;SBER:2026-06-10;SBER:2025-01-19;SBER:2025-01-21;TATN:2025-02-04;TATN:2025-09-28;TATN:2026-06-09;TATN:2025-04-02
499	20260806:499	18	0.541165	-178647.3837	-60.1653	0	ALRS:2025-02-27;ALRS:2025-08-17;GAZP:2025-01-09;LKOH:2025-03-13;MGNT:2025-02-05;MOEX:2026-02-16;MOEX:2025-03-10;MOEX:2026-02-22;NVTK:2026-03-11;ROSN:2026-04-22;ROSN:2025-03-30;SBER:2025-04-11;SBER:2026-01-19;SBER:2025-06-10;TATN:2025-02-24;TATN:2025-03-18;TATN:2025-05-25;TATN:2026-03-22
500	20260806:500	18	0.207867	-329846.2119	-18.2928	0	ALRS:2025-03-10;ALRS:2026-02-22;GAZP:2026-03-25;LKOH:2025-01-02;MGNT:2025-02-11;MOEX:2026-04-06;MOEX:2026-04-15;MOEX:2026-06-08;NVTK:2026-04-22;ROSN:2026-05-18;ROSN:2026-03-29;SBER:2026-03-09;SBER:2025-01-13;SBER:2025-07-27;TATN:2025-05-19;TATN:2025-06-03;TATN:2026-04-22;TATN:2025-04-29
501	20260806:501	18	0.667451	-112168.2341	-125.5669	0	ALRS:2025-05-03;ALRS:2025-05-07;GAZP:2025-07-24;LKOH:2025-04-08;MGNT:2026-03-27;MOEX:2025-04-01;MOEX:2025-04-01;MOEX:2025-05-02;NVTK:2026-02-25;ROSN:2025-03-17;ROSN:2025-04-07;SBER:2026-07-08;SBER:2026-01-19;SBER:2025-01-16;TATN:2025-08-04;TATN:2025-05-19;TATN:2026-05-21;TATN:2026-04-20
502	20260806:502	18	0.233594	-340380.6453	-23.0680	0	ALRS:2026-02-12;ALRS:2025-01-15;GAZP:2025-04-25;LKOH:2026-03-05;MGNT:2025-01-29;MOEX:2025-06-30;MOEX:2026-02-19;MOEX:2026-06-15;NVTK:2025-06-16;ROSN:2025-02-10;ROSN:2025-03-23;SBER:2026-06-17;SBER:2026-04-29;SBER:2026-02-02;TATN:2025-03-29;TATN:2026-04-23;TATN:2026-04-25;TATN:2025-03-20
503	20260806:503	18	1.002110	708.5437	31465.9358	0	ALRS:2025-04-17;ALRS:2025-08-15;GAZP:2025-08-03;LKOH:2025-10-16;MGNT:2026-03-10;MOEX:2025-01-28;MOEX:2026-04-11;MOEX:2025-03-16;NVTK:2025-02-11;ROSN:2026-05-22;ROSN:2025-08-26;SBER:2025-03-30;SBER:2026-04-25;SBER:2025-02-16;TATN:2025-01-07;TATN:2025-07-26;TATN:2025-04-06;TATN:2025-06-06
504	20260806:504	18	0.284554	-345325.0230	-34.6655	0	ALRS:2025-03-31;ALRS:2026-03-13;GAZP:2025-02-20;LKOH:2026-03-31;MGNT:2025-03-17;MOEX:2025-01-23;MOEX:2026-06-15;MOEX:2025-02-27;NVTK:2025-06-17;ROSN:2026-06-03;ROSN:2025-03-10;SBER:2026-05-31;SBER:2025-07-21;SBER:2025-01-29;TATN:2026-04-19;TATN:2025-02-24;TATN:2025-03-15;TATN:2025-01-28
505	20260806:505	18	0.820124	-60318.7857	-314.6813	0	ALRS:2025-04-29;ALRS:2025-02-04;GAZP:2025-05-20;LKOH:2025-10-16;MGNT:2026-04-15;MOEX:2025-02-19;MOEX:2026-02-20;MOEX:2026-03-02;NVTK:2025-05-02;ROSN:2026-05-18;ROSN:2026-05-01;SBER:2025-04-13;SBER:2026-01-31;SBER:2026-06-04;TATN:2026-02-24;TATN:2026-05-15;TATN:2026-03-28;TATN:2025-01-30
506	20260806:506	18	0.316382	-285337.0831	-19.9176	0	ALRS:2025-09-14;ALRS:2025-08-17;GAZP:2025-03-01;LKOH:2025-02-25;MGNT:2025-04-07;MOEX:2025-12-08;MOEX:2025-12-23;MOEX:2025-04-02;NVTK:2025-08-19;ROSN:2026-05-19;ROSN:2025-09-11;SBER:2025-03-09;SBER:2026-03-30;SBER:2025-04-12;TATN:2026-05-29;TATN:2026-03-19;TATN:2025-03-12;TATN:2025-05-17
507	20260806:507	18	0.212952	-333727.5953	-22.7621	0	ALRS:2026-03-17;ALRS:2025-08-22;GAZP:2026-04-14;LKOH:2025-04-26;MGNT:2026-01-23;MOEX:2026-01-24;MOEX:2025-04-10;MOEX:2025-02-13;NVTK:2025-12-20;ROSN:2025-08-27;ROSN:2025-03-06;SBER:2025-03-15;SBER:2025-08-14;SBER:2026-06-30;TATN:2025-02-25;TATN:2026-05-31;TATN:2025-01-27;TATN:2025-02-12
508	20260806:508	18	1.056509	13197.4800	1130.6535	0	ALRS:2025-05-10;ALRS:2025-01-22;GAZP:2025-05-07;LKOH:2026-03-05;MGNT:2026-01-25;MOEX:2026-06-01;MOEX:2026-06-03;MOEX:2026-02-18;NVTK:2026-01-13;ROSN:2025-08-29;ROSN:2025-01-02;SBER:2026-04-15;SBER:2025-07-08;SBER:2026-02-16;TATN:2025-01-08;TATN:2025-11-19;TATN:2025-08-07;TATN:2025-07-18
509	20260806:509	18	0.713150	-78039.9106	-108.7633	0	ALRS:2025-04-10;ALRS:2025-03-03;GAZP:2025-04-13;LKOH:2025-08-10;MGNT:2025-04-01;MOEX:2025-12-20;MOEX:2026-01-29;MOEX:2026-02-11;NVTK:2025-08-10;ROSN:2025-03-09;ROSN:2026-03-13;SBER:2025-07-07;SBER:2026-06-24;SBER:2025-05-07;TATN:2025-02-13;TATN:2026-05-11;TATN:2025-04-29;TATN:2025-01-28
510	20260806:510	18	0.159672	-401636.7983	-15.3881	0	ALRS:2025-01-15;ALRS:2025-04-01;GAZP:2025-05-15;LKOH:2026-03-25;MGNT:2026-02-01;MOEX:2026-03-16;MOEX:2026-06-06;MOEX:2025-05-01;NVTK:2026-02-28;ROSN:2025-02-28;ROSN:2026-03-22;SBER:2025-08-03;SBER:2026-06-13;SBER:2026-06-09;TATN:2025-05-29;TATN:2025-03-24;TATN:2025-03-02;TATN:2026-05-29
511	20260806:511	18	1.350661	69236.9453	199.2396	0	ALRS:2025-02-26;ALRS:2025-01-23;GAZP:2026-01-27;LKOH:2025-08-16;MGNT:2025-04-08;MOEX:2026-03-19;MOEX:2025-12-12;MOEX:2026-01-16;NVTK:2025-11-29;ROSN:2025-08-16;ROSN:2025-04-25;SBER:2026-02-09;SBER:2026-06-22;SBER:2025-05-20;TATN:2026-03-10;TATN:2025-05-10;TATN:2025-04-06;TATN:2026-03-08
512	20260806:512	18	0.260372	-295719.7610	-26.1877	0	ALRS:2025-04-20;ALRS:2025-01-29;GAZP:2025-05-07;LKOH:2025-05-11;MGNT:2025-03-24;MOEX:2026-04-22;MOEX:2025-11-25;MOEX:2026-06-02;NVTK:2026-04-29;ROSN:2026-05-01;ROSN:2026-04-27;SBER:2025-05-03;SBER:2025-07-20;SBER:2025-01-19;TATN:2025-04-17;TATN:2025-02-28;TATN:2025-05-04;TATN:2025-11-20
513	20260806:513	18	0.926830	-18768.0253	-791.1657	0	ALRS:2025-04-06;ALRS:2026-02-06;GAZP:2026-04-24;LKOH:2025-09-11;MGNT:2026-01-25;MOEX:2026-02-22;MOEX:2025-04-26;MOEX:2026-04-20;NVTK:2025-08-27;ROSN:2025-04-12;ROSN:2026-05-05;SBER:2025-12-04;SBER:2026-02-24;SBER:2026-06-02;TATN:2026-02-22;TATN:2025-05-29;TATN:2025-08-15;TATN:2025-08-06
514	20260806:514	18	0.570725	-128674.7517	-68.2987	0	ALRS:2025-02-13;ALRS:2025-02-25;GAZP:2025-12-27;LKOH:2025-08-12;MGNT:2026-01-23;MOEX:2026-03-16;MOEX:2025-03-27;MOEX:2026-01-13;NVTK:2025-01-23;ROSN:2026-04-29;ROSN:2026-05-12;SBER:2026-05-27;SBER:2026-05-28;SBER:2025-08-17;TATN:2025-01-27;TATN:2026-05-11;TATN:2025-02-04;TATN:2025-08-11
515	20260806:515	18	0.227304	-351449.4681	-21.8855	0	ALRS:2025-09-10;ALRS:2026-02-17;GAZP:2025-04-10;LKOH:2025-01-15;MGNT:2026-04-02;MOEX:2026-02-19;MOEX:2025-03-03;MOEX:2026-05-19;NVTK:2026-04-09;ROSN:2026-03-18;ROSN:2026-03-28;SBER:2025-01-14;SBER:2025-03-25;SBER:2026-06-21;TATN:2025-08-11;TATN:2025-02-13;TATN:2025-04-15;TATN:2025-07-05
516	20260806:516	18	0.468257	-192426.6944	-58.7596	0	ALRS:2025-02-11;ALRS:2025-02-27;GAZP:2025-11-15;LKOH:2025-01-09;MGNT:2026-02-20;MOEX:2025-05-05;MOEX:2025-03-02;MOEX:2025-03-10;NVTK:2026-02-02;ROSN:2025-09-07;ROSN:2025-03-20;SBER:2025-08-03;SBER:2025-08-04;SBER:2026-03-17;TATN:2026-06-09;TATN:2025-04-26;TATN:2025-02-12;TATN:2025-05-13
517	20260806:517	18	0.992782	-2289.5458	-9295.4901	0	ALRS:2025-02-06;ALRS:2026-03-15;GAZP:2026-05-05;LKOH:2025-05-04;MGNT:2025-02-24;MOEX:2025-11-24;MOEX:2026-01-25;MOEX:2025-01-30;NVTK:2026-05-06;ROSN:2025-03-19;ROSN:2025-08-25;SBER:2025-01-29;SBER:2025-05-19;SBER:2026-04-25;TATN:2025-07-22;TATN:2026-04-21;TATN:2025-07-25;TATN:2026-05-30
518	20260806:518	18	2.272318	238557.1014	101.5738	0	ALRS:2025-01-15;ALRS:2025-03-01;GAZP:2025-08-03;LKOH:2025-04-16;MGNT:2026-01-20;MOEX:2025-04-09;MOEX:2026-02-26;MOEX:2025-04-05;NVTK:2026-02-12;ROSN:2026-05-16;ROSN:2025-08-10;SBER:2025-12-08;SBER:2026-03-22;SBER:2026-03-15;TATN:2026-02-24;TATN:2026-03-10;TATN:2025-03-02;TATN:2025-08-14
519	20260806:519	18	0.626771	-162793.5932	-107.9139	0	ALRS:2025-04-05;ALRS:2026-03-13;GAZP:2025-08-30;LKOH:2026-04-28;MGNT:2026-04-05;MOEX:2026-04-13;MOEX:2025-02-04;MOEX:2025-04-17;NVTK:2025-12-18;ROSN:2026-03-24;ROSN:2025-02-03;SBER:2025-07-16;SBER:2025-04-29;SBER:2025-01-16;TATN:2026-04-25;TATN:2025-03-02;TATN:2025-07-27;TATN:2026-03-31
520	20260806:520	18	0.793063	-71327.0477	-228.9161	0	ALRS:2026-02-06;ALRS:2025-09-07;GAZP:2025-03-30;LKOH:2025-04-03;MGNT:2025-02-23;MOEX:2025-02-23;MOEX:2026-03-14;MOEX:2025-12-12;NVTK:2025-03-03;ROSN:2026-03-02;ROSN:2026-02-27;SBER:2026-01-22;SBER:2026-06-01;SBER:2025-12-12;TATN:2025-08-11;TATN:2025-04-03;TATN:2026-04-12;TATN:2025-04-03
521	20260806:521	18	0.571676	-152358.4874	-105.1357	0	ALRS:2025-03-23;ALRS:2025-02-25;GAZP:2026-01-17;LKOH:2025-01-27;MGNT:2025-02-25;MOEX:2026-02-15;MOEX:2025-01-27;MOEX:2025-02-03;NVTK:2026-05-10;ROSN:2026-05-30;ROSN:2026-03-02;SBER:2026-03-18;SBER:2025-08-14;SBER:2026-03-10;TATN:2025-04-14;TATN:2026-04-10;TATN:2025-03-03;TATN:2025-07-21
522	20260806:522	18	0.747244	-113408.9871	-181.1102	0	ALRS:2026-02-07;ALRS:2025-01-26;GAZP:2026-04-02;LKOH:2025-09-10;MGNT:2026-03-05;MOEX:2025-03-16;MOEX:2025-02-05;MOEX:2025-12-25;NVTK:2025-10-13;ROSN:2025-08-25;ROSN:2025-01-26;SBER:2025-05-26;SBER:2026-02-25;SBER:2025-03-26;TATN:2025-01-23;TATN:2025-06-12;TATN:2026-04-05;TATN:2026-06-12
523	20260806:523	18	0.370999	-226577.5921	-30.6574	0	ALRS:2025-08-15;ALRS:2025-04-29;GAZP:2025-11-23;LKOH:2025-02-16;MGNT:2026-04-08;MOEX:2026-04-15;MOEX:2026-06-15;MOEX:2026-05-17;NVTK:2025-12-03;ROSN:2026-04-03;ROSN:2025-03-10;SBER:2025-07-11;SBER:2026-01-18;SBER:2025-04-14;TATN:2026-05-12;TATN:2026-03-23;TATN:2025-02-16;TATN:2026-04-20
524	20260806:524	18	0.802322	-69572.9918	-306.6196	0	ALRS:2025-03-05;ALRS:2026-02-15;GAZP:2025-12-03;LKOH:2025-02-20;MGNT:2026-01-27;MOEX:2025-02-13;MOEX:2026-04-10;MOEX:2025-02-20;NVTK:2025-06-01;ROSN:2025-09-23;ROSN:2025-03-27;SBER:2025-07-15;SBER:2026-01-27;SBER:2025-03-23;TATN:2025-04-20;TATN:2026-02-24;TATN:2026-02-28;TATN:2026-03-05
525	20260806:525	18	0.197209	-353021.9984	-23.3953	0	ALRS:2025-09-10;ALRS:2025-02-02;GAZP:2026-02-26;LKOH:2026-03-27;MGNT:2025-05-14;MOEX:2026-02-07;MOEX:2025-03-13;MOEX:2025-03-18;NVTK:2025-06-17;ROSN:2025-01-16;ROSN:2026-05-27;SBER:2026-05-17;SBER:2025-04-22;SBER:2025-02-19;TATN:2026-05-18;TATN:2025-02-06;TATN:2025-05-25;TATN:2026-04-17
526	20260806:526	18	1.314278	99339.0830	241.7585	0	ALRS:2025-02-23;ALRS:2025-08-27;GAZP:2025-05-09;LKOH:2025-04-29;MGNT:2026-02-10;MOEX:2026-05-30;MOEX:2025-02-03;MOEX:2026-02-21;NVTK:2025-11-14;ROSN:2025-08-22;ROSN:2025-08-22;SBER:2025-08-22;SBER:2026-04-20;SBER:2025-01-21;TATN:2025-05-01;TATN:2026-04-03;TATN:2026-03-03;TATN:2026-04-15
527	20260806:527	18	0.202651	-284540.5871	-12.1755	0	ALRS:2025-08-17;ALRS:2025-02-19;GAZP:2025-08-12;LKOH:2025-04-12;MGNT:2026-01-20;MOEX:2026-03-08;MOEX:2026-01-19;MOEX:2025-11-24;NVTK:2025-12-07;ROSN:2026-05-07;ROSN:2026-05-19;SBER:2025-06-06;SBER:2026-01-17;SBER:2026-04-23;TATN:2025-02-02;TATN:2025-03-25;TATN:2025-04-29;TATN:2025-03-20
528	20260806:528	18	0.230641	-308043.7359	-23.0734	0	ALRS:2025-05-06;ALRS:2026-03-13;GAZP:2025-12-11;LKOH:2025-02-13;MGNT:2025-04-13;MOEX:2025-03-26;MOEX:2026-03-09;MOEX:2026-04-05;NVTK:2025-11-07;ROSN:2026-04-15;ROSN:2025-02-20;SBER:2025-06-26;SBER:2026-03-18;SBER:2025-04-21;TATN:2025-04-06;TATN:2026-04-22;TATN:2026-04-05;TATN:2025-05-17
529	20260806:529	18	0.687229	-129123.3428	-130.0539	0	ALRS:2025-02-23;ALRS:2025-02-05;GAZP:2025-07-24;LKOH:2026-03-18;MGNT:2026-03-23;MOEX:2026-01-13;MOEX:2025-12-14;MOEX:2025-01-29;NVTK:2025-09-07;ROSN:2026-05-22;ROSN:2025-08-24;SBER:2025-06-24;SBER:2025-03-15;SBER:2026-07-04;TATN:2025-05-20;TATN:2025-05-17;TATN:2025-01-08;TATN:2025-07-23
530	20260806:530	18	0.771504	-73585.2566	-250.9546	0	ALRS:2025-04-11;ALRS:2025-04-20;GAZP:2025-08-22;LKOH:2025-04-04;MGNT:2025-03-18;MOEX:2026-05-18;MOEX:2025-04-07;MOEX:2025-05-16;NVTK:2025-09-03;ROSN:2026-03-19;ROSN:2025-03-28;SBER:2025-05-06;SBER:2025-03-19;SBER:2025-02-18;TATN:2026-04-27;TATN:2025-06-05;TATN:2026-02-23;TATN:2025-09-26
531	20260806:531	18	0.246179	-274577.4707	-23.9256	0	ALRS:2025-02-27;ALRS:2026-03-09;GAZP:2025-12-17;LKOH:2026-02-27;MGNT:2025-02-05;MOEX:2026-03-19;MOEX:2026-06-01;MOEX:2026-06-07;NVTK:2025-02-02;ROSN:2026-03-22;ROSN:2026-03-01;SBER:2025-02-24;SBER:2025-07-13;SBER:2025-12-09;TATN:2025-04-24;TATN:2025-02-27;TATN:2025-02-02;TATN:2026-04-15
532	20260806:532	18	1.124876	41430.5303	609.4144	0	ALRS:2025-02-19;ALRS:2025-09-16;GAZP:2025-12-07;LKOH:2025-04-16;MGNT:2026-02-24;MOEX:2025-04-09;MOEX:2025-03-06;MOEX:2025-02-03;NVTK:2025-05-11;ROSN:2026-04-09;ROSN:2025-08-22;SBER:2026-01-22;SBER:2025-08-03;SBER:2025-02-27;TATN:2026-06-06;TATN:2026-02-16;TATN:2025-01-12;TATN:2026-01-31
533	20260806:533	18	0.995123	-1298.3243	-8223.4850	0	ALRS:2025-08-11;ALRS:2025-01-13;GAZP:2026-03-19;LKOH:2025-01-28;MGNT:2025-02-20;MOEX:2025-04-16;MOEX:2025-05-11;MOEX:2025-05-15;NVTK:2026-02-27;ROSN:2026-04-04;ROSN:2025-02-06;SBER:2026-06-28;SBER:2026-04-12;SBER:2025-09-06;TATN:2025-04-17;TATN:2025-06-17;TATN:2025-04-26;TATN:2025-06-10
534	20260806:534	18	0.650450	-95980.7936	-89.7337	0	ALRS:2025-09-15;ALRS:2025-08-27;GAZP:2026-04-13;LKOH:2025-08-29;MGNT:2026-03-27;MOEX:2025-04-21;MOEX:2025-05-15;MOEX:2025-04-11;NVTK:2025-05-29;ROSN:2026-03-13;ROSN:2026-03-16;SBER:2025-05-18;SBER:2026-03-18;SBER:2025-05-04;TATN:2026-03-26;TATN:2026-03-27;TATN:2025-01-09;TATN:2026-05-11
535	20260806:535	18	1.154204	53243.4424	505.4584	0	ALRS:2025-09-08;ALRS:2025-08-16;GAZP:2025-07-27;LKOH:2026-04-08;MGNT:2025-01-27;MOEX:2026-05-31;MOEX:2026-06-03;MOEX:2025-03-16;NVTK:2026-04-14;ROSN:2026-03-25;ROSN:2026-02-26;SBER:2025-04-15;SBER:2025-06-08;SBER:2026-05-29;TATN:2026-04-18;TATN:2026-04-12;TATN:2025-01-14;TATN:2025-01-13
536	20260806:536	18	1.810063	209369.6275	104.7077	0	ALRS:2025-01-30;ALRS:2026-03-17;GAZP:2026-02-16;LKOH:2025-01-27;MGNT:2025-02-06;MOEX:2026-04-12;MOEX:2026-03-31;MOEX:2025-03-20;NVTK:2025-03-10;ROSN:2025-09-25;ROSN:2026-02-25;SBER:2025-07-16;SBER:2025-05-26;SBER:2025-03-06;TATN:2025-07-02;TATN:2026-06-15;TATN:2026-03-14;TATN:2025-04-04
537	20260806:537	18	0.150361	-346232.7219	-10.6405	0	ALRS:2025-01-12;ALRS:2025-09-11;GAZP:2025-03-26;LKOH:2026-03-22;MGNT:2026-03-31;MOEX:2026-03-02;MOEX:2026-04-17;MOEX:2026-02-17;NVTK:2025-05-04;ROSN:2026-04-12;ROSN:2025-02-18;SBER:2025-07-18;SBER:2025-09-02;SBER:2025-04-02;TATN:2025-09-26;TATN:2025-08-10;TATN:2025-06-19;TATN:2026-05-15
538	20260806:538	18	1.208372	56003.6449	329.9740	0	ALRS:2025-01-23;ALRS:2025-02-18;GAZP:2025-11-08;LKOH:2025-02-09;MGNT:2025-05-09;MOEX:2025-05-19;MOEX:2026-05-29;MOEX:2026-05-31;NVTK:2025-11-07;ROSN:2025-09-27;ROSN:2026-04-10;SBER:2025-03-02;SBER:2025-02-04;SBER:2025-04-20;TATN:2025-11-20;TATN:2025-06-08;TATN:2025-02-26;TATN:2025-02-25
539	20260806:539	18	1.419063	108776.9546	176.6030	0	ALRS:2025-02-20;ALRS:2025-08-10;GAZP:2026-01-15;LKOH:2026-03-22;MGNT:2026-01-27;MOEX:2026-06-07;MOEX:2026-03-29;MOEX:2026-04-10;NVTK:2025-11-15;ROSN:2026-03-02;ROSN:2026-03-27;SBER:2025-03-20;SBER:2025-02-05;SBER:2026-01-16;TATN:2025-05-11;TATN:2026-02-15;TATN:2026-03-22;TATN:2026-06-05
540	20260806:540	18	0.932864	-15691.1418	-879.6575	0	ALRS:2025-08-22;ALRS:2025-02-13;GAZP:2026-03-22;LKOH:2025-04-27;MGNT:2025-04-08;MOEX:2025-04-13;MOEX:2025-12-09;MOEX:2026-05-18;NVTK:2026-03-15;ROSN:2025-08-23;ROSN:2025-09-23;SBER:2025-07-20;SBER:2026-06-13;SBER:2025-04-04;TATN:2026-05-17;TATN:2026-04-02;TATN:2026-03-29;TATN:2025-03-03
541	20260806:541	18	0.324327	-308551.2041	-31.2766	0	ALRS:2025-04-09;ALRS:2025-02-25;GAZP:2026-03-09;LKOH:2025-04-23;MGNT:2026-04-07;MOEX:2025-03-30;MOEX:2026-03-04;MOEX:2025-07-01;NVTK:2025-09-05;ROSN:2025-03-19;ROSN:2025-08-16;SBER:2025-02-20;SBER:2026-03-16;SBER:2026-06-23;TATN:2025-04-22;TATN:2026-04-18;TATN:2026-06-04;TATN:2026-06-10
542	20260806:542	18	1.813493	199593.3990	108.8407	0	ALRS:2025-05-03;ALRS:2025-09-12;GAZP:2025-10-28;LKOH:2025-04-17;MGNT:2025-02-13;MOEX:2025-02-04;MOEX:2025-03-11;MOEX:2025-12-14;NVTK:2025-08-07;ROSN:2025-02-28;ROSN:2025-03-29;SBER:2026-06-08;SBER:2026-02-18;SBER:2025-04-16;TATN:2025-03-05;TATN:2026-05-11;TATN:2026-03-02;TATN:2026-02-11
543	20260806:543	18	0.243618	-315744.2640	-28.3204	0	ALRS:2026-02-25;ALRS:2025-03-24;GAZP:2025-12-02;LKOH:2026-03-28;MGNT:2026-03-01;MOEX:2025-04-07;MOEX:2026-04-18;MOEX:2025-03-24;NVTK:2026-02-02;ROSN:2025-03-28;ROSN:2026-02-19;SBER:2025-07-25;SBER:2025-12-09;SBER:2025-07-20;TATN:2025-03-10;TATN:2025-05-27;TATN:2025-04-20;TATN:2025-05-13
544	20260806:544	18	1.261313	41282.3202	302.4524	0	ALRS:2025-08-07;ALRS:2025-04-05;GAZP:2025-08-22;LKOH:2026-03-10;MGNT:2026-01-29;MOEX:2026-02-20;MOEX:2025-02-11;MOEX:2025-11-23;NVTK:2025-04-01;ROSN:2026-03-09;ROSN:2025-01-07;SBER:2025-07-15;SBER:2025-01-20;SBER:2025-11-25;TATN:2026-03-01;TATN:2025-01-09;TATN:2026-03-05;TATN:2026-04-09
545	20260806:545	18	0.665711	-114428.8351	-122.7954	0	ALRS:2025-04-04;ALRS:2025-05-15;GAZP:2026-03-25;LKOH:2025-04-29;MGNT:2026-02-09;MOEX:2025-03-09;MOEX:2025-03-06;MOEX:2026-04-01;NVTK:2026-02-25;ROSN:2025-03-16;ROSN:2025-01-07;SBER:2026-05-25;SBER:2026-03-10;SBER:2025-05-18;TATN:2025-06-16;TATN:2025-05-18;TATN:2026-02-28;TATN:2025-01-12
546	20260806:546	18	0.611125	-110501.6115	-81.9575	0	ALRS:2025-05-16;ALRS:2025-08-13;GAZP:2025-07-25;LKOH:2026-03-10;MGNT:2026-02-11;MOEX:2025-04-25;MOEX:2026-04-15;MOEX:2026-04-10;NVTK:2025-11-28;ROSN:2025-04-05;ROSN:2025-02-26;SBER:2026-04-03;SBER:2026-06-03;SBER:2025-04-25;TATN:2025-04-12;TATN:2025-09-26;TATN:2025-01-07;TATN:2025-05-18
547	20260806:547	18	0.287854	-178824.9013	-20.6052	0	ALRS:2025-04-26;ALRS:2025-02-20;GAZP:2026-04-05;LKOH:2026-02-27;MGNT:2025-03-11;MOEX:2026-02-22;MOEX:2026-03-30;MOEX:2025-03-13;NVTK:2025-05-04;ROSN:2025-09-16;ROSN:2026-05-15;SBER:2025-05-16;SBER:2025-08-26;SBER:2026-04-11;TATN:2025-04-16;TATN:2025-06-04;TATN:2025-06-01;TATN:2026-03-31
548	20260806:548	18	0.979197	-8099.3658	-2090.2545	0	ALRS:2025-01-26;ALRS:2026-02-12;GAZP:2025-04-23;LKOH:2025-05-13;MGNT:2025-03-17;MOEX:2026-04-05;MOEX:2026-05-11;MOEX:2025-01-16;NVTK:2025-09-25;ROSN:2025-04-12;ROSN:2025-03-02;SBER:2025-05-26;SBER:2026-03-29;SBER:2025-04-04;TATN:2026-05-19;TATN:2026-05-02;TATN:2026-06-03;TATN:2026-05-26
549	20260806:549	18	0.249787	-311256.1688	-30.6090	0	ALRS:2025-03-29;ALRS:2025-04-29;GAZP:2026-03-30;LKOH:2025-05-01;MGNT:2025-04-10;MOEX:2025-03-09;MOEX:2025-11-24;MOEX:2026-04-05;NVTK:2026-05-16;ROSN:2025-09-29;ROSN:2025-01-26;SBER:2026-01-28;SBER:2026-05-22;SBER:2025-08-19;TATN:2025-05-22;TATN:2026-03-28;TATN:2026-05-19;TATN:2025-01-23
550	20260806:550	18	0.193786	-397031.1309	-17.4566	0	ALRS:2025-04-24;ALRS:2025-08-21;GAZP:2026-04-17;LKOH:2026-03-18;MGNT:2026-03-16;MOEX:2025-04-02;MOEX:2025-04-12;MOEX:2026-04-09;NVTK:2026-04-01;ROSN:2026-05-20;ROSN:2026-05-17;SBER:2026-05-19;SBER:2026-05-26;SBER:2025-05-19;TATN:2025-05-12;TATN:2025-07-05;TATN:2025-02-28;TATN:2025-04-12
551	20260806:551	18	0.791401	-70593.5666	-241.0921	0	ALRS:2025-01-14;ALRS:2025-03-25;GAZP:2026-05-12;LKOH:2026-02-27;MGNT:2025-04-15;MOEX:2025-02-05;MOEX:2026-02-19;MOEX:2025-02-17;NVTK:2025-10-16;ROSN:2026-05-23;ROSN:2025-04-23;SBER:2025-04-02;SBER:2026-04-18;SBER:2025-04-26;TATN:2026-05-21;TATN:2026-03-16;TATN:2026-03-14;TATN:2025-08-22
552	20260806:552	18	0.367017	-247791.8426	-53.3137	0	ALRS:2026-02-11;ALRS:2025-02-20;GAZP:2025-01-27;LKOH:2025-08-31;MGNT:2025-03-04;MOEX:2025-03-18;MOEX:2025-03-03;MOEX:2025-02-02;NVTK:2025-09-04;ROSN:2026-05-24;ROSN:2026-06-02;SBER:2025-08-24;SBER:2026-06-06;SBER:2025-04-25;TATN:2025-08-12;TATN:2025-06-13;TATN:2025-02-17;TATN:2025-01-19
553	20260806:553	18	0.489407	-176520.2830	-82.4783	0	ALRS:2026-03-08;ALRS:2025-08-22;GAZP:2026-04-26;LKOH:2025-03-10;MGNT:2026-03-01;MOEX:2025-02-24;MOEX:2026-03-10;MOEX:2025-02-02;NVTK:2025-05-01;ROSN:2025-09-10;ROSN:2025-08-15;SBER:2026-05-19;SBER:2026-04-01;SBER:2025-08-19;TATN:2025-08-15;TATN:2025-04-14;TATN:2026-04-20;TATN:2025-01-09
554	20260806:554	18	0.372884	-233123.6297	-39.9566	0	ALRS:2025-03-18;ALRS:2025-03-24;GAZP:2026-02-11;LKOH:2025-01-26;MGNT:2026-02-10;MOEX:2026-02-09;MOEX:2026-01-22;MOEX:2026-06-13;NVTK:2026-05-10;ROSN:2025-03-20;ROSN:2026-04-17;SBER:2026-05-29;SBER:2026-02-03;SBER:2025-01-16;TATN:2025-07-24;TATN:2026-03-01;TATN:2025-08-14;TATN:2025-05-26
555	20260806:555	18	0.487531	-164964.3259	-41.8142	0	ALRS:2025-04-27;ALRS:2026-02-25;GAZP:2025-12-04;LKOH:2025-01-21;MGNT:2026-02-18;MOEX:2025-04-24;MOEX:2026-01-08;MOEX:2026-02-03;NVTK:2026-02-15;ROSN:2025-04-14;ROSN:2026-06-02;SBER:2025-06-08;SBER:2026-02-02;SBER:2026-04-26;TATN:2026-05-28;TATN:2026-03-17;TATN:2025-02-02;TATN:2026-06-02
556	20260806:556	18	1.151169	57419.5228	437.1524	0	ALRS:2025-01-22;ALRS:2025-02-26;GAZP:2025-02-09;LKOH:2025-04-24;MGNT:2025-03-15;MOEX:2026-02-10;MOEX:2025-11-24;MOEX:2025-12-11;NVTK:2025-09-12;ROSN:2026-04-03;ROSN:2026-06-01;SBER:2025-11-30;SBER:2026-07-05;SBER:2025-03-03;TATN:2026-05-06;TATN:2025-07-24;TATN:2026-05-07;TATN:2025-03-18
557	20260806:557	18	0.933373	-26511.3970	-910.3458	0	ALRS:2025-03-16;ALRS:2026-03-17;GAZP:2026-02-16;LKOH:2025-09-05;MGNT:2026-02-22;MOEX:2025-04-12;MOEX:2025-04-29;MOEX:2026-03-23;NVTK:2025-03-31;ROSN:2025-01-22;ROSN:2026-04-18;SBER:2025-02-03;SBER:2025-08-17;SBER:2025-05-17;TATN:2026-05-23;TATN:2025-01-26;TATN:2026-02-24;TATN:2025-03-18
558	20260806:558	18	0.790299	-58444.1532	-268.1481	0	ALRS:2025-02-13;ALRS:2026-02-07;GAZP:2026-05-11;LKOH:2025-08-13;MGNT:2025-04-15;MOEX:2026-01-31;MOEX:2026-04-08;MOEX:2025-02-17;NVTK:2026-02-20;ROSN:2026-02-22;ROSN:2025-02-11;SBER:2025-12-10;SBER:2026-01-20;SBER:2025-06-09;TATN:2025-03-15;TATN:2026-01-30;TATN:2026-03-18;TATN:2026-02-23
559	20260806:559	18	0.899707	-37849.0133	-597.0224	0	ALRS:2025-05-04;ALRS:2025-03-02;GAZP:2025-04-24;LKOH:2026-03-22;MGNT:2025-03-24;MOEX:2025-03-25;MOEX:2026-02-27;MOEX:2025-01-28;NVTK:2025-04-10;ROSN:2026-05-22;ROSN:2025-03-19;SBER:2025-01-13;SBER:2025-09-16;SBER:2026-06-04;TATN:2026-05-14;TATN:2026-02-22;TATN:2026-03-23;TATN:2025-02-19
560	20260806:560	18	0.196074	-355798.6567	-20.6958	0	ALRS:2025-04-27;ALRS:2026-02-17;GAZP:2026-01-12;LKOH:2025-04-27;MGNT:2026-01-26;MOEX:2026-06-05;MOEX:2026-04-15;MOEX:2026-01-24;NVTK:2026-04-18;ROSN:2026-03-30;ROSN:2026-03-29;SBER:2026-06-08;SBER:2026-03-26;SBER:2025-05-05;TATN:2025-02-11;TATN:2026-06-01;TATN:2025-06-13;TATN:2026-05-26
561	20260806:561	18	1.439854	93683.4962	160.1147	0	ALRS:2025-09-18;ALRS:2025-01-30;GAZP:2025-10-16;LKOH:2025-02-19;MGNT:2025-01-28;MOEX:2026-04-09;MOEX:2026-04-19;MOEX:2025-01-23;NVTK:2026-01-19;ROSN:2025-08-21;ROSN:2025-01-21;SBER:2026-03-29;SBER:2026-05-01;SBER:2026-04-26;TATN:2025-06-12;TATN:2026-05-05;TATN:2025-01-19;TATN:2025-05-11
562	20260806:562	18	0.605938	-137283.4461	-92.1055	0	ALRS:2025-08-26;ALRS:2025-09-16;GAZP:2025-11-02;LKOH:2025-01-23;MGNT:2025-02-26;MOEX:2025-03-18;MOEX:2025-04-12;MOEX:2026-01-19;NVTK:2026-03-19;ROSN:2025-02-17;ROSN:2025-04-08;SBER:2025-02-13;SBER:2025-09-12;SBER:2025-02-25;TATN:2025-06-03;TATN:2025-02-19;TATN:2025-03-06;TATN:2025-04-22
563	20260806:563	18	1.106681	36420.3439	647.7388	0	ALRS:2025-04-27;ALRS:2025-03-29;GAZP:2026-04-11;LKOH:2026-03-24;MGNT:2025-05-01;MOEX:2026-04-08;MOEX:2025-03-31;MOEX:2026-04-12;NVTK:2025-10-28;ROSN:2025-03-06;ROSN:2026-03-18;SBER:2026-01-31;SBER:2026-07-11;SBER:2026-03-02;TATN:2025-06-17;TATN:2026-02-23;TATN:2025-04-15;TATN:2026-02-12
564	20260806:564	18	0.215329	-396799.1337	-24.1886	0	ALRS:2025-03-30;ALRS:2026-03-05;GAZP:2025-06-01;LKOH:2025-03-16;MGNT:2025-01-30;MOEX:2026-06-06;MOEX:2026-01-13;MOEX:2025-03-24;NVTK:2026-04-21;ROSN:2025-01-15;ROSN:2026-04-11;SBER:2025-02-24;SBER:2025-06-26;SBER:2026-05-28;TATN:2025-03-03;TATN:2026-06-08;TATN:2026-05-29;TATN:2025-06-17
565	20260806:565	18	0.159687	-332997.3213	-19.0033	0	ALRS:2026-03-13;ALRS:2025-09-14;GAZP:2025-11-07;LKOH:2025-08-11;MGNT:2025-05-02;MOEX:2026-06-02;MOEX:2025-12-25;MOEX:2025-03-01;NVTK:2026-02-24;ROSN:2025-01-15;ROSN:2026-03-26;SBER:2026-07-08;SBER:2025-03-27;SBER:2025-02-17;TATN:2025-06-18;TATN:2026-04-16;TATN:2025-03-23;TATN:2025-04-21
566	20260806:566	18	0.412623	-174765.9953	-62.2790	0	ALRS:2025-04-22;ALRS:2025-05-09;GAZP:2026-05-14;LKOH:2025-09-12;MGNT:2026-02-25;MOEX:2026-06-09;MOEX:2025-05-17;MOEX:2026-05-31;NVTK:2025-06-06;ROSN:2026-05-07;ROSN:2025-09-25;SBER:2026-04-05;SBER:2026-01-29;SBER:2026-05-26;TATN:2025-05-19;TATN:2025-07-07;TATN:2026-05-20;TATN:2026-03-09
567	20260806:567	18	0.602101	-115624.6118	-115.6366	0	ALRS:2026-02-10;ALRS:2026-02-11;GAZP:2025-12-26;LKOH:2025-05-05;MGNT:2026-03-12;MOEX:2025-02-06;MOEX:2026-01-26;MOEX:2026-05-19;NVTK:2025-06-12;ROSN:2025-02-17;ROSN:2026-03-22;SBER:2026-06-03;SBER:2025-02-17;SBER:2025-08-21;TATN:2025-06-04;TATN:2026-04-20;TATN:2025-06-23;TATN:2025-01-12
568	20260806:568	18	0.449326	-198569.5302	-41.0023	0	ALRS:2025-03-12;ALRS:2026-02-20;GAZP:2025-07-22;LKOH:2025-04-15;MGNT:2025-05-07;MOEX:2025-03-10;MOEX:2025-05-15;MOEX:2026-01-11;NVTK:2025-09-01;ROSN:2025-01-21;ROSN:2025-03-17;SBER:2026-03-11;SBER:2026-02-15;SBER:2026-02-04;TATN:2025-03-20;TATN:2025-07-24;TATN:2025-04-02;TATN:2026-04-26
569	20260806:569	18	0.422538	-264068.3970	-68.5107	0	ALRS:2025-04-12;ALRS:2025-03-26;GAZP:2025-02-23;LKOH:2025-05-14;MGNT:2025-03-30;MOEX:2025-12-23;MOEX:2026-02-28;MOEX:2025-07-01;NVTK:2025-08-13;ROSN:2025-03-15;ROSN:2026-05-01;SBER:2025-09-11;SBER:2026-05-10;SBER:2025-08-07;TATN:2025-07-30;TATN:2025-03-02;TATN:2026-06-11;TATN:2025-07-09
570	20260806:570	18	0.279021	-305801.5517	-36.1097	0	ALRS:2025-04-05;ALRS:2025-03-12;GAZP:2026-04-18;LKOH:2025-03-18;MGNT:2025-03-11;MOEX:2025-01-26;MOEX:2025-12-19;MOEX:2026-01-22;NVTK:2026-04-19;ROSN:2026-04-29;ROSN:2025-08-31;SBER:2026-05-20;SBER:2025-09-18;SBER:2026-06-07;TATN:2025-06-10;TATN:2025-08-20;TATN:2026-05-01;TATN:2025-06-13
571	20260806:571	18	0.027889	-448827.8236	-2.4311	0	ALRS:2026-02-19;ALRS:2025-03-05;GAZP:2025-03-10;LKOH:2025-03-10;MGNT:2026-02-15;MOEX:2025-01-20;MOEX:2026-04-05;MOEX:2025-12-25;NVTK:2026-03-22;ROSN:2025-04-02;ROSN:2026-04-01;SBER:2025-02-12;SBER:2025-06-03;SBER:2025-11-28;TATN:2025-06-16;TATN:2026-06-07;TATN:2026-04-21;TATN:2025-07-18
572	20260806:572	18	0.246903	-368857.2313	-30.0154	0	ALRS:2025-03-23;ALRS:2025-04-20;GAZP:2026-04-29;LKOH:2025-03-18;MGNT:2026-04-08;MOEX:2025-11-23;MOEX:2026-03-01;MOEX:2025-03-03;NVTK:2025-02-05;ROSN:2025-08-29;ROSN:2026-03-14;SBER:2025-08-15;SBER:2025-07-19;SBER:2026-03-29;TATN:2026-03-29;TATN:2025-05-03;TATN:2026-04-22;TATN:2025-03-26
573	20260806:573	18	1.024962	5534.7475	2797.2339	0	ALRS:2025-05-02;ALRS:2026-02-20;GAZP:2026-02-20;LKOH:2025-04-27;MGNT:2025-04-02;MOEX:2026-04-16;MOEX:2026-04-16;MOEX:2026-01-26;NVTK:2026-01-16;ROSN:2025-09-06;ROSN:2025-01-27;SBER:2025-08-31;SBER:2025-05-21;SBER:2025-07-10;TATN:2025-07-08;TATN:2026-05-07;TATN:2026-06-17;TATN:2026-03-08
574	20260806:574	18	0.662670	-114624.3826	-128.0282	0	ALRS:2026-01-30;ALRS:2025-03-15;GAZP:2025-02-25;LKOH:2025-10-19;MGNT:2025-02-19;MOEX:2025-02-11;MOEX:2026-01-15;MOEX:2025-06-29;NVTK:2026-04-16;ROSN:2025-03-09;ROSN:2025-01-21;SBER:2025-08-17;SBER:2026-03-08;SBER:2025-02-04;TATN:2026-03-29;TATN:2026-04-28;TATN:2025-06-18;TATN:2025-05-12
575	20260806:575	18	0.173775	-364655.7205	-12.5108	0	ALRS:2026-02-20;ALRS:2025-05-10;GAZP:2025-02-17;LKOH:2026-03-26;MGNT:2026-03-18;MOEX:2026-01-21;MOEX:2025-03-04;MOEX:2026-05-18;NVTK:2025-09-28;ROSN:2025-09-14;ROSN:2025-09-13;SBER:2026-01-17;SBER:2026-05-17;SBER:2026-04-06;TATN:2025-08-18;TATN:2026-05-13;TATN:2025-03-10;TATN:2026-06-07
576	20260806:576	18	0.689374	-114185.7151	-142.3185	0	ALRS:2025-03-30;ALRS:2025-02-13;GAZP:2025-04-10;LKOH:2025-01-15;MGNT:2025-02-23;MOEX:2025-05-05;MOEX:2025-05-11;MOEX:2025-05-03;NVTK:2025-05-19;ROSN:2026-03-15;ROSN:2025-01-20;SBER:2026-03-13;SBER:2025-08-24;SBER:2026-01-20;TATN:2025-06-05;TATN:2026-02-18;TATN:2026-04-26;TATN:2026-06-21
577	20260806:577	18	0.439834	-199114.8574	-66.2304	0	ALRS:2026-03-03;ALRS:2025-02-10;GAZP:2026-02-27;LKOH:2025-03-04;MGNT:2025-04-28;MOEX:2026-04-06;MOEX:2026-01-28;MOEX:2026-03-31;NVTK:2025-12-08;ROSN:2025-08-29;ROSN:2025-01-02;SBER:2026-07-04;SBER:2025-07-13;SBER:2026-01-28;TATN:2026-02-28;TATN:2025-09-25;TATN:2025-06-04;TATN:2026-04-23
578	20260806:578	18	0.768795	-59235.6035	-127.8236	0	ALRS:2025-08-11;ALRS:2025-05-02;GAZP:2025-10-15;LKOH:2025-02-03;MGNT:2025-03-27;MOEX:2026-03-04;MOEX:2026-04-02;MOEX:2026-06-04;NVTK:2025-04-14;ROSN:2025-09-15;ROSN:2025-09-15;SBER:2025-03-12;SBER:2025-09-03;SBER:2025-03-04;TATN:2026-04-24;TATN:2025-04-23;TATN:2025-03-19;TATN:2025-07-02
579	20260806:579	18	0.166460	-448561.8723	-16.2129	0	ALRS:2025-05-13;ALRS:2025-09-18;GAZP:2026-05-16;LKOH:2025-01-22;MGNT:2025-03-19;MOEX:2025-04-16;MOEX:2026-06-08;MOEX:2025-03-06;NVTK:2025-07-01;ROSN:2026-04-29;ROSN:2025-01-15;SBER:2026-01-21;SBER:2025-12-07;SBER:2026-04-13;TATN:2025-05-21;TATN:2026-03-02;TATN:2025-02-26;TATN:2025-02-27
580	20260806:580	18	0.379353	-263743.4940	-50.1115	0	ALRS:2025-02-04;ALRS:2025-03-20;GAZP:2025-08-20;LKOH:2025-09-08;MGNT:2026-03-03;MOEX:2026-04-20;MOEX:2026-04-01;MOEX:2026-01-26;NVTK:2025-03-17;ROSN:2026-03-29;ROSN:2025-08-15;SBER:2026-01-28;SBER:2025-08-10;SBER:2025-05-13;TATN:2025-02-27;TATN:2026-05-29;TATN:2025-04-05;TATN:2026-06-16
581	20260806:581	18	0.652310	-143382.7549	-120.7072	0	ALRS:2025-03-28;ALRS:2025-05-12;GAZP:2025-04-14;LKOH:2026-03-28;MGNT:2026-04-14;MOEX:2026-06-08;MOEX:2026-01-28;MOEX:2025-02-02;NVTK:2025-06-19;ROSN:2026-06-02;ROSN:2026-04-15;SBER:2026-06-06;SBER:2025-08-31;SBER:2025-03-19;TATN:2026-03-14;TATN:2026-05-12;TATN:2025-05-11;TATN:2025-03-06
582	20260806:582	18	0.657794	-102824.5167	-150.1012	0	ALRS:2025-04-27;ALRS:2025-08-23;GAZP:2026-02-12;LKOH:2026-03-22;MGNT:2026-02-23;MOEX:2026-04-10;MOEX:2026-05-22;MOEX:2025-03-12;NVTK:2025-07-18;ROSN:2026-04-29;ROSN:2025-01-05;SBER:2025-01-27;SBER:2025-04-13;SBER:2025-09-08;TATN:2026-03-04;TATN:2026-04-07;TATN:2025-06-17;TATN:2025-02-18
583	20260806:583	18	0.678932	-139429.4692	-137.6907	0	ALRS:2025-04-07;ALRS:2026-02-25;GAZP:2025-11-05;LKOH:2026-03-30;MGNT:2026-01-28;MOEX:2026-03-13;MOEX:2026-04-23;MOEX:2026-02-11;NVTK:2026-05-12;ROSN:2025-03-18;ROSN:2026-05-19;SBER:2025-04-14;SBER:2025-08-31;SBER:2025-01-23;TATN:2026-04-07;TATN:2025-03-26;TATN:2025-03-20;TATN:2025-07-18
584	20260806:584	18	1.306457	82786.4224	229.3066	0	ALRS:2025-08-16;ALRS:2025-01-21;GAZP:2025-04-26;LKOH:2025-08-14;MGNT:2026-03-10;MOEX:2026-02-09;MOEX:2026-04-18;MOEX:2026-04-26;NVTK:2025-01-19;ROSN:2026-04-19;ROSN:2025-09-29;SBER:2025-05-06;SBER:2025-04-25;SBER:2025-02-16;TATN:2026-04-30;TATN:2025-07-29;TATN:2025-04-01;TATN:2026-03-17
585	20260806:585	18	1.622465	106025.6873	173.0152	0	ALRS:2025-08-06;ALRS:2025-04-17;GAZP:2025-11-26;LKOH:2025-08-16;MGNT:2026-02-25;MOEX:2026-02-09;MOEX:2025-02-20;MOEX:2025-01-21;NVTK:2025-05-06;ROSN:2025-01-02;ROSN:2026-03-15;SBER:2026-05-30;SBER:2025-09-13;SBER:2025-06-03;TATN:2026-04-12;TATN:2026-02-22;TATN:2026-04-30;TATN:2025-06-13
586	20260806:586	18	0.901961	-21528.6009	-569.7567	0	ALRS:2025-03-15;ALRS:2026-03-10;GAZP:2025-02-18;LKOH:2025-01-15;MGNT:2025-04-06;MOEX:2025-02-13;MOEX:2026-01-26;MOEX:2026-04-14;NVTK:2025-03-24;ROSN:2025-02-12;ROSN:2025-02-05;SBER:2026-01-22;SBER:2025-07-14;SBER:2025-02-17;TATN:2025-01-29;TATN:2025-07-24;TATN:2026-03-17;TATN:2025-04-05
587	20260806:587	18	0.839708	-64579.6072	-362.0249	0	ALRS:2025-02-20;ALRS:2025-09-10;GAZP:2026-03-19;LKOH:2025-09-04;MGNT:2026-04-13;MOEX:2025-01-26;MOEX:2026-03-18;MOEX:2025-12-09;NVTK:2025-09-23;ROSN:2026-05-19;ROSN:2026-02-26;SBER:2025-03-13;SBER:2026-05-04;SBER:2025-03-29;TATN:2025-05-16;TATN:2026-03-17;TATN:2026-05-31;TATN:2025-07-31
588	20260806:588	18	0.826835	-49870.8723	-411.6435	0	ALRS:2025-03-19;ALRS:2025-03-23;GAZP:2026-05-03;LKOH:2025-09-08;MGNT:2026-02-18;MOEX:2026-04-14;MOEX:2026-03-27;MOEX:2026-02-26;NVTK:2025-10-29;ROSN:2026-03-11;ROSN:2025-10-05;SBER:2025-03-28;SBER:2026-07-11;SBER:2026-04-05;TATN:2025-02-27;TATN:2026-02-16;TATN:2025-02-11;TATN:2026-02-27
589	20260806:589	18	0.967724	-9576.6432	-1947.8406	0	ALRS:2025-01-14;ALRS:2025-02-04;GAZP:2025-01-19;LKOH:2025-01-22;MGNT:2026-04-09;MOEX:2025-02-06;MOEX:2025-12-19;MOEX:2025-04-02;NVTK:2025-08-27;ROSN:2026-02-20;ROSN:2026-03-27;SBER:2026-04-24;SBER:2025-12-08;SBER:2025-07-24;TATN:2026-01-31;TATN:2025-06-15;TATN:2025-07-06;TATN:2026-06-15
590	20260806:590	18	0.419688	-242228.4133	-34.5931	0	ALRS:2025-05-18;ALRS:2025-02-10;GAZP:2025-05-30;LKOH:2025-04-17;MGNT:2026-02-08;MOEX:2026-04-07;MOEX:2026-04-08;MOEX:2026-06-06;NVTK:2025-04-04;ROSN:2025-01-27;ROSN:2025-04-28;SBER:2026-03-01;SBER:2025-05-12;SBER:2026-02-22;TATN:2025-01-23;TATN:2025-05-02;TATN:2026-03-31;TATN:2025-03-25
591	20260806:591	18	0.352842	-276405.6739	-47.2321	0	ALRS:2025-01-27;ALRS:2025-05-07;GAZP:2025-11-23;LKOH:2025-05-17;MGNT:2025-02-27;MOEX:2025-02-26;MOEX:2025-03-13;MOEX:2026-04-05;NVTK:2026-02-19;ROSN:2025-04-03;ROSN:2025-08-31;SBER:2025-09-16;SBER:2025-07-18;SBER:2025-08-19;TATN:2026-06-16;TATN:2025-08-13;TATN:2026-06-06;TATN:2026-04-17
592	20260806:592	18	0.867699	-44759.2994	-509.0672	0	ALRS:2025-03-25;ALRS:2025-05-02;GAZP:2025-02-06;LKOH:2026-03-26;MGNT:2026-01-19;MOEX:2025-03-04;MOEX:2025-01-26;MOEX:2026-05-26;NVTK:2025-12-07;ROSN:2025-02-04;ROSN:2025-01-15;SBER:2025-03-03;SBER:2025-03-29;SBER:2025-06-12;TATN:2025-03-12;TATN:2026-04-15;TATN:2025-04-25;TATN:2026-04-25
593	20260806:593	18	1.143233	37791.3481	484.1974	0	ALRS:2025-02-18;ALRS:2025-05-01;GAZP:2026-03-13;LKOH:2025-01-07;MGNT:2025-03-11;MOEX:2026-01-23;MOEX:2025-02-11;MOEX:2026-03-01;NVTK:2025-02-28;ROSN:2026-05-27;ROSN:2025-02-06;SBER:2026-01-29;SBER:2026-04-08;SBER:2026-04-28;TATN:2025-01-09;TATN:2025-05-22;TATN:2026-06-17;TATN:2026-02-22
594	20260806:594	18	0.787326	-74340.6797	-232.9620	0	ALRS:2025-03-30;ALRS:2025-04-11;GAZP:2025-02-20;LKOH:2025-03-25;MGNT:2025-04-10;MOEX:2026-05-26;MOEX:2026-01-13;MOEX:2025-04-07;NVTK:2025-09-24;ROSN:2026-03-15;ROSN:2025-02-13;SBER:2026-05-16;SBER:2025-03-17;SBER:2026-02-12;TATN:2025-05-15;TATN:2026-02-11;TATN:2026-03-22;TATN:2026-06-18
595	20260806:595	18	0.332214	-298476.9966	-26.1004	0	ALRS:2025-08-06;ALRS:2026-02-05;GAZP:2025-04-24;LKOH:2025-05-12;MGNT:2026-04-07;MOEX:2025-04-05;MOEX:2025-05-18;MOEX:2025-05-15;NVTK:2026-04-01;ROSN:2025-01-22;ROSN:2025-08-26;SBER:2025-05-26;SBER:2026-03-09;SBER:2025-07-11;TATN:2025-02-05;TATN:2026-04-22;TATN:2026-06-03;TATN:2025-05-09
596	20260806:596	18	0.711791	-107926.4310	-148.0564	0	ALRS:2025-08-10;ALRS:2026-01-29;GAZP:2026-04-15;LKOH:2025-09-09;MGNT:2025-02-25;MOEX:2025-02-13;MOEX:2026-04-02;MOEX:2025-02-10;NVTK:2025-02-11;ROSN:2025-04-23;ROSN:2026-05-12;SBER:2026-07-11;SBER:2025-04-01;SBER:2026-04-20;TATN:2025-06-08;TATN:2026-02-27;TATN:2025-01-28;TATN:2025-03-28
597	20260806:597	18	0.113006	-459548.9889	-8.5461	0	ALRS:2025-04-28;ALRS:2025-02-17;GAZP:2026-03-28;LKOH:2025-02-10;MGNT:2026-02-27;MOEX:2026-06-09;MOEX:2025-03-15;MOEX:2025-11-23;NVTK:2025-08-10;ROSN:2025-09-05;ROSN:2025-03-14;SBER:2026-07-05;SBER:2025-09-10;SBER:2025-02-18;TATN:2025-05-15;TATN:2026-04-24;TATN:2025-06-04;TATN:2025-03-16
598	20260806:598	18	0.282096	-206480.8260	-30.2779	0	ALRS:2025-09-11;ALRS:2025-09-09;GAZP:2026-02-05;LKOH:2025-01-05;MGNT:2026-01-19;MOEX:2025-02-13;MOEX:2026-02-27;MOEX:2026-04-06;NVTK:2025-04-21;ROSN:2025-03-15;ROSN:2025-03-05;SBER:2026-02-19;SBER:2025-08-29;SBER:2026-02-05;TATN:2025-05-26;TATN:2025-05-15;TATN:2025-07-19;TATN:2025-06-09
599	20260806:599	18	1.405521	126691.5186	189.4607	0	ALRS:2026-03-01;ALRS:2025-05-07;GAZP:2025-04-04;LKOH:2025-05-15;MGNT:2025-04-27;MOEX:2026-01-18;MOEX:2026-03-17;MOEX:2026-03-08;NVTK:2025-07-20;ROSN:2026-04-09;ROSN:2025-08-07;SBER:2026-03-08;SBER:2026-01-24;SBER:2025-06-13;TATN:2025-07-29;TATN:2026-05-03;TATN:2026-02-21;TATN:2026-04-23
600	20260806:600	18	1.076146	18755.8602	656.9726	0	ALRS:2026-03-16;ALRS:2025-09-18;GAZP:2026-01-13;LKOH:2025-08-17;MGNT:2026-02-04;MOEX:2025-07-01;MOEX:2026-02-02;MOEX:2026-05-11;NVTK:2026-04-04;ROSN:2025-02-05;ROSN:2026-03-09;SBER:2025-08-20;SBER:2025-08-10;SBER:2025-01-19;TATN:2025-07-02;TATN:2025-04-24;TATN:2026-05-11;TATN:2026-05-02
601	20260806:601	18	1.301486	74998.4671	270.2197	0	ALRS:2025-05-09;ALRS:2025-04-14;GAZP:2026-04-13;LKOH:2025-02-05;MGNT:2026-02-28;MOEX:2025-02-03;MOEX:2025-05-02;MOEX:2026-01-27;NVTK:2025-06-28;ROSN:2026-03-15;ROSN:2026-03-09;SBER:2025-03-01;SBER:2026-04-17;SBER:2026-02-21;TATN:2026-04-24;TATN:2025-08-06;TATN:2025-06-30;TATN:2026-05-01
602	20260806:602	18	0.239825	-399248.5163	-21.9405	0	ALRS:2026-03-03;ALRS:2025-08-18;GAZP:2026-01-30;LKOH:2025-02-23;MGNT:2025-02-09;MOEX:2026-04-19;MOEX:2025-04-08;MOEX:2026-02-17;NVTK:2026-03-14;ROSN:2025-03-02;ROSN:2026-04-19;SBER:2026-07-04;SBER:2025-01-13;SBER:2026-05-15;TATN:2025-03-29;TATN:2026-04-20;TATN:2025-08-16;TATN:2025-06-01
603	20260806:603	18	0.177829	-326568.1659	-21.6293	0	ALRS:2025-09-07;ALRS:2025-08-07;GAZP:2025-01-13;LKOH:2025-04-26;MGNT:2025-03-06;MOEX:2025-01-16;MOEX:2025-03-02;MOEX:2025-05-07;NVTK:2025-11-28;ROSN:2025-08-20;ROSN:2025-02-17;SBER:2025-07-04;SBER:2026-06-16;SBER:2026-06-12;TATN:2026-04-02;TATN:2026-03-10;TATN:2025-05-27;TATN:2025-04-29
604	20260806:604	18	0.343600	-243107.0883	-38.3803	0	ALRS:2025-05-03;ALRS:2026-02-25;GAZP:2025-07-25;LKOH:2025-08-16;MGNT:2025-03-13;MOEX:2026-01-31;MOEX:2026-04-07;MOEX:2025-03-03;NVTK:2025-12-01;ROSN:2025-04-01;ROSN:2025-02-04;SBER:2025-11-20;SBER:2025-04-10;SBER:2025-09-08;TATN:2025-06-07;TATN:2026-06-03;TATN:2025-06-02;TATN:2025-08-14
605	20260806:605	18	0.169193	-337641.3341	-14.7871	0	ALRS:2026-02-01;ALRS:2025-01-16;GAZP:2026-01-23;LKOH:2025-08-12;MGNT:2025-04-02;MOEX:2025-03-19;MOEX:2026-01-15;MOEX:2026-05-26;NVTK:2026-05-19;ROSN:2026-04-09;ROSN:2025-04-16;SBER:2026-01-31;SBER:2025-08-26;SBER:2026-07-08;TATN:2025-06-04;TATN:2026-05-29;TATN:2026-03-22;TATN:2025-06-22
606	20260806:606	18	0.757677	-97589.9699	-160.6086	0	ALRS:2025-03-27;ALRS:2025-04-07;GAZP:2025-03-24;LKOH:2025-01-29;MGNT:2025-03-17;MOEX:2025-05-19;MOEX:2025-01-28;MOEX:2026-05-27;NVTK:2025-10-15;ROSN:2025-04-04;ROSN:2025-08-23;SBER:2025-06-07;SBER:2025-06-01;SBER:2025-07-08;TATN:2025-06-04;TATN:2025-08-05;TATN:2026-03-02;TATN:2025-05-18
607	20260806:607	18	0.649816	-141774.1843	-114.4443	0	ALRS:2026-02-16;ALRS:2025-04-14;GAZP:2025-03-16;LKOH:2026-03-03;MGNT:2026-03-03;MOEX:2026-05-12;MOEX:2026-04-19;MOEX:2026-01-15;NVTK:2025-07-05;ROSN:2025-08-12;ROSN:2025-08-11;SBER:2026-06-10;SBER:2026-06-29;SBER:2025-06-05;TATN:2025-04-17;TATN:2025-07-04;TATN:2026-04-11;TATN:2026-02-21
608	20260806:608	18	0.915258	-25835.4166	-677.7337	0	ALRS:2025-04-06;ALRS:2025-08-19;GAZP:2025-10-16;LKOH:2025-05-18;MGNT:2025-03-11;MOEX:2026-06-02;MOEX:2026-05-21;MOEX:2025-12-14;NVTK:2025-10-19;ROSN:2026-06-03;ROSN:2025-11-19;SBER:2026-03-22;SBER:2026-06-23;SBER:2025-04-10;TATN:2026-05-10;TATN:2026-03-18;TATN:2026-06-13;TATN:2026-02-17
609	20260806:609	18	0.555729	-125397.6410	-82.4521	0	ALRS:2025-04-15;ALRS:2026-03-04;GAZP:2026-05-07;LKOH:2025-05-01;MGNT:2025-04-24;MOEX:2026-05-12;MOEX:2026-03-01;MOEX:2025-05-20;NVTK:2025-10-30;ROSN:2025-01-13;ROSN:2026-05-22;SBER:2026-04-20;SBER:2025-04-22;SBER:2026-02-02;TATN:2026-05-21;TATN:2026-04-08;TATN:2025-07-09;TATN:2025-02-19
610	20260806:610	18	0.598531	-163057.2124	-85.5977	0	ALRS:2025-02-02;ALRS:2026-02-01;GAZP:2025-10-19;LKOH:2025-09-06;MGNT:2025-03-25;MOEX:2025-02-11;MOEX:2025-04-12;MOEX:2026-02-04;NVTK:2025-05-21;ROSN:2025-09-17;ROSN:2026-04-12;SBER:2025-02-17;SBER:2025-08-20;SBER:2025-04-25;TATN:2026-06-13;TATN:2026-05-02;TATN:2025-05-13;TATN:2025-06-10
611	20260806:611	18	0.761671	-79730.6673	-241.4650	0	ALRS:2026-02-05;ALRS:2025-05-05;GAZP:2025-11-19;LKOH:2025-01-05;MGNT:2025-04-21;MOEX:2025-01-20;MOEX:2025-02-27;MOEX:2026-06-11;NVTK:2025-10-12;ROSN:2026-06-01;ROSN:2025-03-17;SBER:2025-01-12;SBER:2025-01-26;SBER:2025-09-09;TATN:2025-04-05;TATN:2025-08-11;TATN:2025-01-27;TATN:2025-04-29
612	20260806:612	18	0.254430	-287133.3294	-24.4183	0	ALRS:2025-04-06;ALRS:2025-08-21;GAZP:2026-05-19;LKOH:2026-04-08;MGNT:2026-03-31;MOEX:2025-04-23;MOEX:2026-06-06;MOEX:2026-04-26;NVTK:2026-05-15;ROSN:2025-04-21;ROSN:2026-05-06;SBER:2026-02-21;SBER:2025-03-05;SBER:2025-06-17;TATN:2025-07-21;TATN:2025-04-08;TATN:2026-05-17;TATN:2026-04-07
613	20260806:613	18	0.825212	-55881.8447	-245.5425	0	ALRS:2026-02-18;ALRS:2025-04-21;GAZP:2025-05-02;LKOH:2025-09-03;MGNT:2025-03-31;MOEX:2025-02-13;MOEX:2025-04-09;MOEX:2026-05-19;NVTK:2025-02-23;ROSN:2025-04-25;ROSN:2025-08-18;SBER:2025-04-03;SBER:2025-05-15;SBER:2025-02-10;TATN:2025-04-01;TATN:2025-08-11;TATN:2025-04-08;TATN:2025-05-06
614	20260806:614	18	0.490422	-245535.1387	-53.7622	0	ALRS:2026-03-04;ALRS:2025-01-16;GAZP:2026-04-21;LKOH:2025-01-13;MGNT:2026-01-20;MOEX:2026-02-17;MOEX:2026-02-09;MOEX:2025-03-04;NVTK:2025-05-17;ROSN:2025-01-09;ROSN:2025-09-21;SBER:2025-04-08;SBER:2026-03-30;SBER:2025-06-18;TATN:2025-02-27;TATN:2026-05-06;TATN:2026-04-13;TATN:2026-06-05
615	20260806:615	18	1.915373	207478.0595	86.6054	0	ALRS:2026-02-28;ALRS:2025-01-30;GAZP:2026-03-02;LKOH:2025-09-11;MGNT:2025-05-09;MOEX:2026-01-24;MOEX:2026-06-08;MOEX:2025-02-19;NVTK:2025-06-23;ROSN:2026-03-18;ROSN:2025-02-05;SBER:2025-03-25;SBER:2025-01-27;SBER:2026-01-15;TATN:2026-03-10;TATN:2026-05-01;TATN:2026-06-01;TATN:2025-06-09
616	20260806:616	18	0.578772	-169740.1727	-118.7131	0	ALRS:2025-01-27;ALRS:2025-03-14;GAZP:2025-04-22;LKOH:2025-05-01;MGNT:2025-05-01;MOEX:2025-02-26;MOEX:2026-06-05;MOEX:2025-05-06;NVTK:2026-05-06;ROSN:2025-09-08;ROSN:2025-02-28;SBER:2025-05-06;SBER:2025-05-30;SBER:2026-04-11;TATN:2025-07-29;TATN:2026-06-03;TATN:2025-06-04;TATN:2025-09-25
617	20260806:617	18	0.840918	-46185.7078	-310.7317	0	ALRS:2026-02-06;ALRS:2025-02-10;GAZP:2025-08-11;LKOH:2025-03-25;MGNT:2026-04-11;MOEX:2025-04-14;MOEX:2026-04-07;MOEX:2025-02-24;NVTK:2025-05-05;ROSN:2026-02-22;ROSN:2025-01-27;SBER:2025-11-27;SBER:2025-04-03;SBER:2026-04-20;TATN:2025-04-27;TATN:2025-02-09;TATN:2025-07-22;TATN:2025-05-11
618	20260806:618	18	0.737527	-86873.1563	-149.7204	0	ALRS:2026-02-07;ALRS:2025-02-11;GAZP:2025-11-25;LKOH:2025-03-12;MGNT:2026-04-07;MOEX:2025-04-09;MOEX:2025-03-10;MOEX:2026-02-24;NVTK:2025-09-09;ROSN:2026-03-13;ROSN:2026-04-15;SBER:2025-08-11;SBER:2025-04-06;SBER:2025-08-20;TATN:2025-04-14;TATN:2026-05-03;TATN:2026-03-13;TATN:2026-04-08
619	20260806:619	18	0.774735	-70458.9640	-211.8790	0	ALRS:2025-02-09;ALRS:2026-02-05;GAZP:2026-01-19;LKOH:2025-03-18;MGNT:2026-03-01;MOEX:2026-01-21;MOEX:2026-06-11;MOEX:2025-04-13;NVTK:2025-10-21;ROSN:2025-03-30;ROSN:2026-04-07;SBER:2025-07-12;SBER:2026-04-16;SBER:2025-05-29;TATN:2025-07-10;TATN:2026-03-17;TATN:2026-04-04;TATN:2025-06-29
620	20260806:620	18	1.685303	188556.3341	109.2591	0	ALRS:2025-09-15;ALRS:2026-02-17;GAZP:2025-11-04;LKOH:2025-01-12;MGNT:2025-01-28;MOEX:2026-02-10;MOEX:2026-06-14;MOEX:2026-03-29;NVTK:2025-06-14;ROSN:2025-03-09;ROSN:2025-04-11;SBER:2025-02-06;SBER:2025-07-29;SBER:2025-08-06;TATN:2026-04-06;TATN:2025-09-27;TATN:2025-06-18;TATN:2026-02-11
621	20260806:621	18	0.551728	-135078.1793	-81.8507	0	ALRS:2026-01-30;ALRS:2025-02-02;GAZP:2025-01-23;LKOH:2025-01-15;MGNT:2025-04-21;MOEX:2026-03-27;MOEX:2026-02-08;MOEX:2026-04-13;NVTK:2025-06-19;ROSN:2025-09-08;ROSN:2026-03-27;SBER:2025-08-27;SBER:2025-09-01;SBER:2025-07-17;TATN:2026-03-02;TATN:2025-03-10;TATN:2025-03-15;TATN:2025-05-12
622	20260806:622	18	0.605324	-101057.6507	-77.4518	0	ALRS:2025-03-28;ALRS:2025-01-14;GAZP:2026-05-16;LKOH:2025-09-12;MGNT:2026-04-14;MOEX:2026-02-19;MOEX:2026-05-21;MOEX:2026-04-19;NVTK:2026-01-08;ROSN:2026-01-29;ROSN:2025-01-22;SBER:2026-01-26;SBER:2025-03-01;SBER:2025-05-22;TATN:2025-05-19;TATN:2025-03-18;TATN:2025-04-14;TATN:2025-01-05
623	20260806:623	18	0.517173	-187588.6961	-69.3140	0	ALRS:2025-03-06;ALRS:2025-04-29;GAZP:2026-01-30;LKOH:2026-03-01;MGNT:2026-03-05;MOEX:2025-03-27;MOEX:2026-02-19;MOEX:2026-05-21;NVTK:2025-06-15;ROSN:2026-04-01;ROSN:2026-05-22;SBER:2025-07-03;SBER:2026-07-06;SBER:2025-03-12;TATN:2025-04-20;TATN:2025-08-15;TATN:2025-02-05;TATN:2025-07-10
624	20260806:624	18	1.335498	80783.2627	234.5362	0	ALRS:2025-02-16;ALRS:2026-03-04;GAZP:2026-02-11;LKOH:2025-04-06;MGNT:2025-04-23;MOEX:2026-04-19;MOEX:2025-02-03;MOEX:2026-04-13;NVTK:2025-03-20;ROSN:2026-05-24;ROSN:2025-01-30;SBER:2025-09-16;SBER:2025-05-17;SBER:2025-05-01;TATN:2025-04-24;TATN:2025-01-28;TATN:2025-01-13;TATN:2026-04-27
625	20260806:625	18	0.821092	-42503.6182	-262.0654	0	ALRS:2025-09-14;ALRS:2025-01-19;GAZP:2025-12-11;LKOH:2025-05-05;MGNT:2026-03-17;MOEX:2026-05-11;MOEX:2025-03-02;MOEX:2025-04-20;NVTK:2026-04-01;ROSN:2025-04-16;ROSN:2025-09-22;SBER:2026-01-31;SBER:2026-04-19;SBER:2026-02-21;TATN:2026-05-13;TATN:2025-06-03;TATN:2026-05-15;TATN:2025-06-16
626	20260806:626	18	0.184914	-317883.3486	-18.6186	0	ALRS:2025-02-18;ALRS:2026-02-22;GAZP:2026-03-24;LKOH:2025-03-29;MGNT:2026-03-16;MOEX:2026-01-24;MOEX:2025-04-27;MOEX:2025-03-26;NVTK:2025-06-23;ROSN:2026-03-19;ROSN:2025-09-29;SBER:2025-05-18;SBER:2025-09-18;SBER:2025-04-02;TATN:2026-04-03;TATN:2025-04-14;TATN:2025-01-15;TATN:2026-03-26
627	20260806:627	18	0.679497	-94189.6617	-149.9487	0	ALRS:2025-04-28;ALRS:2026-02-27;GAZP:2026-04-10;LKOH:2025-01-20;MGNT:2026-02-26;MOEX:2025-04-01;MOEX:2025-03-13;MOEX:2026-04-24;NVTK:2026-03-12;ROSN:2025-04-23;ROSN:2026-02-28;SBER:2026-05-28;SBER:2026-02-06;SBER:2025-03-25;TATN:2025-08-05;TATN:2025-04-28;TATN:2025-05-09;TATN:2025-09-28
628	20260806:628	18	0.119061	-435044.0572	-11.4217	0	ALRS:2025-05-04;ALRS:2025-03-13;GAZP:2026-05-17;LKOH:2025-02-26;MGNT:2025-03-02;MOEX:2026-05-20;MOEX:2026-04-17;MOEX:2025-05-15;NVTK:2025-03-09;ROSN:2025-04-29;ROSN:2026-01-31;SBER:2025-04-15;SBER:2025-08-14;SBER:2025-07-01;TATN:2026-03-24;TATN:2026-05-15;TATN:2026-06-12;TATN:2025-03-30
629	20260806:629	18	0.439302	-232517.9542	-69.9614	0	ALRS:2025-04-21;ALRS:2025-03-01;GAZP:2026-05-17;LKOH:2025-09-12;MGNT:2025-03-14;MOEX:2025-05-01;MOEX:2025-12-15;MOEX:2026-04-07;NVTK:2025-10-29;ROSN:2025-04-22;ROSN:2026-05-14;SBER:2026-05-07;SBER:2026-07-09;SBER:2026-07-06;TATN:2025-05-02;TATN:2026-05-06;TATN:2025-07-02;TATN:2026-05-07
630	20260806:630	18	0.344684	-295653.0950	-41.1419	0	ALRS:2025-09-16;ALRS:2025-05-18;GAZP:2025-05-26;LKOH:2025-02-28;MGNT:2025-03-14;MOEX:2025-03-30;MOEX:2026-05-12;MOEX:2026-02-06;NVTK:2025-05-12;ROSN:2025-01-02;ROSN:2025-03-12;SBER:2025-07-17;SBER:2025-03-20;SBER:2025-04-01;TATN:2025-08-13;TATN:2025-04-04;TATN:2026-06-01;TATN:2026-05-16
631	20260806:631	18	0.564175	-165419.1952	-59.7121	0	ALRS:2025-04-25;ALRS:2025-03-18;GAZP:2026-03-23;LKOH:2025-09-13;MGNT:2026-02-25;MOEX:2025-05-20;MOEX:2026-02-06;MOEX:2025-02-13;NVTK:2026-03-03;ROSN:2025-02-25;ROSN:2025-01-08;SBER:2025-09-06;SBER:2025-08-04;SBER:2025-01-13;TATN:2025-06-30;TATN:2026-06-18;TATN:2025-05-18;TATN:2026-05-04
632	20260806:632	18	1.374894	107932.2056	173.5663	0	ALRS:2025-03-25;ALRS:2025-05-17;GAZP:2025-12-25;LKOH:2025-03-01;MGNT:2026-02-04;MOEX:2025-02-20;MOEX:2026-03-28;MOEX:2025-04-04;NVTK:2025-10-11;ROSN:2025-03-09;ROSN:2026-03-08;SBER:2025-07-22;SBER:2025-04-06;SBER:2025-03-28;TATN:2026-02-21;TATN:2025-06-24;TATN:2025-01-09;TATN:2025-05-02
633	20260806:633	18	0.967157	-10457.8896	-2180.8650	0	ALRS:2025-08-10;ALRS:2025-05-04;GAZP:2026-04-17;LKOH:2025-03-31;MGNT:2026-03-23;MOEX:2025-04-12;MOEX:2025-12-14;MOEX:2025-01-28;NVTK:2025-12-03;ROSN:2026-04-23;ROSN:2025-08-11;SBER:2025-08-28;SBER:2025-11-18;SBER:2025-12-04;TATN:2026-02-23;TATN:2025-01-21;TATN:2025-04-13;TATN:2026-03-30
634	20260806:634	18	0.691240	-153976.8117	-202.0595	0	ALRS:2026-02-05;ALRS:2025-05-16;GAZP:2025-03-30;LKOH:2025-04-29;MGNT:2025-03-06;MOEX:2026-06-01;MOEX:2025-03-24;MOEX:2025-01-20;NVTK:2025-08-03;ROSN:2025-04-08;ROSN:2026-04-14;SBER:2026-02-24;SBER:2025-05-30;SBER:2025-04-28;TATN:2026-04-12;TATN:2026-02-16;TATN:2025-04-27;TATN:2025-04-11
635	20260806:635	18	1.377289	105231.0599	173.7706	0	ALRS:2025-08-26;ALRS:2025-08-27;GAZP:2025-01-09;LKOH:2026-03-15;MGNT:2026-02-10;MOEX:2026-05-31;MOEX:2025-05-20;MOEX:2026-02-28;NVTK:2025-09-23;ROSN:2025-09-12;ROSN:2025-04-06;SBER:2025-08-21;SBER:2026-06-10;SBER:2026-02-08;TATN:2025-05-11;TATN:2025-04-14;TATN:2025-07-28;TATN:2026-05-13
636	20260806:636	18	0.562502	-168581.6907	-101.6361	0	ALRS:2025-03-02;ALRS:2026-02-22;GAZP:2025-05-06;LKOH:2025-09-04;MGNT:2026-04-14;MOEX:2025-12-08;MOEX:2025-07-01;MOEX:2025-12-26;NVTK:2026-01-11;ROSN:2025-03-05;ROSN:2026-03-05;SBER:2025-03-06;SBER:2025-07-14;SBER:2026-06-03;TATN:2025-02-18;TATN:2025-07-25;TATN:2025-05-18;TATN:2026-02-23
637	20260806:637	18	2.252246	226786.5346	98.4043	0	ALRS:2025-02-17;ALRS:2025-05-03;GAZP:2025-09-08;LKOH:2026-03-05;MGNT:2026-01-28;MOEX:2025-03-15;MOEX:2025-02-04;MOEX:2025-12-12;NVTK:2025-11-05;ROSN:2025-09-12;ROSN:2025-08-22;SBER:2025-05-14;SBER:2025-06-25;SBER:2025-05-21;TATN:2026-03-13;TATN:2026-03-19;TATN:2026-02-16;TATN:2026-05-01
638	20260806:638	18	0.585466	-141731.2253	-114.0548	0	ALRS:2025-09-11;ALRS:2025-05-10;GAZP:2025-07-25;LKOH:2026-03-05;MGNT:2025-02-25;MOEX:2026-03-12;MOEX:2026-05-23;MOEX:2026-04-26;NVTK:2025-06-01;ROSN:2026-01-28;ROSN:2025-09-01;SBER:2026-05-10;SBER:2026-05-26;SBER:2026-07-03;TATN:2025-06-09;TATN:2026-02-16;TATN:2025-04-28;TATN:2026-03-12
639	20260806:639	18	0.904399	-30396.5678	-695.6752	0	ALRS:2026-02-07;ALRS:2025-08-05;GAZP:2025-02-23;LKOH:2025-01-07;MGNT:2025-04-29;MOEX:2025-02-17;MOEX:2026-02-07;MOEX:2025-05-05;NVTK:2025-04-17;ROSN:2025-04-21;ROSN:2026-04-01;SBER:2025-03-16;SBER:2025-03-14;SBER:2025-03-18;TATN:2026-06-06;TATN:2025-06-17;TATN:2026-02-09;TATN:2026-02-28
640	20260806:640	18	0.068212	-403863.0563	-7.3205	0	ALRS:2026-02-05;ALRS:2025-05-09;GAZP:2026-04-03;LKOH:2025-09-12;MGNT:2026-03-15;MOEX:2026-06-08;MOEX:2026-03-16;MOEX:2025-02-27;NVTK:2025-02-18;ROSN:2025-03-27;ROSN:2025-08-06;SBER:2026-04-14;SBER:2026-03-18;SBER:2026-04-16;TATN:2025-06-27;TATN:2025-04-13;TATN:2026-06-18;TATN:2025-02-19
641	20260806:641	18	0.573052	-169324.0212	-87.9958	0	ALRS:2025-08-23;ALRS:2025-08-21;GAZP:2025-04-11;LKOH:2026-03-15;MGNT:2025-02-13;MOEX:2026-01-27;MOEX:2025-04-05;MOEX:2025-02-28;NVTK:2026-04-27;ROSN:2025-03-17;ROSN:2026-03-18;SBER:2025-05-20;SBER:2025-01-14;SBER:2025-01-22;TATN:2025-05-13;TATN:2026-06-15;TATN:2025-01-14;TATN:2025-01-05
642	20260806:642	18	0.884637	-32869.9219	-422.0825	0	ALRS:2025-08-10;ALRS:2025-09-15;GAZP:2025-03-04;LKOH:2026-03-02;MGNT:2025-04-09;MOEX:2026-04-17;MOEX:2025-05-12;MOEX:2025-02-10;NVTK:2026-01-14;ROSN:2026-04-19;ROSN:2025-08-22;SBER:2025-07-24;SBER:2026-02-23;SBER:2025-01-16;TATN:2025-04-05;TATN:2026-03-18;TATN:2025-01-14;TATN:2025-06-07
643	20260806:643	18	2.036358	338772.5375	71.8670	0	ALRS:2025-05-17;ALRS:2025-01-14;GAZP:2025-08-19;LKOH:2025-03-29;MGNT:2026-02-08;MOEX:2025-02-04;MOEX:2025-03-05;MOEX:2026-04-22;NVTK:2025-11-25;ROSN:2025-01-12;ROSN:2026-05-21;SBER:2025-04-09;SBER:2025-01-22;SBER:2025-08-04;TATN:2026-05-15;TATN:2026-04-30;TATN:2026-02-09;TATN:2026-02-18
644	20260806:644	18	1.403807	73259.0046	135.3033	0	ALRS:2025-04-10;ALRS:2025-02-09;GAZP:2025-08-15;LKOH:2025-01-21;MGNT:2025-02-24;MOEX:2026-05-31;MOEX:2026-04-15;MOEX:2025-03-30;NVTK:2025-04-12;ROSN:2025-01-23;ROSN:2026-03-24;SBER:2025-05-20;SBER:2025-08-27;SBER:2025-03-06;TATN:2025-03-02;TATN:2025-01-08;TATN:2025-03-06;TATN:2025-03-02
645	20260806:645	18	0.300045	-320262.8171	-34.5028	0	ALRS:2025-04-12;ALRS:2025-01-27;GAZP:2025-11-26;LKOH:2025-02-12;MGNT:2025-03-05;MOEX:2026-05-31;MOEX:2026-06-13;MOEX:2025-03-05;NVTK:2026-04-25;ROSN:2025-04-01;ROSN:2026-05-13;SBER:2026-03-16;SBER:2026-05-18;SBER:2026-04-15;TATN:2026-06-12;TATN:2025-04-17;TATN:2026-05-28;TATN:2025-06-08
646	20260806:646	18	0.836816	-49915.2790	-180.9568	0	ALRS:2026-02-06;ALRS:2026-03-18;GAZP:2026-04-01;LKOH:2025-02-03;MGNT:2026-02-03;MOEX:2025-11-25;MOEX:2025-05-17;MOEX:2025-03-12;NVTK:2026-02-28;ROSN:2026-03-19;ROSN:2025-01-28;SBER:2025-11-23;SBER:2026-07-08;SBER:2026-04-10;TATN:2025-06-07;TATN:2025-04-23;TATN:2025-03-11;TATN:2026-04-28
647	20260806:647	18	0.659063	-118235.8062	-125.1097	0	ALRS:2025-08-19;ALRS:2025-08-11;GAZP:2026-02-05;LKOH:2025-05-07;MGNT:2026-01-28;MOEX:2025-03-03;MOEX:2026-04-15;MOEX:2026-01-14;NVTK:2025-02-11;ROSN:2025-09-02;ROSN:2025-10-16;SBER:2025-04-04;SBER:2026-06-29;SBER:2026-02-05;TATN:2025-03-01;TATN:2025-07-07;TATN:2025-04-23;TATN:2025-01-05
648	20260806:648	18	1.662725	97062.8648	125.8801	0	ALRS:2025-01-29;ALRS:2025-04-05;GAZP:2026-05-03;LKOH:2026-03-02;MGNT:2026-03-08;MOEX:2025-03-27;MOEX:2026-02-15;MOEX:2026-01-21;NVTK:2025-04-27;ROSN:2025-09-15;ROSN:2026-01-31;SBER:2025-08-28;SBER:2026-01-23;SBER:2026-04-08;TATN:2025-02-12;TATN:2025-06-25;TATN:2026-03-22;TATN:2026-04-30
649	20260806:649	18	1.669546	139895.1013	98.2445	0	ALRS:2025-05-04;ALRS:2025-08-10;GAZP:2025-04-03;LKOH:2025-08-07;MGNT:2025-01-27;MOEX:2025-04-16;MOEX:2025-05-11;MOEX:2025-04-24;NVTK:2026-04-11;ROSN:2025-04-03;ROSN:2026-03-17;SBER:2025-11-29;SBER:2025-04-23;SBER:2026-03-04;TATN:2025-02-04;TATN:2025-07-07;TATN:2025-08-12;TATN:2025-05-20
650	20260806:650	18	0.530584	-113552.0067	-70.9674	0	ALRS:2025-03-01;ALRS:2026-02-17;GAZP:2026-01-19;LKOH:2025-05-06;MGNT:2025-04-03;MOEX:2026-05-22;MOEX:2026-02-27;MOEX:2026-01-27;NVTK:2025-04-17;ROSN:2026-03-08;ROSN:2025-08-28;SBER:2025-08-25;SBER:2026-04-21;SBER:2026-06-29;TATN:2025-04-16;TATN:2026-03-18;TATN:2026-06-09;TATN:2026-03-15
651	20260806:651	18	0.114665	-444065.8531	-12.9516	0	ALRS:2025-04-07;ALRS:2025-08-12;GAZP:2025-02-20;LKOH:2025-03-04;MGNT:2026-04-09;MOEX:2026-01-24;MOEX:2026-02-02;MOEX:2026-03-09;NVTK:2026-01-26;ROSN:2025-01-09;ROSN:2026-03-18;SBER:2025-01-16;SBER:2026-04-19;SBER:2025-09-01;TATN:2025-03-25;TATN:2025-09-29;TATN:2025-02-11;TATN:2025-02-23
652	20260806:652	18	1.010399	3540.6726	5834.1143	0	ALRS:2025-03-19;ALRS:2025-04-10;GAZP:2025-11-02;LKOH:2025-03-06;MGNT:2025-04-24;MOEX:2025-11-19;MOEX:2026-06-11;MOEX:2026-04-04;NVTK:2025-03-24;ROSN:2026-04-10;ROSN:2026-03-04;SBER:2026-05-31;SBER:2025-02-12;SBER:2026-07-09;TATN:2025-11-20;TATN:2025-08-20;TATN:2026-03-27;TATN:2026-02-26
653	20260806:653	18	0.906756	-23784.3453	-447.4189	0	ALRS:2025-02-20;ALRS:2025-04-27;GAZP:2025-05-31;LKOH:2025-03-19;MGNT:2026-02-26;MOEX:2025-02-20;MOEX:2025-04-16;MOEX:2026-03-28;NVTK:2025-04-17;ROSN:2025-08-31;ROSN:2025-08-20;SBER:2025-06-09;SBER:2025-02-10;SBER:2025-03-15;TATN:2025-08-16;TATN:2025-08-12;TATN:2025-05-26;TATN:2025-08-05
654	20260806:654	18	0.514738	-180126.9464	-69.7995	0	ALRS:2025-02-25;ALRS:2025-02-06;GAZP:2025-03-16;LKOH:2025-09-07;MGNT:2026-04-04;MOEX:2025-12-18;MOEX:2025-02-11;MOEX:2026-02-17;NVTK:2025-02-24;ROSN:2026-01-29;ROSN:2025-02-04;SBER:2026-05-26;SBER:2026-04-21;SBER:2025-08-11;TATN:2025-04-23;TATN:2026-04-14;TATN:2025-07-02;TATN:2025-07-24
655	20260806:655	18	0.648242	-178079.1617	-120.2169	0	ALRS:2025-03-23;ALRS:2025-05-11;GAZP:2025-03-10;LKOH:2025-09-06;MGNT:2025-01-30;MOEX:2025-12-26;MOEX:2025-02-05;MOEX:2025-04-01;NVTK:2025-04-02;ROSN:2025-03-24;ROSN:2026-04-03;SBER:2025-01-29;SBER:2025-03-20;SBER:2025-04-17;TATN:2026-05-27;TATN:2025-04-11;TATN:2026-01-30;TATN:2025-08-12
656	20260806:656	18	0.231236	-414205.3847	-18.8488	0	ALRS:2025-03-05;ALRS:2026-02-10;GAZP:2025-05-12;LKOH:2025-02-23;MGNT:2026-01-29;MOEX:2025-05-09;MOEX:2025-12-10;MOEX:2026-03-19;NVTK:2026-04-18;ROSN:2026-03-28;ROSN:2025-04-27;SBER:2026-02-21;SBER:2026-02-10;SBER:2026-03-09;TATN:2026-01-31;TATN:2025-05-27;TATN:2026-04-28;TATN:2025-07-24
657	20260806:657	18	0.580412	-145339.1079	-78.0579	0	ALRS:2025-02-11;ALRS:2025-02-06;GAZP:2025-07-25;LKOH:2025-01-23;MGNT:2025-03-01;MOEX:2026-05-28;MOEX:2025-12-23;MOEX:2026-04-22;NVTK:2025-12-04;ROSN:2025-03-26;ROSN:2026-04-20;SBER:2025-08-05;SBER:2025-02-10;SBER:2025-07-07;TATN:2025-02-24;TATN:2025-04-02;TATN:2026-03-28;TATN:2025-03-25
658	20260806:658	18	0.304116	-217846.8380	-25.7176	0	ALRS:2025-05-03;ALRS:2025-08-21;GAZP:2025-10-15;LKOH:2025-02-16;MGNT:2026-01-22;MOEX:2025-12-09;MOEX:2026-02-12;MOEX:2026-04-10;NVTK:2026-04-04;ROSN:2025-04-13;ROSN:2025-03-04;SBER:2025-08-06;SBER:2026-03-19;SBER:2025-12-12;TATN:2025-08-07;TATN:2025-02-10;TATN:2025-07-27;TATN:2025-02-27
659	20260806:659	18	0.668660	-106161.0532	-113.6067	0	ALRS:2025-05-10;ALRS:2025-03-11;GAZP:2026-04-02;LKOH:2026-03-05;MGNT:2026-04-01;MOEX:2026-03-25;MOEX:2025-05-06;MOEX:2026-02-18;NVTK:2025-09-03;ROSN:2026-05-13;ROSN:2025-01-22;SBER:2026-05-10;SBER:2025-06-25;SBER:2025-07-29;TATN:2026-05-24;TATN:2025-08-13;TATN:2025-01-09;TATN:2026-05-07
660	20260806:660	18	0.839822	-36909.0277	-322.2648	0	ALRS:2025-01-12;ALRS:2025-08-26;GAZP:2025-04-07;LKOH:2025-05-05;MGNT:2026-02-01;MOEX:2025-02-27;MOEX:2025-02-20;MOEX:2025-11-20;NVTK:2025-11-23;ROSN:2026-03-25;ROSN:2026-05-10;SBER:2026-04-07;SBER:2026-06-06;SBER:2026-02-19;TATN:2026-05-21;TATN:2025-08-21;TATN:2025-04-22;TATN:2025-02-10
661	20260806:661	18	0.265918	-295065.4446	-24.3788	0	ALRS:2025-02-19;ALRS:2025-08-12;GAZP:2025-04-26;LKOH:2025-03-29;MGNT:2025-03-06;MOEX:2025-02-27;MOEX:2026-02-18;MOEX:2026-03-04;NVTK:2026-01-07;ROSN:2025-08-16;ROSN:2025-04-12;SBER:2026-01-31;SBER:2026-06-23;SBER:2025-09-05;TATN:2025-01-12;TATN:2026-04-25;TATN:2026-04-06;TATN:2025-09-27
662	20260806:662	18	1.023554	6769.6815	3383.6136	0	ALRS:2025-03-10;ALRS:2026-03-02;GAZP:2026-02-07;LKOH:2025-05-01;MGNT:2026-03-14;MOEX:2026-02-19;MOEX:2026-03-24;MOEX:2026-02-05;NVTK:2025-08-10;ROSN:2026-03-11;ROSN:2025-08-14;SBER:2026-02-27;SBER:2025-02-02;SBER:2026-06-15;TATN:2025-06-13;TATN:2026-02-21;TATN:2025-02-12;TATN:2026-01-30
663	20260806:663	18	0.628771	-140250.6945	-118.9899	0	ALRS:2025-09-18;ALRS:2025-02-09;GAZP:2025-05-03;LKOH:2025-08-07;MGNT:2025-02-16;MOEX:2025-03-03;MOEX:2025-04-01;MOEX:2026-03-11;NVTK:2025-10-05;ROSN:2026-05-11;ROSN:2025-03-15;SBER:2026-02-21;SBER:2026-04-21;SBER:2025-06-07;TATN:2026-01-30;TATN:2025-03-14;TATN:2025-06-13;TATN:2026-02-21
664	20260806:664	18	0.884521	-42878.6008	-403.7235	0	ALRS:2025-03-23;ALRS:2025-01-29;GAZP:2025-12-08;LKOH:2025-03-31;MGNT:2025-04-12;MOEX:2025-04-16;MOEX:2026-03-23;MOEX:2025-01-23;NVTK:2025-03-12;ROSN:2025-04-25;ROSN:2025-09-24;SBER:2025-07-01;SBER:2025-07-13;SBER:2025-06-22;TATN:2026-04-30;TATN:2026-06-13;TATN:2025-02-16;TATN:2025-07-31
665	20260806:665	18	0.768973	-63187.6094	-162.6194	0	ALRS:2026-03-14;ALRS:2026-03-03;GAZP:2025-01-22;LKOH:2026-04-28;MGNT:2026-04-11;MOEX:2025-04-08;MOEX:2025-03-29;MOEX:2025-05-11;NVTK:2026-03-12;ROSN:2025-10-06;ROSN:2025-04-08;SBER:2026-03-27;SBER:2026-04-11;SBER:2025-12-04;TATN:2025-02-20;TATN:2025-06-02;TATN:2026-05-12;TATN:2026-04-09
666	20260806:666	18	0.090271	-422255.9025	-4.7254	0	ALRS:2026-03-08;ALRS:2025-04-12;GAZP:2025-03-05;LKOH:2026-03-25;MGNT:2026-03-28;MOEX:2026-05-11;MOEX:2026-05-30;MOEX:2025-12-17;NVTK:2026-02-03;ROSN:2025-03-26;ROSN:2026-05-20;SBER:2025-02-19;SBER:2026-07-09;SBER:2026-01-19;TATN:2025-01-14;TATN:2025-02-27;TATN:2026-06-17;TATN:2025-03-03
667	20260806:667	18	0.418093	-215785.2371	-47.5718	0	ALRS:2026-02-02;ALRS:2025-05-17;GAZP:2025-11-29;LKOH:2025-05-10;MGNT:2026-03-28;MOEX:2026-06-02;MOEX:2026-06-14;MOEX:2026-01-25;NVTK:2025-08-10;ROSN:2026-01-30;ROSN:2025-02-16;SBER:2025-05-11;SBER:2026-01-19;SBER:2026-03-23;TATN:2026-05-07;TATN:2025-03-30;TATN:2025-04-24;TATN:2025-02-11
668	20260806:668	18	0.629662	-128259.3596	-131.8629	0	ALRS:2025-03-23;ALRS:2025-01-15;GAZP:2025-10-15;LKOH:2026-03-13;MGNT:2026-03-12;MOEX:2025-01-28;MOEX:2026-06-02;MOEX:2025-03-26;NVTK:2025-11-14;ROSN:2026-04-25;ROSN:2025-08-18;SBER:2026-02-22;SBER:2026-02-18;SBER:2025-04-27;TATN:2026-05-21;TATN:2025-07-06;TATN:2025-03-03;TATN:2026-03-08
669	20260806:669	18	1.053163	12520.2143	1299.0104	0	ALRS:2026-02-08;ALRS:2025-03-06;GAZP:2026-03-26;LKOH:2025-10-18;MGNT:2026-02-17;MOEX:2026-04-19;MOEX:2026-02-16;MOEX:2025-05-20;NVTK:2025-05-29;ROSN:2026-01-28;ROSN:2025-04-17;SBER:2025-08-16;SBER:2026-03-16;SBER:2025-05-26;TATN:2025-02-02;TATN:2025-03-30;TATN:2026-02-10;TATN:2025-04-08
670	20260806:670	18	2.218143	223359.0242	101.2728	0	ALRS:2025-02-04;ALRS:2025-02-26;GAZP:2025-08-17;LKOH:2025-02-12;MGNT:2025-02-17;MOEX:2026-05-23;MOEX:2026-04-08;MOEX:2026-02-16;NVTK:2025-11-26;ROSN:2025-09-11;ROSN:2025-02-13;SBER:2025-06-23;SBER:2025-08-04;SBER:2025-01-27;TATN:2026-02-15;TATN:2026-04-10;TATN:2026-03-01;TATN:2025-03-23
671	20260806:671	18	0.299154	-320957.1701	-17.9159	0	ALRS:2025-04-15;ALRS:2025-03-05;GAZP:2026-04-03;LKOH:2026-03-13;MGNT:2026-03-27;MOEX:2025-02-12;MOEX:2026-04-02;MOEX:2026-02-28;NVTK:2025-11-10;ROSN:2025-01-20;ROSN:2025-03-27;SBER:2026-04-09;SBER:2025-05-01;SBER:2025-05-22;TATN:2026-04-25;TATN:2026-03-17;TATN:2026-05-24;TATN:2026-04-26
672	20260806:672	18	1.027840	6010.7503	1887.6868	0	ALRS:2025-04-11;ALRS:2026-03-01;GAZP:2025-02-11;LKOH:2025-08-12;MGNT:2025-02-28;MOEX:2026-06-09;MOEX:2026-02-08;MOEX:2026-06-13;NVTK:2026-02-08;ROSN:2025-08-05;ROSN:2025-09-03;SBER:2025-06-29;SBER:2025-09-10;SBER:2025-07-02;TATN:2025-06-15;TATN:2026-05-14;TATN:2026-03-31;TATN:2025-06-27
673	20260806:673	18	0.630398	-128581.1992	-87.0770	0	ALRS:2025-03-06;ALRS:2025-04-26;GAZP:2025-09-08;LKOH:2025-08-10;MGNT:2025-04-17;MOEX:2025-05-17;MOEX:2026-01-25;MOEX:2025-04-05;NVTK:2025-09-22;ROSN:2025-08-16;ROSN:2025-02-02;SBER:2026-04-20;SBER:2025-04-14;SBER:2025-06-28;TATN:2026-04-22;TATN:2025-01-26;TATN:2025-02-10;TATN:2026-06-09
674	20260806:674	18	0.277041	-261593.2936	-23.3930	0	ALRS:2026-01-29;ALRS:2025-02-18;GAZP:2025-03-13;LKOH:2025-01-29;MGNT:2026-01-25;MOEX:2025-01-15;MOEX:2026-05-11;MOEX:2026-05-27;NVTK:2025-05-11;ROSN:2025-08-13;ROSN:2026-03-05;SBER:2026-05-29;SBER:2026-06-25;SBER:2025-07-12;TATN:2025-04-24;TATN:2025-05-21;TATN:2025-03-27;TATN:2025-04-01
675	20260806:675	18	0.373177	-191166.3815	-49.7403	0	ALRS:2026-03-05;ALRS:2026-02-05;GAZP:2025-11-15;LKOH:2025-04-20;MGNT:2026-03-13;MOEX:2026-03-27;MOEX:2026-01-23;MOEX:2025-03-10;NVTK:2025-08-31;ROSN:2025-09-21;ROSN:2025-09-16;SBER:2026-05-24;SBER:2026-05-02;SBER:2025-12-04;TATN:2026-06-08;TATN:2026-06-07;TATN:2025-06-07;TATN:2025-03-11
676	20260806:676	18	0.726268	-94169.9847	-139.6552	0	ALRS:2026-01-29;ALRS:2025-08-26;GAZP:2025-12-25;LKOH:2025-08-07;MGNT:2025-04-11;MOEX:2025-04-16;MOEX:2025-04-11;MOEX:2025-03-02;NVTK:2025-12-22;ROSN:2025-09-05;ROSN:2025-02-04;SBER:2025-04-06;SBER:2025-08-07;SBER:2026-03-10;TATN:2025-06-12;TATN:2025-05-04;TATN:2025-03-26;TATN:2025-08-17
677	20260806:677	18	1.062895	14642.6920	638.3231	0	ALRS:2025-05-11;ALRS:2025-04-27;GAZP:2025-08-21;LKOH:2025-08-13;MGNT:2025-01-27;MOEX:2026-04-07;MOEX:2026-02-08;MOEX:2025-02-16;NVTK:2025-12-28;ROSN:2025-04-13;ROSN:2025-01-29;SBER:2026-05-07;SBER:2025-06-28;SBER:2026-04-25;TATN:2025-06-16;TATN:2025-06-14;TATN:2025-08-20;TATN:2025-08-05
678	20260806:678	18	0.164936	-348668.0652	-11.7351	0	ALRS:2025-03-10;ALRS:2026-03-09;GAZP:2026-03-27;LKOH:2025-04-26;MGNT:2025-04-03;MOEX:2025-04-02;MOEX:2025-02-17;MOEX:2026-03-03;NVTK:2026-04-10;ROSN:2026-06-01;ROSN:2026-05-16;SBER:2026-02-15;SBER:2025-06-26;SBER:2026-01-18;TATN:2025-02-18;TATN:2025-05-25;TATN:2025-05-12;TATN:2026-04-14
679	20260806:679	18	0.422854	-282641.5792	-52.6090	0	ALRS:2026-02-11;ALRS:2025-04-09;GAZP:2025-04-22;LKOH:2025-04-10;MGNT:2026-03-10;MOEX:2026-03-08;MOEX:2025-03-15;MOEX:2025-03-03;NVTK:2025-06-12;ROSN:2025-09-08;ROSN:2025-02-17;SBER:2025-07-15;SBER:2026-01-28;SBER:2025-08-20;TATN:2025-08-22;TATN:2026-04-20;TATN:2025-07-07;TATN:2025-07-08
680	20260806:680	18	0.612094	-183761.6174	-102.1336	0	ALRS:2025-03-04;ALRS:2025-05-15;GAZP:2025-08-18;LKOH:2025-09-11;MGNT:2026-02-09;MOEX:2026-02-10;MOEX:2026-05-23;MOEX:2026-04-12;NVTK:2025-09-26;ROSN:2026-04-24;ROSN:2025-03-28;SBER:2026-04-18;SBER:2025-09-10;SBER:2025-04-20;TATN:2025-06-13;TATN:2025-04-05;TATN:2026-02-22;TATN:2026-05-25
681	20260806:681	18	0.415279	-246001.4520	-48.8489	0	ALRS:2025-03-26;ALRS:2025-05-16;GAZP:2026-04-18;LKOH:2026-03-26;MGNT:2025-03-03;MOEX:2025-02-10;MOEX:2025-12-23;MOEX:2025-12-10;NVTK:2025-03-11;ROSN:2025-02-09;ROSN:2025-01-15;SBER:2026-04-04;SBER:2026-04-15;SBER:2026-06-01;TATN:2025-03-05;TATN:2026-01-28;TATN:2025-01-28;TATN:2025-03-31
682	20260806:682	18	0.066302	-489572.0425	-5.6196	0	ALRS:2025-03-29;ALRS:2026-03-13;GAZP:2026-01-24;LKOH:2025-04-01;MGNT:2025-04-11;MOEX:2025-02-18;MOEX:2025-12-16;MOEX:2026-03-05;NVTK:2025-05-04;ROSN:2025-03-30;ROSN:2026-04-08;SBER:2026-04-05;SBER:2026-02-18;SBER:2025-03-27;TATN:2025-08-13;TATN:2026-06-03;TATN:2026-06-08;TATN:2026-04-07
683	20260806:683	18	0.620650	-173642.5034	-135.4031	0	ALRS:2025-09-17;ALRS:2025-03-06;GAZP:2025-10-16;LKOH:2026-04-01;MGNT:2026-01-28;MOEX:2025-02-06;MOEX:2026-05-31;MOEX:2025-02-25;NVTK:2026-02-23;ROSN:2025-03-09;ROSN:2026-04-02;SBER:2025-08-16;SBER:2025-07-28;SBER:2025-12-07;TATN:2026-05-24;TATN:2025-03-30;TATN:2026-02-12;TATN:2026-06-09
684	20260806:684	18	0.888678	-42207.0949	-390.3769	0	ALRS:2025-03-05;ALRS:2025-03-16;GAZP:2025-02-13;LKOH:2025-01-26;MGNT:2025-01-27;MOEX:2025-04-16;MOEX:2025-01-29;MOEX:2026-05-18;NVTK:2025-11-09;ROSN:2026-03-01;ROSN:2025-09-09;SBER:2025-03-12;SBER:2026-04-24;SBER:2026-05-29;TATN:2026-05-23;TATN:2025-05-15;TATN:2026-06-21;TATN:2025-05-21
685	20260806:685	18	0.668754	-101188.6461	-117.1532	0	ALRS:2025-03-11;ALRS:2026-01-28;GAZP:2025-11-10;LKOH:2026-03-26;MGNT:2025-04-05;MOEX:2025-04-17;MOEX:2026-04-20;MOEX:2026-02-05;NVTK:2025-11-11;ROSN:2025-01-22;ROSN:2025-04-02;SBER:2025-06-04;SBER:2026-07-02;SBER:2025-09-21;TATN:2025-06-10;TATN:2025-08-15;TATN:2025-01-16;TATN:2025-03-02
686	20260806:686	18	0.573006	-135264.7330	-95.5206	0	ALRS:2025-01-13;ALRS:2025-03-30;GAZP:2026-03-17;LKOH:2025-05-01;MGNT:2025-03-01;MOEX:2025-02-12;MOEX:2026-04-06;MOEX:2025-03-20;NVTK:2025-03-24;ROSN:2025-08-20;ROSN:2025-09-17;SBER:2026-02-07;SBER:2025-03-01;SBER:2025-04-06;TATN:2026-05-18;TATN:2025-07-21;TATN:2025-03-19;TATN:2025-01-12
687	20260806:687	18	0.658286	-95547.3748	-140.8130	0	ALRS:2025-01-27;ALRS:2026-02-21;GAZP:2026-04-03;LKOH:2025-05-11;MGNT:2026-02-04;MOEX:2025-01-20;MOEX:2026-05-20;MOEX:2026-04-21;NVTK:2026-03-26;ROSN:2025-04-22;ROSN:2026-03-22;SBER:2025-08-10;SBER:2026-03-23;SBER:2026-03-27;TATN:2025-02-23;TATN:2025-01-21;TATN:2025-02-02;TATN:2025-03-13
688	20260806:688	18	0.044336	-499688.8703	-4.6393	0	ALRS:2025-01-15;ALRS:2025-08-16;GAZP:2025-12-18;LKOH:2025-04-22;MGNT:2026-04-02;MOEX:2025-05-12;MOEX:2025-03-19;MOEX:2025-05-19;NVTK:2026-04-07;ROSN:2025-08-22;ROSN:2026-05-07;SBER:2025-02-24;SBER:2026-02-17;SBER:2026-02-26;TATN:2026-04-25;TATN:2025-01-29;TATN:2025-05-19;TATN:2025-01-13
689	20260806:689	18	0.838238	-53894.7544	-236.2044	0	ALRS:2025-05-16;ALRS:2025-04-09;GAZP:2026-01-23;LKOH:2025-04-09;MGNT:2026-03-12;MOEX:2025-03-14;MOEX:2025-02-27;MOEX:2025-02-12;NVTK:2025-02-20;ROSN:2025-09-27;ROSN:2025-02-05;SBER:2025-02-09;SBER:2026-03-03;SBER:2026-03-15;TATN:2025-05-03;TATN:2025-08-21;TATN:2025-06-18;TATN:2026-05-04
690	20260806:690	18	1.877513	242544.2217	85.1878	0	ALRS:2025-04-08;ALRS:2025-03-16;GAZP:2026-01-14;LKOH:2025-09-09;MGNT:2025-02-02;MOEX:2025-12-23;MOEX:2025-01-30;MOEX:2025-04-07;NVTK:2025-11-16;ROSN:2025-10-15;ROSN:2025-02-18;SBER:2026-02-27;SBER:2026-05-19;SBER:2025-12-09;TATN:2026-05-24;TATN:2025-04-08;TATN:2025-07-08;TATN:2025-01-15
691	20260806:691	18	0.418687	-268586.4121	-56.4999	0	ALRS:2026-02-26;ALRS:2025-03-29;GAZP:2026-01-31;LKOH:2026-03-23;MGNT:2025-04-08;MOEX:2025-01-15;MOEX:2025-03-23;MOEX:2026-06-14;NVTK:2026-03-02;ROSN:2026-04-04;ROSN:2026-06-02;SBER:2025-07-20;SBER:2025-04-05;SBER:2026-05-13;TATN:2025-06-22;TATN:2026-05-05;TATN:2025-03-15;TATN:2025-04-01
692	20260806:692	18	0.289370	-334912.3488	-23.7213	0	ALRS:2025-04-03;ALRS:2025-09-17;GAZP:2026-02-10;LKOH:2025-09-01;MGNT:2025-05-14;MOEX:2026-03-23;MOEX:2025-03-05;MOEX:2026-02-03;NVTK:2026-03-24;ROSN:2026-05-22;ROSN:2025-02-20;SBER:2026-04-11;SBER:2026-02-23;SBER:2026-02-02;TATN:2025-02-06;TATN:2025-06-12;TATN:2025-03-15;TATN:2026-05-04
693	20260806:693	18	0.409711	-361738.8203	-38.6993	0	ALRS:2025-02-06;ALRS:2025-01-12;GAZP:2025-02-13;LKOH:2026-03-16;MGNT:2025-04-21;MOEX:2026-02-07;MOEX:2025-12-17;MOEX:2025-04-06;NVTK:2026-03-22;ROSN:2026-04-25;ROSN:2025-03-16;SBER:2026-06-28;SBER:2025-04-04;SBER:2026-05-31;TATN:2025-02-24;TATN:2026-06-13;TATN:2025-05-17;TATN:2026-06-11
694	20260806:694	18	1.672648	174645.5741	135.0775	0	ALRS:2025-08-06;ALRS:2025-01-28;GAZP:2025-08-24;LKOH:2026-03-05;MGNT:2026-03-29;MOEX:2026-03-30;MOEX:2025-02-09;MOEX:2025-01-23;NVTK:2025-05-27;ROSN:2025-03-24;ROSN:2025-04-28;SBER:2025-09-05;SBER:2025-04-27;SBER:2025-01-26;TATN:2025-01-26;TATN:2025-02-12;TATN:2026-03-16;TATN:2025-04-14
695	20260806:695	18	0.118272	-405225.8218	-10.4302	0	ALRS:2025-02-13;ALRS:2026-02-12;GAZP:2026-04-13;LKOH:2025-05-16;MGNT:2026-04-04;MOEX:2026-02-02;MOEX:2025-12-08;MOEX:2025-11-23;NVTK:2025-05-12;ROSN:2026-03-13;ROSN:2026-04-27;SBER:2025-07-07;SBER:2025-08-22;SBER:2026-05-24;TATN:2025-07-19;TATN:2025-02-25;TATN:2025-06-18;TATN:2025-02-09
696	20260806:696	18	0.031885	-421071.0278	-3.2935	0	ALRS:2026-01-31;ALRS:2026-03-05;GAZP:2026-01-22;LKOH:2026-03-29;MGNT:2026-03-09;MOEX:2026-05-18;MOEX:2026-06-05;MOEX:2025-02-16;NVTK:2026-05-19;ROSN:2026-04-19;ROSN:2025-01-14;SBER:2025-02-11;SBER:2025-06-26;SBER:2026-06-05;TATN:2025-05-26;TATN:2025-05-04;TATN:2026-04-15;TATN:2025-04-10
697	20260806:697	18	0.570102	-161118.9306	-69.7332	0	ALRS:2026-02-19;ALRS:2025-05-02;GAZP:2026-02-24;LKOH:2025-03-20;MGNT:2025-02-04;MOEX:2025-01-20;MOEX:2025-07-01;MOEX:2025-04-12;NVTK:2025-06-09;ROSN:2025-04-20;ROSN:2026-05-04;SBER:2025-05-29;SBER:2025-06-25;SBER:2025-06-24;TATN:2026-05-01;TATN:2026-04-18;TATN:2026-06-13;TATN:2025-04-01
698	20260806:698	18	0.531034	-177613.2061	-70.8686	0	ALRS:2026-02-03;ALRS:2025-01-21;GAZP:2025-03-23;LKOH:2026-03-05;MGNT:2025-02-17;MOEX:2025-02-25;MOEX:2025-01-21;MOEX:2026-06-13;NVTK:2025-01-16;ROSN:2025-01-27;ROSN:2026-01-29;SBER:2025-02-12;SBER:2025-09-04;SBER:2026-03-26;TATN:2025-03-28;TATN:2026-06-05;TATN:2026-04-06;TATN:2026-03-15
699	20260806:699	18	1.513303	133198.8178	118.7755	0	ALRS:2025-08-11;ALRS:2025-01-26;GAZP:2025-11-09;LKOH:2025-03-29;MGNT:2025-02-06;MOEX:2026-05-26;MOEX:2025-02-17;MOEX:2025-03-06;NVTK:2025-04-12;ROSN:2025-04-15;ROSN:2026-05-27;SBER:2026-03-28;SBER:2025-08-16;SBER:2025-08-04;TATN:2025-05-28;TATN:2025-08-06;TATN:2026-05-12;TATN:2025-04-20
700	20260806:700	18	1.315350	83073.1812	153.3283	0	ALRS:2025-01-20;ALRS:2025-03-01;GAZP:2026-02-27;LKOH:2025-05-07;MGNT:2025-02-02;MOEX:2026-05-29;MOEX:2025-03-26;MOEX:2025-04-09;NVTK:2025-04-06;ROSN:2026-04-18;ROSN:2025-08-03;SBER:2025-09-21;SBER:2026-05-05;SBER:2025-03-20;TATN:2026-03-08;TATN:2026-05-28;TATN:2025-06-23;TATN:2025-01-30
701	20260806:701	18	0.979708	-7088.2452	-3365.2791	0	ALRS:2025-04-24;ALRS:2026-01-29;GAZP:2026-04-22;LKOH:2025-05-16;MGNT:2025-03-16;MOEX:2026-02-11;MOEX:2025-03-26;MOEX:2025-07-01;NVTK:2026-05-18;ROSN:2026-04-14;ROSN:2026-05-11;SBER:2026-03-22;SBER:2025-05-26;SBER:2025-03-01;TATN:2026-02-23;TATN:2025-02-20;TATN:2026-02-17;TATN:2025-06-28
702	20260806:702	18	0.412914	-205246.5023	-62.5906	0	ALRS:2025-09-09;ALRS:2026-02-08;GAZP:2025-11-29;LKOH:2025-05-16;MGNT:2025-04-27;MOEX:2025-12-15;MOEX:2026-03-29;MOEX:2025-05-10;NVTK:2025-07-18;ROSN:2025-02-03;ROSN:2025-09-08;SBER:2025-09-01;SBER:2025-08-17;SBER:2025-11-25;TATN:2026-01-28;TATN:2025-07-26;TATN:2025-08-10;TATN:2026-05-10
703	20260806:703	18	0.193843	-429343.7279	-21.3083	0	ALRS:2025-08-14;ALRS:2025-01-21;GAZP:2026-02-19;LKOH:2025-02-20;MGNT:2025-05-09;MOEX:2025-03-15;MOEX:2025-05-16;MOEX:2026-02-12;NVTK:2026-02-21;ROSN:2026-05-02;ROSN:2025-03-27;SBER:2026-04-12;SBER:2025-09-01;SBER:2025-07-13;TATN:2025-03-29;TATN:2026-04-13;TATN:2025-05-01;TATN:2026-04-05
704	20260806:704	18	1.181824	42717.0525	415.3338	0	ALRS:2026-03-04;ALRS:2025-03-04;GAZP:2025-02-24;LKOH:2026-02-28;MGNT:2026-02-01;MOEX:2025-02-17;MOEX:2026-03-26;MOEX:2026-05-31;NVTK:2025-05-04;ROSN:2026-03-02;ROSN:2025-01-07;SBER:2026-02-02;SBER:2025-04-10;SBER:2025-11-27;TATN:2026-03-30;TATN:2025-07-07;TATN:2026-06-21;TATN:2026-02-08
705	20260806:705	18	1.324454	61409.6556	143.4581	0	ALRS:2025-04-22;ALRS:2025-03-25;GAZP:2026-03-26;LKOH:2026-04-02;MGNT:2025-04-09;MOEX:2026-05-11;MOEX:2025-04-20;MOEX:2025-04-01;NVTK:2025-03-27;ROSN:2025-04-13;ROSN:2025-04-09;SBER:2025-01-16;SBER:2025-04-08;SBER:2026-03-14;TATN:2025-07-06;TATN:2025-08-06;TATN:2025-01-20;TATN:2025-02-03
706	20260806:706	18	1.276778	75583.7647	270.7021	0	ALRS:2026-01-30;ALRS:2025-05-14;GAZP:2026-05-11;LKOH:2025-04-14;MGNT:2026-03-30;MOEX:2026-01-27;MOEX:2025-03-20;MOEX:2026-02-06;NVTK:2025-01-27;ROSN:2026-04-05;ROSN:2026-02-26;SBER:2025-04-15;SBER:2025-02-19;SBER:2026-03-27;TATN:2025-08-04;TATN:2026-03-04;TATN:2025-01-14;TATN:2025-06-08
707	20260806:707	18	0.444772	-209581.4691	-61.7638	0	ALRS:2025-08-05;ALRS:2025-03-10;GAZP:2025-11-05;LKOH:2025-08-07;MGNT:2026-02-23;MOEX:2026-06-06;MOEX:2025-05-18;MOEX:2025-04-22;NVTK:2025-03-10;ROSN:2026-04-17;ROSN:2026-04-20;SBER:2025-09-11;SBER:2025-09-09;SBER:2026-04-05;TATN:2026-05-28;TATN:2025-03-24;TATN:2025-06-16;TATN:2025-02-02
708	20260806:708	18	0.391661	-165919.6534	-44.9718	0	ALRS:2025-04-23;ALRS:2026-02-10;GAZP:2025-03-18;LKOH:2025-05-15;MGNT:2025-04-24;MOEX:2025-01-15;MOEX:2026-01-27;MOEX:2026-02-09;NVTK:2026-02-21;ROSN:2026-04-27;ROSN:2025-04-03;SBER:2025-06-30;SBER:2025-05-28;SBER:2025-04-22;TATN:2025-05-04;TATN:2026-03-08;TATN:2026-01-28;TATN:2025-01-26
709	20260806:709	18	0.630620	-135925.9674	-133.7482	0	ALRS:2025-04-21;ALRS:2026-03-10;GAZP:2025-04-25;LKOH:2025-02-10;MGNT:2025-05-01;MOEX:2025-03-31;MOEX:2026-03-28;MOEX:2025-03-10;NVTK:2025-03-25;ROSN:2025-08-05;ROSN:2025-03-25;SBER:2026-04-24;SBER:2025-12-07;SBER:2025-05-27;TATN:2026-06-07;TATN:2025-01-21;TATN:2026-06-13;TATN:2026-02-21
710	20260806:710	18	0.591614	-177249.9278	-85.2449	0	ALRS:2025-08-17;ALRS:2025-01-14;GAZP:2026-02-21;LKOH:2026-03-13;MGNT:2025-04-22;MOEX:2025-04-08;MOEX:2026-04-10;MOEX:2025-03-26;NVTK:2025-11-19;ROSN:2025-04-27;ROSN:2025-04-02;SBER:2025-07-15;SBER:2025-02-20;SBER:2025-01-30;TATN:2025-01-12;TATN:2026-03-10;TATN:2025-04-29;TATN:2026-06-13
711	20260806:711	18	0.164933	-399199.5853	-19.3869	0	ALRS:2026-01-26;ALRS:2025-04-04;GAZP:2025-12-01;LKOH:2026-04-29;MGNT:2026-02-22;MOEX:2025-04-06;MOEX:2026-03-08;MOEX:2026-03-18;NVTK:2025-12-25;ROSN:2025-03-11;ROSN:2025-09-14;SBER:2026-07-07;SBER:2025-09-15;SBER:2025-08-17;TATN:2025-06-18;TATN:2025-05-22;TATN:2025-04-14;TATN:2026-04-20
712	20260806:712	18	0.191066	-428385.3165	-19.5772	0	ALRS:2025-02-28;ALRS:2025-02-23;GAZP:2025-05-16;LKOH:2025-03-31;MGNT:2026-02-27;MOEX:2026-04-25;MOEX:2026-04-08;MOEX:2025-04-23;NVTK:2026-03-02;ROSN:2025-04-07;ROSN:2025-10-16;SBER:2025-11-23;SBER:2025-05-21;SBER:2025-09-09;TATN:2025-05-16;TATN:2025-02-20;TATN:2026-06-21;TATN:2026-03-31
713	20260806:713	18	1.168480	38604.5695	287.5293	0	ALRS:2026-02-27;ALRS:2025-04-27;GAZP:2025-04-25;LKOH:2025-03-11;MGNT:2025-01-28;MOEX:2025-05-05;MOEX:2026-01-14;MOEX:2025-04-10;NVTK:2025-06-09;ROSN:2025-03-06;ROSN:2026-02-22;SBER:2026-05-23;SBER:2025-06-10;SBER:2025-04-23;TATN:2025-06-26;TATN:2025-08-15;TATN:2026-05-10;TATN:2025-06-07
714	20260806:714	18	2.122443	239120.3472	93.3770	0	ALRS:2026-02-08;ALRS:2025-05-07;GAZP:2025-01-13;LKOH:2026-03-05;MGNT:2025-03-02;MOEX:2025-04-25;MOEX:2025-02-13;MOEX:2025-02-09;NVTK:2025-09-06;ROSN:2025-10-08;ROSN:2025-01-30;SBER:2025-01-27;SBER:2025-08-20;SBER:2025-09-01;TATN:2025-07-01;TATN:2026-03-13;TATN:2025-08-12;TATN:2025-04-03
715	20260806:715	18	0.095528	-397322.9446	-10.5617	0	ALRS:2026-02-04;ALRS:2026-01-27;GAZP:2026-04-26;LKOH:2025-05-11;MGNT:2025-04-23;MOEX:2026-02-02;MOEX:2026-04-01;MOEX:2025-05-06;NVTK:2026-01-25;ROSN:2025-04-02;ROSN:2025-09-27;SBER:2025-12-07;SBER:2025-06-17;SBER:2025-11-30;TATN:2026-04-01;TATN:2026-03-30;TATN:2025-07-22;TATN:2025-02-24
716	20260806:716	18	0.876412	-37238.1408	-595.5171	0	ALRS:2025-04-16;ALRS:2025-02-16;GAZP:2025-03-05;LKOH:2025-01-14;MGNT:2025-05-01;MOEX:2025-12-10;MOEX:2026-03-28;MOEX:2025-03-27;NVTK:2025-10-22;ROSN:2026-05-16;ROSN:2026-03-22;SBER:2025-08-15;SBER:2025-05-16;SBER:2025-01-27;TATN:2026-02-08;TATN:2025-07-04;TATN:2026-01-28;TATN:2025-04-17
717	20260806:717	18	0.458520	-280442.4740	-65.0376	0	ALRS:2025-09-16;ALRS:2025-04-21;GAZP:2025-03-10;LKOH:2025-01-22;MGNT:2025-04-28;MOEX:2025-12-19;MOEX:2025-05-18;MOEX:2025-01-30;NVTK:2025-05-13;ROSN:2026-03-26;ROSN:2025-02-23;SBER:2025-03-03;SBER:2026-07-11;SBER:2025-04-14;TATN:2026-05-02;TATN:2026-01-30;TATN:2026-04-10;TATN:2025-06-17
718	20260806:718	18	0.648453	-141846.2966	-129.1207	0	ALRS:2025-04-04;ALRS:2026-01-30;GAZP:2026-02-17;LKOH:2025-02-26;MGNT:2025-03-17;MOEX:2025-03-16;MOEX:2026-05-30;MOEX:2025-02-03;NVTK:2026-03-29;ROSN:2026-05-03;ROSN:2025-04-24;SBER:2025-05-07;SBER:2025-06-17;SBER:2026-02-21;TATN:2025-02-26;TATN:2025-04-06;TATN:2026-06-05;TATN:2025-07-25
719	20260806:719	18	0.959351	-12587.2906	-1089.4231	0	ALRS:2025-02-16;ALRS:2025-01-27;GAZP:2025-03-04;LKOH:2025-05-02;MGNT:2026-01-25;MOEX:2026-03-12;MOEX:2025-05-14;MOEX:2025-03-28;NVTK:2025-07-19;ROSN:2026-03-17;ROSN:2026-03-01;SBER:2025-07-04;SBER:2026-04-12;SBER:2025-06-19;TATN:2025-05-15;TATN:2026-03-19;TATN:2026-01-31;TATN:2026-03-16
720	20260806:720	18	0.954470	-12588.0099	-1200.4154	0	ALRS:2025-08-19;ALRS:2025-08-19;GAZP:2025-02-12;LKOH:2025-01-30;MGNT:2026-01-30;MOEX:2026-03-26;MOEX:2026-01-17;MOEX:2026-03-12;NVTK:2025-12-13;ROSN:2025-03-02;ROSN:2026-04-01;SBER:2026-06-16;SBER:2025-01-27;SBER:2025-08-27;TATN:2025-06-24;TATN:2026-06-18;TATN:2025-06-09;TATN:2026-03-18
721	20260806:721	18	0.226698	-401131.3840	-24.2373	0	ALRS:2025-01-30;ALRS:2025-08-19;GAZP:2025-12-18;LKOH:2025-03-31;MGNT:2025-05-06;MOEX:2025-03-15;MOEX:2026-03-01;MOEX:2026-03-13;NVTK:2026-02-08;ROSN:2025-08-27;ROSN:2026-04-15;SBER:2026-05-21;SBER:2026-03-01;SBER:2025-07-18;TATN:2026-05-30;TATN:2025-01-22;TATN:2025-01-19;TATN:2026-04-26
722	20260806:722	18	1.221328	73960.0951	300.2656	0	ALRS:2025-04-05;ALRS:2026-03-14;GAZP:2025-07-26;LKOH:2025-02-20;MGNT:2025-04-08;MOEX:2026-01-14;MOEX:2026-04-10;MOEX:2025-03-29;NVTK:2025-10-13;ROSN:2025-10-16;ROSN:2025-04-28;SBER:2025-01-22;SBER:2025-08-13;SBER:2026-05-01;TATN:2026-04-03;TATN:2025-04-14;TATN:2026-06-17;TATN:2026-06-02
723	20260806:723	18	1.760926	191153.1094	106.4830	0	ALRS:2025-03-12;ALRS:2025-01-21;GAZP:2026-02-24;LKOH:2026-03-19;MGNT:2025-04-03;MOEX:2025-04-11;MOEX:2026-06-05;MOEX:2025-03-15;NVTK:2025-01-26;ROSN:2025-04-20;ROSN:2026-04-02;SBER:2026-04-12;SBER:2025-03-19;SBER:2025-09-15;TATN:2026-03-13;TATN:2026-03-22;TATN:2026-02-09;TATN:2025-07-08
724	20260806:724	18	2.201598	203511.7625	92.4914	0	ALRS:2025-01-30;ALRS:2025-09-13;GAZP:2025-04-05;LKOH:2025-08-13;MGNT:2026-01-27;MOEX:2026-04-02;MOEX:2025-12-12;MOEX:2026-01-17;NVTK:2025-03-05;ROSN:2025-04-10;ROSN:2026-03-01;SBER:2026-02-15;SBER:2026-02-25;SBER:2025-03-04;TATN:2025-03-04;TATN:2026-04-20;TATN:2026-02-26;TATN:2025-05-13
725	20260806:725	18	0.722366	-105069.3377	-176.2725	0	ALRS:2025-04-29;ALRS:2025-08-17;GAZP:2025-08-18;LKOH:2025-01-07;MGNT:2026-04-05;MOEX:2026-02-21;MOEX:2026-04-26;MOEX:2026-03-31;NVTK:2025-11-26;ROSN:2025-01-13;ROSN:2025-04-20;SBER:2026-06-27;SBER:2025-07-21;SBER:2026-03-22;TATN:2026-05-03;TATN:2026-06-17;TATN:2026-04-19;TATN:2026-02-21
726	20260806:726	18	0.205871	-330150.5362	-22.4859	0	ALRS:2026-01-31;ALRS:2026-02-05;GAZP:2025-12-07;LKOH:2025-01-02;MGNT:2025-03-02;MOEX:2025-05-15;MOEX:2026-05-21;MOEX:2026-01-19;NVTK:2026-01-23;ROSN:2025-04-05;ROSN:2025-08-24;SBER:2025-06-09;SBER:2026-06-29;SBER:2025-11-29;TATN:2025-03-25;TATN:2025-05-20;TATN:2025-08-22;TATN:2025-02-17
727	20260806:727	18	1.740639	161868.6004	129.7043	0	ALRS:2025-01-12;ALRS:2025-08-23;GAZP:2025-01-28;LKOH:2025-09-01;MGNT:2025-02-27;MOEX:2026-06-05;MOEX:2025-04-24;MOEX:2026-05-17;NVTK:2025-04-07;ROSN:2026-04-07;ROSN:2025-08-13;SBER:2026-01-16;SBER:2025-06-13;SBER:2025-06-27;TATN:2025-07-09;TATN:2025-05-02;TATN:2026-02-18;TATN:2026-04-25
728	20260806:728	18	0.329685	-242540.6829	-40.0187	0	ALRS:2025-02-25;ALRS:2025-08-07;GAZP:2025-05-07;LKOH:2025-04-14;MGNT:2026-04-01;MOEX:2026-04-06;MOEX:2026-03-12;MOEX:2026-04-20;NVTK:2025-05-04;ROSN:2025-01-12;ROSN:2025-04-02;SBER:2025-04-06;SBER:2025-09-04;SBER:2026-05-28;TATN:2026-04-18;TATN:2025-01-19;TATN:2026-05-20;TATN:2025-06-29
729	20260806:729	18	0.819729	-59409.1679	-231.4656	0	ALRS:2026-03-16;ALRS:2025-01-22;GAZP:2026-03-28;LKOH:2025-04-07;MGNT:2026-03-15;MOEX:2026-01-16;MOEX:2026-04-03;MOEX:2026-06-05;NVTK:2026-02-02;ROSN:2026-04-26;ROSN:2026-04-29;SBER:2026-06-26;SBER:2026-02-10;SBER:2025-06-10;TATN:2026-06-08;TATN:2025-01-20;TATN:2026-05-19;TATN:2026-05-17
730	20260806:730	18	0.506606	-171325.4579	-54.6539	0	ALRS:2025-03-16;ALRS:2025-08-05;GAZP:2025-12-11;LKOH:2025-10-17;MGNT:2025-04-22;MOEX:2025-03-10;MOEX:2025-04-04;MOEX:2026-05-20;NVTK:2025-10-02;ROSN:2026-03-31;ROSN:2025-09-18;SBER:2025-08-23;SBER:2025-05-29;SBER:2025-08-06;TATN:2025-04-23;TATN:2025-04-24;TATN:2026-06-14;TATN:2026-06-09
731	20260806:731	18	1.017868	5877.8239	4022.7054	0	ALRS:2025-04-23;ALRS:2025-03-14;GAZP:2025-01-21;LKOH:2025-03-20;MGNT:2026-03-27;MOEX:2026-06-05;MOEX:2025-01-29;MOEX:2025-03-29;NVTK:2025-10-19;ROSN:2026-04-09;ROSN:2026-05-17;SBER:2025-01-07;SBER:2026-01-29;SBER:2025-09-13;TATN:2025-02-03;TATN:2025-06-25;TATN:2025-04-14;TATN:2026-02-24
732	20260806:732	18	0.806531	-67142.4246	-238.4927	0	ALRS:2026-03-05;ALRS:2025-02-06;GAZP:2025-11-26;LKOH:2026-04-05;MGNT:2025-04-10;MOEX:2026-04-11;MOEX:2025-04-23;MOEX:2025-03-14;NVTK:2025-08-11;ROSN:2025-10-05;ROSN:2025-02-27;SBER:2025-04-04;SBER:2026-05-30;SBER:2026-06-28;TATN:2025-03-18;TATN:2026-04-18;TATN:2025-05-07;TATN:2025-07-08
733	20260806:733	18	0.641649	-145471.9186	-131.1790	0	ALRS:2025-04-01;ALRS:2026-02-21;GAZP:2025-03-23;LKOH:2025-02-04;MGNT:2026-01-20;MOEX:2026-04-08;MOEX:2025-12-19;MOEX:2025-11-24;NVTK:2025-06-07;ROSN:2025-02-02;ROSN:2026-02-26;SBER:2026-04-26;SBER:2025-08-21;SBER:2026-02-11;TATN:2025-01-19;TATN:2026-04-26;TATN:2025-03-24;TATN:2025-02-06
734	20260806:734	18	0.568297	-171219.8375	-100.5309	0	ALRS:2026-01-30;ALRS:2026-02-07;GAZP:2025-01-05;LKOH:2025-03-24;MGNT:2025-04-13;MOEX:2026-04-25;MOEX:2025-03-13;MOEX:2026-02-09;NVTK:2025-05-30;ROSN:2026-02-22;ROSN:2025-04-04;SBER:2025-12-12;SBER:2026-02-03;SBER:2025-06-24;TATN:2026-04-09;TATN:2026-02-20;TATN:2025-06-19;TATN:2026-06-12
735	20260806:735	18	0.615936	-111265.3107	-106.6199	0	ALRS:2025-03-20;ALRS:2025-02-05;GAZP:2026-03-28;LKOH:2025-02-20;MGNT:2026-02-27;MOEX:2025-04-07;MOEX:2026-02-22;MOEX:2026-05-12;NVTK:2026-02-03;ROSN:2025-10-05;ROSN:2025-09-28;SBER:2025-06-04;SBER:2025-01-12;SBER:2025-04-11;TATN:2025-05-03;TATN:2026-06-09;TATN:2025-01-15;TATN:2026-03-19
736	20260806:736	18	0.647500	-118986.8256	-92.9159	0	ALRS:2026-01-31;ALRS:2026-01-31;GAZP:2025-11-07;LKOH:2025-04-01;MGNT:2026-01-20;MOEX:2026-02-09;MOEX:2025-12-18;MOEX:2026-01-08;NVTK:2025-02-10;ROSN:2026-04-14;ROSN:2025-02-24;SBER:2025-02-10;SBER:2025-12-08;SBER:2026-03-14;TATN:2025-02-18;TATN:2026-05-26;TATN:2025-01-15;TATN:2025-04-27
737	20260806:737	18	0.383964	-278144.1499	-62.3281	0	ALRS:2025-03-13;ALRS:2026-02-01;GAZP:2025-08-14;LKOH:2025-04-24;MGNT:2026-03-12;MOEX:2025-05-15;MOEX:2025-03-13;MOEX:2026-03-13;NVTK:2025-12-10;ROSN:2025-08-30;ROSN:2026-05-26;SBER:2025-07-07;SBER:2025-04-09;SBER:2025-03-03;TATN:2026-02-24;TATN:2025-02-27;TATN:2025-08-14;TATN:2025-05-01
738	20260806:738	18	0.396800	-172519.5067	-35.3847	0	ALRS:2025-02-25;ALRS:2026-01-26;GAZP:2026-03-29;LKOH:2026-04-06;MGNT:2026-03-13;MOEX:2026-03-04;MOEX:2025-01-22;MOEX:2025-04-24;NVTK:2026-02-05;ROSN:2026-03-08;ROSN:2025-01-23;SBER:2025-07-02;SBER:2026-04-07;SBER:2026-05-01;TATN:2025-06-06;TATN:2025-04-20;TATN:2026-05-26;TATN:2026-05-12
739	20260806:739	18	0.584526	-169478.7991	-93.1767	0	ALRS:2025-02-23;ALRS:2025-09-10;GAZP:2025-04-10;LKOH:2025-10-16;MGNT:2025-04-11;MOEX:2025-12-12;MOEX:2025-03-19;MOEX:2025-02-05;NVTK:2025-04-17;ROSN:2026-05-04;ROSN:2025-04-16;SBER:2026-04-02;SBER:2026-07-08;SBER:2026-04-23;TATN:2026-06-11;TATN:2026-03-30;TATN:2025-08-12;TATN:2025-01-15
740	20260806:740	18	0.199987	-405199.1632	-20.2507	0	ALRS:2026-03-17;ALRS:2025-05-17;GAZP:2025-05-12;LKOH:2025-02-18;MGNT:2026-02-12;MOEX:2025-04-26;MOEX:2026-01-11;MOEX:2025-11-25;NVTK:2025-12-18;ROSN:2025-04-20;ROSN:2025-03-24;SBER:2026-04-23;SBER:2026-06-27;SBER:2026-06-21;TATN:2025-04-21;TATN:2026-03-28;TATN:2025-05-07;TATN:2025-08-17
741	20260806:741	18	0.154986	-438900.0729	-11.1159	0	ALRS:2025-03-05;ALRS:2025-03-16;GAZP:2026-03-05;LKOH:2025-02-18;MGNT:2025-02-25;MOEX:2026-02-05;MOEX:2025-03-26;MOEX:2025-02-17;NVTK:2025-02-16;ROSN:2026-05-21;ROSN:2026-05-05;SBER:2025-06-23;SBER:2026-02-18;SBER:2026-05-01;TATN:2026-03-02;TATN:2025-03-17;TATN:2025-03-01;TATN:2026-03-23
742	20260806:742	18	1.046352	16199.0553	1143.2651	0	ALRS:2025-02-10;ALRS:2025-04-11;GAZP:2025-01-14;LKOH:2026-03-23;MGNT:2026-04-10;MOEX:2025-04-26;MOEX:2025-04-11;MOEX:2025-04-16;NVTK:2025-11-17;ROSN:2026-04-02;ROSN:2025-03-27;SBER:2025-03-30;SBER:2025-11-20;SBER:2026-03-29;TATN:2026-05-17;TATN:2025-06-13;TATN:2026-02-16;TATN:2025-03-27
743	20260806:743	18	0.387419	-266529.3032	-37.8285	0	ALRS:2025-03-11;ALRS:2025-03-10;GAZP:2026-05-06;LKOH:2025-05-12;MGNT:2026-03-03;MOEX:2026-06-08;MOEX:2026-01-25;MOEX:2025-03-13;NVTK:2025-10-21;ROSN:2025-01-19;ROSN:2025-04-27;SBER:2026-02-28;SBER:2025-05-07;SBER:2026-02-20;TATN:2026-01-31;TATN:2025-03-10;TATN:2025-09-27;TATN:2025-07-07
744	20260806:744	18	1.485093	120132.7861	136.5638	0	ALRS:2026-02-04;ALRS:2026-01-27;GAZP:2025-02-11;LKOH:2025-03-10;MGNT:2026-03-12;MOEX:2025-04-08;MOEX:2025-04-21;MOEX:2025-03-29;NVTK:2025-10-09;ROSN:2025-08-25;ROSN:2025-08-06;SBER:2025-08-21;SBER:2025-12-09;SBER:2025-06-16;TATN:2025-06-24;TATN:2026-05-06;TATN:2025-05-01;TATN:2025-09-27
745	20260806:745	18	0.595186	-96649.2897	-46.8397	0	ALRS:2025-08-26;ALRS:2025-08-06;GAZP:2025-02-12;LKOH:2025-09-04;MGNT:2026-02-06;MOEX:2026-04-13;MOEX:2026-01-17;MOEX:2026-04-01;NVTK:2025-04-20;ROSN:2025-03-17;ROSN:2026-04-05;SBER:2025-11-23;SBER:2025-06-06;SBER:2025-05-07;TATN:2025-07-21;TATN:2025-06-01;TATN:2025-05-19;TATN:2025-01-05
746	20260806:746	18	0.348831	-274354.0946	-49.7311	0	ALRS:2026-01-30;ALRS:2025-03-27;GAZP:2026-04-28;LKOH:2025-08-12;MGNT:2026-03-01;MOEX:2025-12-18;MOEX:2026-04-25;MOEX:2026-06-07;NVTK:2025-04-09;ROSN:2025-04-01;ROSN:2026-03-29;SBER:2026-03-14;SBER:2025-09-01;SBER:2025-03-06;TATN:2025-06-29;TATN:2025-04-07;TATN:2026-06-09;TATN:2025-05-07
747	20260806:747	18	1.293196	59384.7793	279.3033	0	ALRS:2025-01-13;ALRS:2025-09-14;GAZP:2025-01-30;LKOH:2025-04-20;MGNT:2026-02-24;MOEX:2025-02-28;MOEX:2025-04-16;MOEX:2025-01-20;NVTK:2026-01-24;ROSN:2025-09-01;ROSN:2025-01-28;SBER:2025-06-12;SBER:2025-02-17;SBER:2025-01-27;TATN:2025-07-06;TATN:2025-06-16;TATN:2025-01-14;TATN:2025-01-12
748	20260806:748	18	0.446713	-212182.1446	-77.9455	0	ALRS:2025-02-12;ALRS:2025-02-25;GAZP:2025-04-21;LKOH:2025-03-20;MGNT:2025-04-12;MOEX:2025-02-18;MOEX:2025-05-12;MOEX:2025-02-06;NVTK:2025-09-03;ROSN:2025-08-13;ROSN:2025-09-02;SBER:2026-05-19;SBER:2025-04-08;SBER:2025-03-18;TATN:2025-03-03;TATN:2025-08-17;TATN:2026-06-04;TATN:2025-07-22
749	20260806:749	18	1.231017	55690.0120	250.6252	0	ALRS:2025-02-02;ALRS:2025-08-23;GAZP:2025-03-12;LKOH:2026-03-10;MGNT:2025-04-06;MOEX:2026-05-18;MOEX:2026-02-23;MOEX:2025-04-08;NVTK:2026-03-13;ROSN:2026-04-18;ROSN:2026-03-26;SBER:2026-03-09;SBER:2026-05-15;SBER:2026-01-27;TATN:2026-05-01;TATN:2026-05-02;TATN:2025-07-26;TATN:2025-07-23
750	20260806:750	18	0.538040	-231709.2511	-93.4787	0	ALRS:2025-03-12;ALRS:2025-04-22;GAZP:2026-02-18;LKOH:2025-10-18;MGNT:2026-02-26;MOEX:2025-05-15;MOEX:2026-02-15;MOEX:2026-06-03;NVTK:2026-03-17;ROSN:2025-02-23;ROSN:2026-04-25;SBER:2025-03-18;SBER:2025-01-30;SBER:2025-03-01;TATN:2025-04-01;TATN:2025-03-26;TATN:2026-06-05;TATN:2026-02-12
751	20260806:751	18	0.131435	-344750.2234	-12.6616	0	ALRS:2025-04-12;ALRS:2025-04-25;GAZP:2025-03-04;LKOH:2025-01-22;MGNT:2026-03-16;MOEX:2026-01-22;MOEX:2025-12-26;MOEX:2025-04-24;NVTK:2025-05-30;ROSN:2026-05-19;ROSN:2025-04-24;SBER:2026-01-25;SBER:2025-11-25;SBER:2025-08-10;TATN:2025-02-20;TATN:2025-07-06;TATN:2026-03-03;TATN:2025-05-21
752	20260806:752	18	0.246417	-288395.4808	-19.8054	0	ALRS:2025-03-30;ALRS:2025-03-20;GAZP:2025-10-15;LKOH:2025-03-16;MGNT:2025-04-08;MOEX:2026-04-18;MOEX:2026-01-23;MOEX:2025-03-26;NVTK:2026-04-17;ROSN:2025-03-04;ROSN:2026-04-24;SBER:2025-06-01;SBER:2026-03-08;SBER:2026-05-03;TATN:2026-04-22;TATN:2025-04-23;TATN:2025-03-05;TATN:2025-02-26
753	20260806:753	18	1.013359	4145.5786	3989.0393	0	ALRS:2025-04-02;ALRS:2025-04-07;GAZP:2025-05-07;LKOH:2026-04-05;MGNT:2025-04-24;MOEX:2025-03-05;MOEX:2025-04-01;MOEX:2026-06-09;NVTK:2025-12-10;ROSN:2025-01-19;ROSN:2026-01-27;SBER:2026-06-18;SBER:2025-02-12;SBER:2026-01-28;TATN:2026-05-16;TATN:2025-04-02;TATN:2026-02-16;TATN:2026-05-13
754	20260806:754	18	1.069302	21205.6330	1054.7039	0	ALRS:2025-05-10;ALRS:2025-08-05;GAZP:2026-03-31;LKOH:2025-03-15;MGNT:2025-03-25;MOEX:2026-02-20;MOEX:2025-11-25;MOEX:2026-06-03;NVTK:2025-10-31;ROSN:2025-04-16;ROSN:2026-03-17;SBER:2026-05-01;SBER:2025-05-29;SBER:2026-02-18;TATN:2025-05-14;TATN:2026-03-05;TATN:2026-02-15;TATN:2025-07-31
755	20260806:755	18	0.928170	-20512.6717	-723.4316	0	ALRS:2025-05-07;ALRS:2025-03-14;GAZP:2026-05-14;LKOH:2026-03-11;MGNT:2026-02-03;MOEX:2026-06-08;MOEX:2026-04-01;MOEX:2025-05-02;NVTK:2025-04-08;ROSN:2025-04-29;ROSN:2025-04-25;SBER:2025-03-24;SBER:2026-04-09;SBER:2026-02-23;TATN:2026-05-05;TATN:2026-03-29;TATN:2026-03-13;TATN:2025-07-26
756	20260806:756	18	0.501485	-250753.8213	-63.1260	0	ALRS:2025-03-26;ALRS:2025-02-23;GAZP:2025-05-15;LKOH:2025-02-05;MGNT:2025-03-03;MOEX:2026-06-11;MOEX:2026-01-16;MOEX:2025-02-09;NVTK:2025-09-25;ROSN:2026-04-27;ROSN:2025-04-14;SBER:2026-07-05;SBER:2026-05-23;SBER:2025-03-23;TATN:2025-06-18;TATN:2025-01-26;TATN:2025-05-11;TATN:2025-04-06
757	20260806:757	18	1.710464	160580.7962	129.7592	0	ALRS:2025-03-04;ALRS:2026-02-24;GAZP:2025-11-19;LKOH:2025-01-13;MGNT:2025-04-21;MOEX:2026-06-03;MOEX:2026-05-21;MOEX:2025-03-27;NVTK:2026-01-31;ROSN:2025-01-23;ROSN:2025-03-14;SBER:2025-05-22;SBER:2026-03-19;SBER:2025-03-04;TATN:2025-11-19;TATN:2026-02-10;TATN:2025-04-03;TATN:2026-02-28
758	20260806:758	18	0.407015	-286403.4140	-47.0685	0	ALRS:2026-03-04;ALRS:2025-08-13;GAZP:2025-08-05;LKOH:2025-04-23;MGNT:2026-04-16;MOEX:2025-03-17;MOEX:2025-04-16;MOEX:2026-03-19;NVTK:2025-09-23;ROSN:2026-05-23;ROSN:2026-04-09;SBER:2026-05-26;SBER:2025-06-05;SBER:2026-06-28;TATN:2026-05-28;TATN:2025-07-27;TATN:2025-09-29;TATN:2025-01-09
759	20260806:759	18	0.550193	-176056.4089	-73.3481	0	ALRS:2025-02-10;ALRS:2026-03-16;GAZP:2025-01-09;LKOH:2025-08-17;MGNT:2025-03-12;MOEX:2026-02-01;MOEX:2025-04-01;MOEX:2025-05-13;NVTK:2025-12-01;ROSN:2026-06-01;ROSN:2026-04-03;SBER:2025-09-12;SBER:2026-04-13;SBER:2026-03-16;TATN:2025-07-07;TATN:2025-03-03;TATN:2025-03-18;TATN:2025-03-10
760	20260806:760	18	0.157642	-317442.1353	-14.9624	0	ALRS:2026-02-05;ALRS:2025-03-04;GAZP:2026-01-08;LKOH:2025-05-18;MGNT:2026-03-29;MOEX:2026-02-01;MOEX:2026-01-22;MOEX:2025-04-23;NVTK:2026-05-16;ROSN:2026-05-15;ROSN:2026-01-30;SBER:2025-06-13;SBER:2026-04-25;SBER:2025-08-10;TATN:2026-03-28;TATN:2026-06-06;TATN:2025-02-10;TATN:2025-01-20
761	20260806:761	18	0.226135	-409590.4007	-29.2215	0	ALRS:2025-03-03;ALRS:2025-03-19;GAZP:2026-03-31;LKOH:2026-03-09;MGNT:2026-02-18;MOEX:2025-03-24;MOEX:2025-12-14;MOEX:2025-12-25;NVTK:2025-11-08;ROSN:2026-02-19;ROSN:2026-05-19;SBER:2026-07-01;SBER:2025-03-23;SBER:2025-08-10;TATN:2026-06-07;TATN:2025-05-12;TATN:2025-08-22;TATN:2025-07-29
762	20260806:762	18	0.604914	-153106.0565	-63.6597	0	ALRS:2026-02-26;ALRS:2025-02-19;GAZP:2026-04-08;LKOH:2025-01-16;MGNT:2026-04-14;MOEX:2026-04-11;MOEX:2025-02-28;MOEX:2025-03-30;NVTK:2025-08-20;ROSN:2026-04-04;ROSN:2025-09-07;SBER:2025-06-16;SBER:2025-06-18;SBER:2025-05-21;TATN:2025-04-08;TATN:2026-04-13;TATN:2025-02-28;TATN:2026-03-15
763	20260806:763	18	0.422603	-212737.1860	-53.9522	0	ALRS:2025-09-14;ALRS:2025-04-12;GAZP:2025-05-02;LKOH:2025-03-12;MGNT:2025-05-11;MOEX:2026-05-31;MOEX:2026-02-03;MOEX:2025-04-09;NVTK:2026-04-24;ROSN:2026-04-15;ROSN:2025-02-05;SBER:2026-03-28;SBER:2026-02-05;SBER:2025-09-14;TATN:2025-06-19;TATN:2025-08-20;TATN:2025-05-25;TATN:2025-04-26
764	20260806:764	18	0.331023	-311089.7726	-30.1556	0	ALRS:2025-09-09;ALRS:2025-04-16;GAZP:2025-12-15;LKOH:2025-05-03;MGNT:2025-05-14;MOEX:2026-04-05;MOEX:2025-03-09;MOEX:2026-04-25;NVTK:2025-06-01;ROSN:2026-01-29;ROSN:2026-04-25;SBER:2025-07-21;SBER:2025-06-13;SBER:2026-06-10;TATN:2025-02-13;TATN:2026-05-10;TATN:2026-04-15;TATN:2025-05-19
765	20260806:765	18	0.764757	-83442.6470	-222.5842	0	ALRS:2025-03-13;ALRS:2025-04-11;GAZP:2026-05-11;LKOH:2025-02-23;MGNT:2026-02-17;MOEX:2025-04-14;MOEX:2025-03-25;MOEX:2025-03-15;NVTK:2026-01-31;ROSN:2025-01-20;ROSN:2026-03-17;SBER:2025-03-02;SBER:2025-02-11;SBER:2026-02-01;TATN:2025-06-02;TATN:2025-05-19;TATN:2026-05-12;TATN:2026-02-10
766	20260806:766	18	0.256094	-237959.9791	-26.9351	0	ALRS:2025-08-11;ALRS:2026-01-29;GAZP:2025-12-11;LKOH:2025-04-17;MGNT:2026-03-03;MOEX:2026-06-06;MOEX:2025-04-29;MOEX:2025-05-13;NVTK:2025-11-11;ROSN:2025-03-24;ROSN:2025-04-14;SBER:2026-02-07;SBER:2025-07-10;SBER:2025-03-15;TATN:2025-04-23;TATN:2025-04-13;TATN:2025-04-21;TATN:2025-06-16
767	20260806:767	18	1.038318	11512.6078	1169.9802	0	ALRS:2025-04-20;ALRS:2025-05-11;GAZP:2026-02-07;LKOH:2025-03-26;MGNT:2026-01-31;MOEX:2025-05-20;MOEX:2025-12-18;MOEX:2025-04-16;NVTK:2025-04-13;ROSN:2025-04-28;ROSN:2026-03-10;SBER:2025-06-14;SBER:2026-02-03;SBER:2026-06-12;TATN:2025-04-03;TATN:2026-05-16;TATN:2026-04-20;TATN:2025-01-22
768	20260806:768	18	1.533198	164346.0348	152.4142	0	ALRS:2026-02-18;ALRS:2025-04-14;GAZP:2025-04-27;LKOH:2026-04-01;MGNT:2026-02-02;MOEX:2025-01-28;MOEX:2026-03-29;MOEX:2026-02-01;NVTK:2025-08-27;ROSN:2026-04-22;ROSN:2026-01-31;SBER:2025-06-17;SBER:2025-09-18;SBER:2025-06-14;TATN:2025-07-28;TATN:2026-02-25;TATN:2025-02-11;TATN:2026-06-16
769	20260806:769	18	0.286362	-347102.4222	-28.9355	0	ALRS:2026-02-27;ALRS:2025-04-20;GAZP:2025-01-21;LKOH:2025-05-17;MGNT:2026-01-31;MOEX:2026-03-01;MOEX:2026-04-14;MOEX:2026-06-12;NVTK:2025-07-02;ROSN:2025-03-27;ROSN:2026-04-28;SBER:2025-02-27;SBER:2025-04-03;SBER:2026-02-02;TATN:2025-04-20;TATN:2025-08-19;TATN:2025-04-15;TATN:2025-03-28
770	20260806:770	18	1.153305	46383.1355	590.0922	0	ALRS:2025-03-28;ALRS:2026-02-05;GAZP:2025-02-09;LKOH:2026-04-04;MGNT:2025-03-12;MOEX:2026-03-05;MOEX:2026-02-10;MOEX:2026-02-21;NVTK:2026-04-11;ROSN:2025-08-29;ROSN:2025-09-02;SBER:2025-05-05;SBER:2026-05-06;SBER:2026-02-05;TATN:2025-03-03;TATN:2026-02-11;TATN:2025-02-04;TATN:2025-05-25
771	20260806:771	18	1.165662	42333.6674	418.7307	0	ALRS:2025-01-19;ALRS:2025-04-13;GAZP:2025-07-24;LKOH:2025-08-13;MGNT:2025-03-06;MOEX:2025-12-27;MOEX:2025-01-28;MOEX:2025-03-09;NVTK:2025-11-27;ROSN:2026-05-18;ROSN:2025-02-20;SBER:2025-06-17;SBER:2025-05-28;SBER:2025-09-18;TATN:2025-04-03;TATN:2025-06-13;TATN:2025-07-24;TATN:2026-03-24
772	20260806:772	18	0.511692	-201346.2252	-56.6130	0	ALRS:2025-03-20;ALRS:2025-05-02;GAZP:2026-03-17;LKOH:2025-04-01;MGNT:2025-03-27;MOEX:2025-02-24;MOEX:2025-03-13;MOEX:2025-03-12;NVTK:2025-04-12;ROSN:2025-10-17;ROSN:2025-03-13;SBER:2025-04-23;SBER:2025-02-13;SBER:2026-06-02;TATN:2025-02-23;TATN:2026-03-08;TATN:2025-06-09;TATN:2025-04-15
773	20260806:773	18	0.438249	-246529.0359	-45.0577	0	ALRS:2025-03-11;ALRS:2025-01-29;GAZP:2025-08-26;LKOH:2025-03-10;MGNT:2026-03-05;MOEX:2025-04-10;MOEX:2025-12-11;MOEX:2026-06-05;NVTK:2025-05-14;ROSN:2026-04-28;ROSN:2025-09-24;SBER:2026-06-17;SBER:2026-05-04;SBER:2025-08-07;TATN:2025-04-06;TATN:2025-05-29;TATN:2025-06-05;TATN:2025-05-27
774	20260806:774	18	0.390440	-265811.0301	-51.0279	0	ALRS:2025-05-01;ALRS:2025-04-13;GAZP:2025-01-07;LKOH:2025-03-13;MGNT:2025-03-04;MOEX:2026-03-09;MOEX:2026-03-25;MOEX:2025-03-01;NVTK:2025-11-11;ROSN:2026-05-03;ROSN:2026-04-13;SBER:2025-12-10;SBER:2026-07-11;SBER:2026-01-29;TATN:2025-04-03;TATN:2025-02-18;TATN:2026-05-24;TATN:2026-05-03
775	20260806:775	18	1.280743	75309.9368	263.5411	0	ALRS:2025-08-06;ALRS:2025-04-25;GAZP:2025-11-23;LKOH:2026-04-10;MGNT:2025-03-13;MOEX:2025-03-29;MOEX:2026-01-14;MOEX:2026-05-22;NVTK:2025-06-09;ROSN:2025-03-01;ROSN:2026-06-03;SBER:2026-06-27;SBER:2025-04-04;SBER:2026-06-17;TATN:2025-03-05;TATN:2025-04-14;TATN:2025-03-10;TATN:2025-07-29
776	20260806:776	18	0.359771	-269439.7798	-37.8331	0	ALRS:2025-05-03;ALRS:2026-02-07;GAZP:2025-04-22;LKOH:2025-04-03;MGNT:2025-01-29;MOEX:2026-03-05;MOEX:2025-05-21;MOEX:2025-03-19;NVTK:2025-06-03;ROSN:2025-03-12;ROSN:2026-04-17;SBER:2025-02-16;SBER:2026-07-03;SBER:2025-09-06;TATN:2025-06-06;TATN:2025-08-14;TATN:2026-04-20;TATN:2025-01-22
777	20260806:777	18	1.096581	20772.4657	649.1154	0	ALRS:2026-02-15;ALRS:2025-01-22;GAZP:2026-03-01;LKOH:2025-04-17;MGNT:2025-02-06;MOEX:2026-04-22;MOEX:2026-05-18;MOEX:2026-03-14;NVTK:2025-05-06;ROSN:2025-10-06;ROSN:2025-04-02;SBER:2025-11-18;SBER:2026-02-11;SBER:2025-05-31;TATN:2025-02-10;TATN:2025-07-22;TATN:2026-03-17;TATN:2025-07-21
778	20260806:778	18	0.281538	-289049.1219	-37.6101	0	ALRS:2025-03-29;ALRS:2025-09-13;GAZP:2025-05-13;LKOH:2025-01-15;MGNT:2025-04-01;MOEX:2026-04-17;MOEX:2026-03-18;MOEX:2026-02-12;NVTK:2025-02-28;ROSN:2025-02-27;ROSN:2026-05-11;SBER:2026-03-15;SBER:2026-01-31;SBER:2025-05-18;TATN:2025-04-14;TATN:2026-06-15;TATN:2025-01-16;TATN:2025-08-03
779	20260806:779	18	0.733760	-102402.3635	-194.5942	0	ALRS:2026-02-25;ALRS:2025-05-06;GAZP:2025-11-13;LKOH:2025-03-06;MGNT:2026-03-14;MOEX:2025-12-27;MOEX:2026-03-12;MOEX:2025-02-13;NVTK:2025-08-21;ROSN:2025-04-20;ROSN:2025-08-27;SBER:2025-04-10;SBER:2025-08-14;SBER:2026-04-15;TATN:2025-01-22;TATN:2025-05-13;TATN:2026-02-10;TATN:2026-05-31
780	20260806:780	18	0.406944	-222262.8960	-52.9453	0	ALRS:2025-01-27;ALRS:2025-02-12;GAZP:2025-10-15;LKOH:2025-02-17;MGNT:2026-02-24;MOEX:2026-03-08;MOEX:2025-05-14;MOEX:2025-02-12;NVTK:2025-02-11;ROSN:2025-01-16;ROSN:2025-03-20;SBER:2025-03-02;SBER:2025-03-11;SBER:2025-08-05;TATN:2025-06-01;TATN:2025-05-26;TATN:2025-06-16;TATN:2026-04-17
781	20260806:781	18	0.686877	-132005.4556	-111.4736	0	ALRS:2026-03-10;ALRS:2025-04-22;GAZP:2025-05-12;LKOH:2025-04-03;MGNT:2025-01-29;MOEX:2026-01-11;MOEX:2025-03-02;MOEX:2026-04-04;NVTK:2025-12-11;ROSN:2026-05-29;ROSN:2025-03-17;SBER:2025-03-25;SBER:2026-02-01;SBER:2026-02-01;TATN:2026-04-30;TATN:2025-04-04;TATN:2025-03-30;TATN:2025-02-27
782	20260806:782	18	0.724940	-95863.5305	-191.8732	0	ALRS:2025-03-15;ALRS:2025-08-17;GAZP:2026-03-16;LKOH:2025-10-16;MGNT:2025-04-15;MOEX:2025-02-25;MOEX:2025-04-05;MOEX:2026-01-26;NVTK:2025-01-29;ROSN:2026-02-20;ROSN:2026-05-28;SBER:2025-01-30;SBER:2025-03-16;SBER:2026-01-24;TATN:2025-05-05;TATN:2026-06-03;TATN:2026-05-12;TATN:2025-05-07
783	20260806:783	18	1.643188	146482.5188	155.1257	0	ALRS:2025-01-27;ALRS:2025-02-12;GAZP:2026-02-07;LKOH:2025-04-20;MGNT:2025-03-13;MOEX:2026-06-04;MOEX:2026-03-12;MOEX:2025-04-20;NVTK:2025-04-29;ROSN:2025-04-23;ROSN:2026-05-03;SBER:2025-11-25;SBER:2025-07-03;SBER:2025-04-27;TATN:2026-02-15;TATN:2026-02-15;TATN:2025-01-02;TATN:2025-06-19
784	20260806:784	18	1.254881	83615.1802	242.4358	0	ALRS:2025-01-27;ALRS:2025-09-14;GAZP:2026-03-09;LKOH:2025-02-13;MGNT:2025-02-27;MOEX:2025-03-09;MOEX:2025-03-31;MOEX:2026-02-04;NVTK:2025-11-11;ROSN:2025-03-24;ROSN:2025-01-09;SBER:2025-02-13;SBER:2026-01-24;SBER:2025-05-11;TATN:2026-03-11;TATN:2025-02-04;TATN:2026-06-05;TATN:2026-02-10
785	20260806:785	18	0.292731	-267849.6395	-29.6331	0	ALRS:2026-02-11;ALRS:2025-01-29;GAZP:2026-04-08;LKOH:2025-09-08;MGNT:2025-04-26;MOEX:2026-04-05;MOEX:2025-12-17;MOEX:2026-05-11;NVTK:2025-09-29;ROSN:2026-05-07;ROSN:2026-04-17;SBER:2025-02-24;SBER:2025-06-29;SBER:2026-05-01;TATN:2026-05-22;TATN:2026-05-15;TATN:2025-02-24;TATN:2025-05-12
786	20260806:786	18	0.511263	-179924.8024	-48.4405	0	ALRS:2025-02-20;ALRS:2026-02-21;GAZP:2025-05-30;LKOH:2025-03-20;MGNT:2026-04-14;MOEX:2025-02-23;MOEX:2026-01-31;MOEX:2025-04-08;NVTK:2026-03-17;ROSN:2025-02-12;ROSN:2025-01-27;SBER:2025-05-06;SBER:2026-02-09;SBER:2026-05-21;TATN:2026-03-13;TATN:2025-01-19;TATN:2026-06-14;TATN:2025-02-03
787	20260806:787	18	0.361818	-282225.6477	-42.5959	0	ALRS:2026-02-02;ALRS:2025-02-23;GAZP:2026-02-24;LKOH:2025-03-25;MGNT:2025-03-19;MOEX:2025-02-16;MOEX:2025-03-17;MOEX:2026-03-05;NVTK:2026-04-29;ROSN:2026-05-19;ROSN:2025-09-14;SBER:2025-06-22;SBER:2026-05-03;SBER:2026-02-11;TATN:2025-08-16;TATN:2025-07-27;TATN:2025-07-10;TATN:2026-06-06
788	20260806:788	18	0.752339	-111652.1703	-201.7311	0	ALRS:2025-03-03;ALRS:2025-04-20;GAZP:2025-03-24;LKOH:2025-03-17;MGNT:2025-03-27;MOEX:2026-02-19;MOEX:2025-02-27;MOEX:2025-03-04;NVTK:2026-04-21;ROSN:2026-05-04;ROSN:2025-04-08;SBER:2025-04-11;SBER:2026-05-28;SBER:2025-08-14;TATN:2026-03-14;TATN:2026-02-17;TATN:2026-06-18;TATN:2026-02-08
789	20260806:789	18	0.341036	-229401.5945	-32.7181	0	ALRS:2026-02-08;ALRS:2025-09-13;GAZP:2026-01-31;LKOH:2025-02-25;MGNT:2025-04-23;MOEX:2025-05-01;MOEX:2026-01-23;MOEX:2026-02-10;NVTK:2025-08-13;ROSN:2026-03-19;ROSN:2025-02-06;SBER:2025-08-24;SBER:2025-08-06;SBER:2025-08-23;TATN:2025-02-25;TATN:2026-03-18;TATN:2026-06-02;TATN:2025-04-25
790	20260806:790	18	0.661174	-133461.4817	-129.0391	0	ALRS:2026-02-20;ALRS:2025-01-15;GAZP:2025-11-26;LKOH:2025-04-09;MGNT:2026-02-23;MOEX:2025-02-27;MOEX:2026-06-05;MOEX:2026-01-15;NVTK:2026-04-10;ROSN:2026-04-25;ROSN:2026-06-03;SBER:2026-07-05;SBER:2025-04-08;SBER:2025-05-16;TATN:2026-06-06;TATN:2026-02-25;TATN:2025-05-04;TATN:2025-07-25
791	20260806:791	18	1.234096	52657.3695	256.6806	0	ALRS:2025-04-04;ALRS:2025-05-02;GAZP:2025-10-19;LKOH:2026-02-28;MGNT:2025-04-10;MOEX:2026-04-02;MOEX:2025-04-14;MOEX:2026-03-18;NVTK:2025-02-18;ROSN:2025-09-05;ROSN:2025-02-03;SBER:2026-05-06;SBER:2026-03-03;SBER:2025-07-12;TATN:2025-02-13;TATN:2025-01-29;TATN:2025-02-16;TATN:2025-03-30
792	20260806:792	18	0.960795	-12596.7240	-1479.5430	0	ALRS:2025-08-23;ALRS:2025-08-23;GAZP:2026-03-15;LKOH:2025-03-02;MGNT:2026-02-25;MOEX:2025-03-16;MOEX:2025-11-25;MOEX:2026-04-13;NVTK:2026-02-22;ROSN:2025-02-06;ROSN:2026-03-13;SBER:2026-04-27;SBER:2026-03-01;SBER:2026-05-29;TATN:2026-06-14;TATN:2025-01-14;TATN:2026-02-11;TATN:2026-06-04
793	20260806:793	18	0.719501	-127032.1323	-126.7854	0	ALRS:2025-01-23;ALRS:2025-01-21;GAZP:2026-03-23;LKOH:2025-01-08;MGNT:2026-03-09;MOEX:2025-05-02;MOEX:2026-04-24;MOEX:2025-03-17;NVTK:2026-03-27;ROSN:2025-04-03;ROSN:2026-03-24;SBER:2025-03-29;SBER:2026-02-05;SBER:2025-04-05;TATN:2026-04-13;TATN:2025-02-23;TATN:2026-06-16;TATN:2026-04-27
794	20260806:794	18	0.441539	-157614.9373	-50.9376	0	ALRS:2025-03-13;ALRS:2026-01-28;GAZP:2026-03-22;LKOH:2025-08-16;MGNT:2025-03-11;MOEX:2025-02-12;MOEX:2025-07-01;MOEX:2025-12-15;NVTK:2025-03-15;ROSN:2026-03-15;ROSN:2025-03-25;SBER:2025-12-09;SBER:2025-04-17;SBER:2026-03-14;TATN:2026-04-06;TATN:2025-07-27;TATN:2025-07-25;TATN:2026-05-15
795	20260806:795	18	0.825221	-68737.6926	-295.0781	0	ALRS:2025-01-22;ALRS:2025-08-05;GAZP:2026-03-22;LKOH:2025-03-31;MGNT:2026-03-26;MOEX:2025-05-07;MOEX:2026-02-10;MOEX:2026-05-17;NVTK:2025-04-01;ROSN:2026-04-04;ROSN:2025-09-28;SBER:2026-06-29;SBER:2025-07-14;SBER:2025-08-17;TATN:2025-05-09;TATN:2025-07-26;TATN:2025-07-22;TATN:2025-07-29
796	20260806:796	18	0.222407	-314985.4985	-20.2139	0	ALRS:2025-03-24;ALRS:2025-03-16;GAZP:2026-02-12;LKOH:2026-03-10;MGNT:2026-01-27;MOEX:2025-03-12;MOEX:2026-04-18;MOEX:2026-05-26;NVTK:2025-08-29;ROSN:2025-09-10;ROSN:2026-01-30;SBER:2025-04-02;SBER:2025-07-21;SBER:2026-04-13;TATN:2025-08-17;TATN:2025-04-20;TATN:2026-03-13;TATN:2025-05-18
797	20260806:797	18	0.511446	-186212.9031	-85.5022	0	ALRS:2025-09-13;ALRS:2025-08-18;GAZP:2026-04-07;LKOH:2026-04-04;MGNT:2025-02-27;MOEX:2026-06-11;MOEX:2026-04-22;MOEX:2026-01-20;NVTK:2025-06-25;ROSN:2026-04-30;ROSN:2026-05-14;SBER:2026-06-24;SBER:2025-04-14;SBER:2026-05-05;TATN:2025-11-20;TATN:2026-02-20;TATN:2025-06-06;TATN:2025-07-05
798	20260806:798	18	0.249083	-346816.9539	-20.1151	0	ALRS:2025-04-29;ALRS:2025-02-20;GAZP:2025-05-01;LKOH:2026-03-22;MGNT:2026-03-25;MOEX:2025-02-19;MOEX:2025-02-27;MOEX:2025-04-02;NVTK:2025-09-17;ROSN:2025-09-07;ROSN:2026-03-23;SBER:2026-01-19;SBER:2025-04-13;SBER:2026-03-23;TATN:2026-06-21;TATN:2025-02-03;TATN:2025-06-30;TATN:2025-02-20
799	20260806:799	18	0.706165	-126743.5582	-150.5060	0	ALRS:2025-03-26;ALRS:2025-04-29;GAZP:2026-04-18;LKOH:2026-04-03;MGNT:2026-04-11;MOEX:2025-02-13;MOEX:2025-05-10;MOEX:2025-03-01;NVTK:2025-04-08;ROSN:2026-05-23;ROSN:2025-01-14;SBER:2026-01-29;SBER:2025-02-03;SBER:2025-05-06;TATN:2025-02-03;TATN:2025-06-29;TATN:2025-01-16;TATN:2026-05-07
800	20260806:800	18	0.558486	-131899.2990	-105.5017	0	ALRS:2025-09-14;ALRS:2025-08-22;GAZP:2026-01-28;LKOH:2025-01-02;MGNT:2025-05-11;MOEX:2025-12-22;MOEX:2026-05-18;MOEX:2025-02-19;NVTK:2026-03-05;ROSN:2025-04-12;ROSN:2026-05-29;SBER:2025-07-12;SBER:2025-06-26;SBER:2025-04-28;TATN:2025-07-29;TATN:2025-01-12;TATN:2026-04-17;TATN:2025-04-25
801	20260806:801	18	0.405385	-360597.3363	-49.0285	0	ALRS:2025-03-23;ALRS:2026-02-28;GAZP:2025-11-28;LKOH:2025-02-27;MGNT:2025-05-03;MOEX:2025-04-04;MOEX:2025-04-10;MOEX:2026-06-03;NVTK:2026-03-26;ROSN:2026-02-26;ROSN:2026-06-02;SBER:2026-07-07;SBER:2026-04-14;SBER:2025-09-07;TATN:2026-06-04;TATN:2025-01-12;TATN:2026-06-12;TATN:2026-06-06
802	20260806:802	18	0.523641	-163967.6432	-90.6038	0	ALRS:2025-04-28;ALRS:2026-02-10;GAZP:2025-01-27;LKOH:2025-04-16;MGNT:2026-01-23;MOEX:2025-03-20;MOEX:2025-05-13;MOEX:2026-03-16;NVTK:2025-02-23;ROSN:2026-03-24;ROSN:2025-08-03;SBER:2026-01-25;SBER:2025-05-31;SBER:2025-07-07;TATN:2025-04-22;TATN:2025-08-11;TATN:2026-02-28;TATN:2025-03-11
803	20260806:803	18	0.443626	-228459.8032	-67.8398	0	ALRS:2025-03-01;ALRS:2025-03-11;GAZP:2025-05-31;LKOH:2025-04-20;MGNT:2025-03-19;MOEX:2026-02-23;MOEX:2025-03-05;MOEX:2025-02-04;NVTK:2025-02-27;ROSN:2026-04-22;ROSN:2025-02-09;SBER:2025-06-23;SBER:2025-09-02;SBER:2026-05-14;TATN:2025-06-18;TATN:2026-04-08;TATN:2025-01-19;TATN:2025-08-19
804	20260806:804	18	0.703550	-86231.6840	-182.5508	0	ALRS:2025-02-17;ALRS:2026-02-01;GAZP:2025-08-15;LKOH:2026-03-11;MGNT:2025-02-17;MOEX:2025-03-17;MOEX:2026-02-12;MOEX:2026-03-05;NVTK:2025-06-07;ROSN:2025-10-08;ROSN:2026-02-21;SBER:2026-06-12;SBER:2025-11-28;SBER:2025-07-26;TATN:2025-05-15;TATN:2026-02-08;TATN:2025-01-05;TATN:2025-01-08
805	20260806:805	18	1.558280	160694.3994	136.5753	0	ALRS:2025-02-03;ALRS:2025-03-09;GAZP:2025-01-16;LKOH:2026-04-06;MGNT:2026-01-24;MOEX:2026-01-16;MOEX:2026-03-10;MOEX:2025-03-20;NVTK:2025-08-06;ROSN:2025-04-05;ROSN:2025-04-13;SBER:2025-03-03;SBER:2025-07-20;SBER:2025-01-26;TATN:2025-02-23;TATN:2025-03-24;TATN:2025-08-11;TATN:2026-03-09
806	20260806:806	18	0.203391	-315171.3066	-22.6818	0	ALRS:2025-03-16;ALRS:2025-05-15;GAZP:2025-04-15;LKOH:2026-03-10;MGNT:2026-03-12;MOEX:2026-01-26;MOEX:2025-11-19;MOEX:2026-04-16;NVTK:2025-05-15;ROSN:2025-03-02;ROSN:2025-01-08;SBER:2025-02-23;SBER:2026-04-30;SBER:2026-06-26;TATN:2025-01-02;TATN:2026-05-22;TATN:2025-06-14;TATN:2026-06-08
807	20260806:807	18	0.744385	-104872.9794	-209.0398	0	ALRS:2025-04-21;ALRS:2026-02-03;GAZP:2025-10-28;LKOH:2026-04-03;MGNT:2026-02-25;MOEX:2025-05-06;MOEX:2026-01-20;MOEX:2026-06-03;NVTK:2026-04-16;ROSN:2026-02-25;ROSN:2025-09-02;SBER:2025-04-02;SBER:2025-05-11;SBER:2025-07-04;TATN:2025-04-04;TATN:2025-05-21;TATN:2026-06-03;TATN:2025-03-25
808	20260806:808	18	0.519513	-221774.6818	-50.3258	0	ALRS:2025-04-27;ALRS:2025-05-18;GAZP:2025-11-14;LKOH:2026-02-28;MGNT:2026-02-03;MOEX:2026-04-26;MOEX:2026-06-04;MOEX:2026-01-26;NVTK:2026-03-18;ROSN:2026-03-16;ROSN:2025-01-12;SBER:2025-06-13;SBER:2025-08-04;SBER:2025-11-24;TATN:2025-03-19;TATN:2025-03-26;TATN:2026-05-29;TATN:2026-05-14
809	20260806:809	18	0.225511	-339199.8928	-16.4614	0	ALRS:2025-05-17;ALRS:2025-03-25;GAZP:2025-12-12;LKOH:2026-02-28;MGNT:2026-03-12;MOEX:2026-01-22;MOEX:2025-12-10;MOEX:2026-01-20;NVTK:2025-12-14;ROSN:2025-08-16;ROSN:2025-08-27;SBER:2025-01-19;SBER:2026-02-16;SBER:2025-08-03;TATN:2025-03-05;TATN:2025-01-09;TATN:2025-03-27;TATN:2025-05-16
810	20260806:810	18	0.640207	-77982.9510	-96.4574	0	ALRS:2025-08-14;ALRS:2025-04-07;GAZP:2025-01-02;LKOH:2025-09-04;MGNT:2026-01-22;MOEX:2026-02-09;MOEX:2026-01-22;MOEX:2026-01-29;NVTK:2025-08-22;ROSN:2025-08-26;ROSN:2025-11-19;SBER:2025-09-17;SBER:2025-02-23;SBER:2025-05-05;TATN:2025-03-29;TATN:2025-06-07;TATN:2025-01-12;TATN:2026-03-27
811	20260806:811	18	0.484569	-210729.0272	-58.0546	0	ALRS:2025-03-19;ALRS:2025-09-09;GAZP:2025-11-13;LKOH:2025-01-16;MGNT:2025-04-11;MOEX:2026-06-13;MOEX:2026-05-29;MOEX:2026-03-09;NVTK:2025-03-15;ROSN:2026-03-17;ROSN:2025-01-20;SBER:2025-06-25;SBER:2025-07-31;SBER:2025-02-24;TATN:2025-05-29;TATN:2025-08-06;TATN:2025-08-18;TATN:2026-06-03
812	20260806:812	18	0.052745	-448316.3059	-4.8775	0	ALRS:2026-03-10;ALRS:2025-08-07;GAZP:2025-08-21;LKOH:2025-09-02;MGNT:2025-03-15;MOEX:2026-04-13;MOEX:2025-03-15;MOEX:2026-06-03;NVTK:2025-08-15;ROSN:2026-05-12;ROSN:2026-02-21;SBER:2026-05-03;SBER:2025-03-16;SBER:2025-09-21;TATN:2026-05-26;TATN:2025-05-11;TATN:2025-01-05;TATN:2026-06-04
813	20260806:813	18	1.087201	29963.0890	798.3585	0	ALRS:2025-08-22;ALRS:2025-04-10;GAZP:2026-02-27;LKOH:2025-05-03;MGNT:2025-02-28;MOEX:2025-12-11;MOEX:2025-02-09;MOEX:2025-03-04;NVTK:2025-09-26;ROSN:2025-08-15;ROSN:2025-04-08;SBER:2025-07-28;SBER:2025-07-14;SBER:2025-07-28;TATN:2026-02-25;TATN:2026-01-29;TATN:2026-04-17;TATN:2025-03-13
814	20260806:814	18	0.551220	-178060.5583	-108.3167	0	ALRS:2025-04-10;ALRS:2025-03-10;GAZP:2025-02-16;LKOH:2026-03-22;MGNT:2026-03-05;MOEX:2026-02-12;MOEX:2026-02-23;MOEX:2025-05-06;NVTK:2025-05-03;ROSN:2025-02-25;ROSN:2025-09-26;SBER:2026-05-04;SBER:2025-03-18;SBER:2025-01-21;TATN:2026-04-27;TATN:2025-08-18;TATN:2026-01-31;TATN:2026-05-05
815	20260806:815	18	0.199878	-275262.8905	-15.5227	0	ALRS:2025-02-25;ALRS:2026-02-01;GAZP:2025-12-13;LKOH:2025-08-29;MGNT:2026-01-21;MOEX:2026-04-05;MOEX:2025-01-15;MOEX:2026-04-05;NVTK:2025-09-04;ROSN:2026-06-01;ROSN:2025-08-20;SBER:2025-06-19;SBER:2025-05-09;SBER:2025-04-24;TATN:2026-04-24;TATN:2025-07-06;TATN:2026-06-06;TATN:2026-05-21
816	20260806:816	18	0.939593	-18131.6971	-756.2330	0	ALRS:2025-02-02;ALRS:2025-02-09;GAZP:2026-02-19;LKOH:2025-01-30;MGNT:2026-03-25;MOEX:2025-02-26;MOEX:2026-06-05;MOEX:2026-04-05;NVTK:2026-05-11;ROSN:2025-02-04;ROSN:2026-02-22;SBER:2025-11-24;SBER:2025-04-10;SBER:2025-06-12;TATN:2025-08-10;TATN:2026-01-31;TATN:2026-06-14;TATN:2025-03-10
817	20260806:817	18	0.762423	-71268.4739	-197.8516	0	ALRS:2025-01-30;ALRS:2025-02-23;GAZP:2025-08-20;LKOH:2025-08-11;MGNT:2025-03-30;MOEX:2025-12-18;MOEX:2026-02-25;MOEX:2026-02-26;NVTK:2026-02-18;ROSN:2025-03-15;ROSN:2025-02-23;SBER:2026-06-10;SBER:2025-04-07;SBER:2025-03-09;TATN:2025-03-13;TATN:2025-06-08;TATN:2026-04-28;TATN:2025-03-18
818	20260806:818	18	0.478184	-181722.6718	-79.5239	0	ALRS:2025-08-06;ALRS:2026-02-15;GAZP:2025-05-12;LKOH:2025-02-13;MGNT:2025-04-20;MOEX:2025-01-26;MOEX:2025-04-25;MOEX:2026-06-05;NVTK:2025-05-11;ROSN:2025-03-01;ROSN:2025-03-28;SBER:2025-03-04;SBER:2026-02-18;SBER:2026-02-01;TATN:2025-01-30;TATN:2025-08-15;TATN:2025-03-09;TATN:2026-02-09
819	20260806:819	18	1.061960	19940.2381	876.6050	0	ALRS:2025-04-27;ALRS:2025-05-16;GAZP:2026-02-10;LKOH:2025-01-27;MGNT:2025-03-27;MOEX:2025-11-20;MOEX:2025-12-16;MOEX:2025-05-13;NVTK:2025-04-13;ROSN:2025-09-28;ROSN:2025-08-12;SBER:2026-07-09;SBER:2025-08-16;SBER:2025-01-23;TATN:2025-08-13;TATN:2025-05-20;TATN:2025-02-12;TATN:2025-04-03
820	20260806:820	18	0.235491	-366296.1495	-25.7371	0	ALRS:2025-02-25;ALRS:2025-01-21;GAZP:2026-03-29;LKOH:2025-08-30;MGNT:2025-04-17;MOEX:2025-01-21;MOEX:2025-03-24;MOEX:2026-04-01;NVTK:2025-05-11;ROSN:2026-04-23;ROSN:2026-03-12;SBER:2026-03-05;SBER:2026-02-23;SBER:2025-08-26;TATN:2025-05-15;TATN:2026-04-06;TATN:2025-03-03;TATN:2025-05-21
821	20260806:821	18	0.556256	-225092.9199	-79.4319	0	ALRS:2025-08-11;ALRS:2025-05-13;GAZP:2025-05-10;LKOH:2025-02-18;MGNT:2026-03-03;MOEX:2026-05-27;MOEX:2025-02-09;MOEX:2026-06-02;NVTK:2026-03-26;ROSN:2026-05-02;ROSN:2025-02-06;SBER:2025-02-09;SBER:2025-07-12;SBER:2025-07-14;TATN:2026-06-17;TATN:2026-05-28;TATN:2026-05-22;TATN:2025-08-05
822	20260806:822	18	0.793961	-63999.8229	-171.5373	0	ALRS:2026-01-28;ALRS:2025-05-10;GAZP:2025-07-24;LKOH:2025-03-23;MGNT:2025-03-05;MOEX:2025-04-07;MOEX:2026-03-16;MOEX:2025-11-23;NVTK:2025-01-14;ROSN:2025-08-04;ROSN:2025-03-12;SBER:2025-02-19;SBER:2026-02-27;SBER:2026-04-12;TATN:2025-02-20;TATN:2025-04-29;TATN:2025-06-10;TATN:2025-04-06
823	20260806:823	18	0.717619	-112749.5605	-137.3574	0	ALRS:2025-01-23;ALRS:2025-02-04;GAZP:2026-03-31;LKOH:2025-01-30;MGNT:2025-05-14;MOEX:2025-04-01;MOEX:2026-01-16;MOEX:2026-04-26;NVTK:2025-02-02;ROSN:2025-03-13;ROSN:2025-08-17;SBER:2026-04-18;SBER:2025-06-25;SBER:2026-07-08;TATN:2025-04-16;TATN:2025-06-10;TATN:2026-06-01;TATN:2026-04-05
824	20260806:824	18	0.964945	-14200.4868	-1450.6871	0	ALRS:2025-01-26;ALRS:2025-09-08;GAZP:2026-03-02;LKOH:2025-04-15;MGNT:2026-04-07;MOEX:2025-03-10;MOEX:2025-03-04;MOEX:2026-03-01;NVTK:2025-10-13;ROSN:2025-08-24;ROSN:2025-02-23;SBER:2025-07-31;SBER:2025-02-03;SBER:2025-04-08;TATN:2026-05-26;TATN:2025-04-27;TATN:2026-05-24;TATN:2025-01-07
825	20260806:825	18	0.399473	-297157.9255	-44.8642	0	ALRS:2025-08-10;ALRS:2025-04-01;GAZP:2026-03-09;LKOH:2025-04-29;MGNT:2025-03-06;MOEX:2025-03-11;MOEX:2026-06-10;MOEX:2025-02-24;NVTK:2025-12-26;ROSN:2026-04-10;ROSN:2026-05-29;SBER:2025-02-17;SBER:2025-03-11;SBER:2026-02-03;TATN:2025-05-13;TATN:2026-05-07;TATN:2026-05-27;TATN:2026-04-29
826	20260806:826	18	0.445042	-247673.1513	-64.0599	0	ALRS:2025-05-10;ALRS:2025-09-09;GAZP:2025-10-27;LKOH:2026-03-10;MGNT:2025-04-21;MOEX:2025-03-25;MOEX:2026-03-08;MOEX:2025-04-23;NVTK:2025-09-22;ROSN:2026-03-22;ROSN:2025-08-17;SBER:2026-06-09;SBER:2026-06-17;SBER:2025-04-07;TATN:2025-04-02;TATN:2025-03-03;TATN:2026-04-05;TATN:2025-06-01
827	20260806:827	18	0.129911	-373804.8113	-11.4081	0	ALRS:2026-01-29;ALRS:2025-03-06;GAZP:2025-03-28;LKOH:2026-03-22;MGNT:2026-03-05;MOEX:2026-04-08;MOEX:2026-02-03;MOEX:2026-04-17;NVTK:2025-08-27;ROSN:2025-08-14;ROSN:2026-04-10;SBER:2025-02-12;SBER:2025-03-06;SBER:2026-02-19;TATN:2025-03-18;TATN:2026-05-13;TATN:2026-05-27;TATN:2026-06-09
828	20260806:828	18	0.087942	-367614.6188	-7.6442	0	ALRS:2026-02-24;ALRS:2026-02-02;GAZP:2025-12-19;LKOH:2026-03-12;MGNT:2025-03-16;MOEX:2026-02-01;MOEX:2026-03-27;MOEX:2025-05-02;NVTK:2026-03-14;ROSN:2025-04-16;ROSN:2025-02-20;SBER:2025-03-09;SBER:2026-03-05;SBER:2025-05-22;TATN:2025-03-18;TATN:2026-01-31;TATN:2025-04-26;TATN:2026-03-25
829	20260806:829	18	0.659270	-100286.7397	-149.6526	0	ALRS:2025-04-11;ALRS:2025-04-20;GAZP:2026-02-03;LKOH:2025-03-27;MGNT:2026-03-01;MOEX:2026-04-07;MOEX:2025-03-27;MOEX:2025-12-12;NVTK:2026-03-27;ROSN:2025-04-11;ROSN:2026-03-08;SBER:2025-07-18;SBER:2025-04-25;SBER:2025-03-20;TATN:2025-03-14;TATN:2026-02-11;TATN:2025-05-06;TATN:2025-02-23
830	20260806:830	18	0.510146	-180742.9299	-93.2713	0	ALRS:2025-08-19;ALRS:2026-02-04;GAZP:2025-10-19;LKOH:2025-09-13;MGNT:2025-04-03;MOEX:2025-03-05;MOEX:2025-11-23;MOEX:2025-01-15;NVTK:2025-05-07;ROSN:2025-08-20;ROSN:2026-04-18;SBER:2026-06-23;SBER:2025-09-16;SBER:2025-07-03;TATN:2026-02-20;TATN:2025-04-06;TATN:2026-05-17;TATN:2025-04-29
831	20260806:831	18	2.498947	273357.6452	68.9561	0	ALRS:2025-04-15;ALRS:2025-04-16;GAZP:2025-08-11;LKOH:2026-03-23;MGNT:2025-02-04;MOEX:2025-12-11;MOEX:2025-04-15;MOEX:2026-06-05;NVTK:2025-09-10;ROSN:2025-02-02;ROSN:2025-01-30;SBER:2025-05-14;SBER:2025-03-01;SBER:2026-07-03;TATN:2025-04-20;TATN:2026-05-15;TATN:2026-02-26;TATN:2026-03-13
832	20260806:832	18	0.066923	-337232.9000	-6.9749	0	ALRS:2026-02-28;ALRS:2025-02-28;GAZP:2026-05-18;LKOH:2025-04-15;MGNT:2025-02-24;MOEX:2026-05-20;MOEX:2026-03-22;MOEX:2026-04-25;NVTK:2025-10-22;ROSN:2025-04-16;ROSN:2026-03-11;SBER:2025-06-03;SBER:2025-03-19;SBER:2025-11-28;TATN:2025-06-04;TATN:2025-11-20;TATN:2025-04-10;TATN:2025-08-16
833	20260806:833	18	0.484707	-196038.5803	-42.9597	0	ALRS:2025-03-02;ALRS:2025-04-05;GAZP:2025-02-16;LKOH:2025-04-01;MGNT:2026-03-31;MOEX:2026-03-29;MOEX:2026-02-19;MOEX:2026-03-03;NVTK:2025-12-12;ROSN:2026-03-05;ROSN:2025-08-10;SBER:2025-05-05;SBER:2025-07-23;SBER:2025-04-25;TATN:2026-03-10;TATN:2025-03-29;TATN:2025-08-06;TATN:2026-06-01
834	20260806:834	18	0.475129	-225075.5506	-69.3512	0	ALRS:2025-03-09;ALRS:2025-08-21;GAZP:2025-03-24;LKOH:2025-03-14;MGNT:2025-01-29;MOEX:2026-03-31;MOEX:2025-11-20;MOEX:2026-01-22;NVTK:2026-04-02;ROSN:2026-03-30;ROSN:2026-03-26;SBER:2026-03-15;SBER:2025-07-02;SBER:2025-07-03;TATN:2025-05-01;TATN:2026-04-10;TATN:2026-06-05;TATN:2026-02-16
835	20260806:835	18	1.962111	237228.6436	85.1158	0	ALRS:2025-09-10;ALRS:2025-01-19;GAZP:2026-03-09;LKOH:2026-03-29;MGNT:2026-02-23;MOEX:2026-06-07;MOEX:2026-04-24;MOEX:2025-11-19;NVTK:2026-03-08;ROSN:2026-05-13;ROSN:2025-09-10;SBER:2026-02-24;SBER:2026-03-24;SBER:2025-08-12;TATN:2026-04-05;TATN:2026-02-15;TATN:2026-05-06;TATN:2026-05-01
836	20260806:836	18	0.519698	-183509.1602	-79.6571	0	ALRS:2025-02-23;ALRS:2025-04-02;GAZP:2025-08-13;LKOH:2025-01-14;MGNT:2025-04-11;MOEX:2025-04-14;MOEX:2026-05-19;MOEX:2025-01-22;NVTK:2026-03-23;ROSN:2025-03-27;ROSN:2025-08-18;SBER:2025-03-25;SBER:2025-05-10;SBER:2025-07-12;TATN:2026-03-30;TATN:2026-03-14;TATN:2025-07-08;TATN:2025-03-15
837	20260806:837	18	2.221017	282762.5097	80.2209	0	ALRS:2025-04-04;ALRS:2025-09-15;GAZP:2026-01-27;LKOH:2025-03-06;MGNT:2025-03-26;MOEX:2025-01-28;MOEX:2026-02-19;MOEX:2025-03-23;NVTK:2025-04-09;ROSN:2025-03-15;ROSN:2025-04-24;SBER:2025-05-04;SBER:2026-06-28;SBER:2025-07-25;TATN:2025-01-12;TATN:2025-08-03;TATN:2025-06-19;TATN:2026-02-21
838	20260806:838	18	0.946234	-20020.4415	-1141.7480	0	ALRS:2025-01-21;ALRS:2025-04-26;GAZP:2025-03-02;LKOH:2026-03-18;MGNT:2025-03-17;MOEX:2025-02-23;MOEX:2025-01-29;MOEX:2026-02-03;NVTK:2025-09-09;ROSN:2026-04-02;ROSN:2026-03-16;SBER:2025-06-02;SBER:2026-05-31;SBER:2026-03-10;TATN:2025-07-30;TATN:2025-06-30;TATN:2026-03-26;TATN:2025-04-24
839	20260806:839	18	0.226964	-374141.6636	-23.4805	0	ALRS:2025-08-16;ALRS:2025-03-11;GAZP:2025-05-20;LKOH:2025-02-23;MGNT:2025-04-08;MOEX:2026-03-16;MOEX:2026-05-29;MOEX:2025-12-15;NVTK:2025-11-17;ROSN:2025-04-28;ROSN:2025-09-15;SBER:2026-02-25;SBER:2025-02-28;SBER:2026-01-30;TATN:2025-05-06;TATN:2025-03-27;TATN:2025-02-23;TATN:2025-03-27
840	20260806:840	18	1.286052	86935.0776	261.5543	0	ALRS:2026-02-25;ALRS:2025-04-25;GAZP:2026-02-06;LKOH:2026-04-29;MGNT:2026-02-12;MOEX:2026-04-24;MOEX:2025-02-27;MOEX:2026-04-11;NVTK:2025-10-18;ROSN:2025-01-22;ROSN:2026-06-03;SBER:2025-02-03;SBER:2025-03-12;SBER:2026-06-28;TATN:2025-02-18;TATN:2026-02-11;TATN:2025-04-16;TATN:2025-04-06
841	20260806:841	18	0.804499	-52639.1900	-267.0317	0	ALRS:2025-02-18;ALRS:2025-09-17;GAZP:2026-05-10;LKOH:2025-03-12;MGNT:2025-04-02;MOEX:2025-12-20;MOEX:2026-02-20;MOEX:2026-04-07;NVTK:2026-01-25;ROSN:2026-04-16;ROSN:2025-04-14;SBER:2026-05-05;SBER:2026-03-05;SBER:2025-03-26;TATN:2025-08-05;TATN:2025-08-11;TATN:2025-07-10;TATN:2026-01-28
842	20260806:842	18	0.601012	-112239.4432	-98.3294	0	ALRS:2025-04-21;ALRS:2025-08-19;GAZP:2026-04-30;LKOH:2025-05-16;MGNT:2025-04-03;MOEX:2025-02-26;MOEX:2025-05-10;MOEX:2025-01-16;NVTK:2025-01-26;ROSN:2026-06-03;ROSN:2025-10-06;SBER:2026-01-22;SBER:2026-05-17;SBER:2025-02-09;TATN:2026-03-13;TATN:2026-03-24;TATN:2025-06-08;TATN:2025-06-15
843	20260806:843	18	0.746453	-43868.2298	-175.3752	0	ALRS:2026-03-15;ALRS:2025-04-24;GAZP:2025-12-04;LKOH:2025-04-16;MGNT:2026-02-17;MOEX:2025-12-15;MOEX:2025-11-19;MOEX:2025-03-30;NVTK:2025-01-28;ROSN:2025-01-23;ROSN:2026-03-10;SBER:2025-11-20;SBER:2025-07-12;SBER:2025-07-10;TATN:2025-01-02;TATN:2025-01-22;TATN:2025-04-10;TATN:2025-07-01
844	20260806:844	18	2.919304	336897.1556	72.8795	0	ALRS:2025-04-12;ALRS:2025-01-29;GAZP:2025-11-23;LKOH:2025-01-08;MGNT:2025-05-06;MOEX:2025-02-23;MOEX:2025-03-28;MOEX:2025-03-05;NVTK:2025-11-27;ROSN:2026-02-24;ROSN:2026-03-16;SBER:2025-06-14;SBER:2026-06-27;SBER:2026-02-01;TATN:2026-02-15;TATN:2026-04-09;TATN:2025-07-07;TATN:2025-01-21
845	20260806:845	18	0.384695	-280331.5553	-33.3875	0	ALRS:2026-02-27;ALRS:2025-09-13;GAZP:2025-03-01;LKOH:2026-04-06;MGNT:2026-04-01;MOEX:2025-05-10;MOEX:2025-04-11;MOEX:2026-02-19;NVTK:2026-01-14;ROSN:2026-06-02;ROSN:2026-01-27;SBER:2025-06-23;SBER:2026-07-04;SBER:2025-11-25;TATN:2025-01-12;TATN:2025-09-29;TATN:2026-05-13;TATN:2026-04-08
846	20260806:846	18	0.382551	-235121.6776	-33.1174	0	ALRS:2025-03-17;ALRS:2025-08-15;GAZP:2025-05-07;LKOH:2025-03-18;MGNT:2026-02-25;MOEX:2025-05-09;MOEX:2025-02-13;MOEX:2025-02-11;NVTK:2025-10-14;ROSN:2025-03-06;ROSN:2026-04-09;SBER:2026-03-26;SBER:2026-02-01;SBER:2026-06-29;TATN:2026-06-01;TATN:2026-03-10;TATN:2026-05-18;TATN:2025-01-30
847	20260806:847	18	0.254485	-332523.1522	-22.7089	0	ALRS:2025-04-27;ALRS:2025-04-10;GAZP:2025-03-23;LKOH:2025-04-17;MGNT:2026-04-02;MOEX:2026-06-12;MOEX:2025-03-05;MOEX:2025-04-09;NVTK:2025-11-04;ROSN:2025-09-06;ROSN:2026-03-11;SBER:2026-05-06;SBER:2025-05-18;SBER:2026-06-13;TATN:2025-04-25;TATN:2025-06-17;TATN:2025-03-20;TATN:2025-08-18
848	20260806:848	18	0.668272	-128931.3404	-143.4574	0	ALRS:2025-08-14;ALRS:2025-08-23;GAZP:2025-03-27;LKOH:2025-04-09;MGNT:2025-05-11;MOEX:2025-04-26;MOEX:2025-05-04;MOEX:2026-05-29;NVTK:2025-07-04;ROSN:2026-05-29;ROSN:2026-04-16;SBER:2025-01-19;SBER:2025-06-04;SBER:2025-01-22;TATN:2025-03-18;TATN:2026-03-22;TATN:2025-07-23;TATN:2025-08-04
849	20260806:849	18	0.663230	-139721.8294	-119.2543	0	ALRS:2025-08-10;ALRS:2025-08-06;GAZP:2025-08-14;LKOH:2026-03-11;MGNT:2025-03-17;MOEX:2025-02-09;MOEX:2025-04-06;MOEX:2026-01-13;NVTK:2026-04-02;ROSN:2026-04-18;ROSN:2026-05-12;SBER:2025-05-18;SBER:2025-11-30;SBER:2025-09-05;TATN:2026-03-11;TATN:2026-05-17;TATN:2025-03-24;TATN:2026-04-01
850	20260806:850	18	0.701960	-115936.8541	-174.7086	0	ALRS:2026-02-21;ALRS:2025-01-19;GAZP:2025-01-26;LKOH:2026-04-11;MGNT:2026-01-23;MOEX:2025-03-17;MOEX:2026-05-22;MOEX:2025-02-03;NVTK:2025-11-20;ROSN:2026-04-12;ROSN:2026-05-26;SBER:2025-06-22;SBER:2026-01-16;SBER:2025-03-18;TATN:2026-04-16;TATN:2026-06-06;TATN:2025-05-22;TATN:2025-03-14
851	20260806:851	18	0.170066	-320869.4603	-19.5265	0	ALRS:2025-03-24;ALRS:2026-02-23;GAZP:2025-11-24;LKOH:2025-09-12;MGNT:2026-02-08;MOEX:2025-05-13;MOEX:2025-05-13;MOEX:2026-01-16;NVTK:2025-04-24;ROSN:2025-04-22;ROSN:2025-01-02;SBER:2025-09-03;SBER:2026-05-03;SBER:2026-06-05;TATN:2025-06-27;TATN:2025-05-02;TATN:2025-05-10;TATN:2026-06-04
852	20260806:852	18	0.091540	-394348.5966	-6.6878	0	ALRS:2026-02-16;ALRS:2025-05-07;GAZP:2026-02-22;LKOH:2025-02-25;MGNT:2025-04-28;MOEX:2025-03-02;MOEX:2026-02-27;MOEX:2026-02-15;NVTK:2025-10-19;ROSN:2025-08-22;ROSN:2026-04-14;SBER:2025-09-16;SBER:2025-08-24;SBER:2026-04-29;TATN:2025-05-05;TATN:2025-09-27;TATN:2025-02-09;TATN:2025-01-26
853	20260806:853	18	0.377746	-233405.6165	-35.5071	0	ALRS:2025-03-01;ALRS:2025-09-13;GAZP:2026-02-22;LKOH:2025-05-02;MGNT:2025-04-08;MOEX:2025-03-09;MOEX:2025-03-03;MOEX:2026-03-14;NVTK:2025-02-16;ROSN:2025-01-27;ROSN:2026-05-18;SBER:2025-12-04;SBER:2025-03-12;SBER:2026-04-14;TATN:2025-05-09;TATN:2026-03-12;TATN:2026-04-08;TATN:2026-05-11
854	20260806:854	18	1.783560	237780.9357	111.0852	0	ALRS:2025-03-30;ALRS:2025-01-29;GAZP:2025-07-30;LKOH:2025-03-09;MGNT:2026-03-31;MOEX:2025-11-19;MOEX:2025-05-03;MOEX:2025-02-04;NVTK:2026-02-07;ROSN:2025-09-02;ROSN:2025-09-17;SBER:2025-07-14;SBER:2025-05-28;SBER:2026-05-13;TATN:2025-05-21;TATN:2026-06-03;TATN:2026-05-02;TATN:2026-02-17
855	20260806:855	18	0.550666	-192724.6418	-104.2367	0	ALRS:2025-08-16;ALRS:2026-03-01;GAZP:2025-08-03;LKOH:2026-02-28;MGNT:2025-04-25;MOEX:2025-05-07;MOEX:2025-07-01;MOEX:2026-02-07;NVTK:2026-03-18;ROSN:2026-04-10;ROSN:2026-02-18;SBER:2025-03-30;SBER:2025-02-06;SBER:2026-05-03;TATN:2025-02-28;TATN:2025-11-20;TATN:2025-03-20;TATN:2025-07-01
856	20260806:856	18	0.422388	-213581.6281	-49.0934	0	ALRS:2025-02-06;ALRS:2026-03-08;GAZP:2026-02-27;LKOH:2025-03-27;MGNT:2025-05-14;MOEX:2026-03-01;MOEX:2026-04-03;MOEX:2026-04-18;NVTK:2026-03-08;ROSN:2026-05-13;ROSN:2025-10-08;SBER:2025-03-23;SBER:2026-06-10;SBER:2025-05-27;TATN:2025-01-19;TATN:2026-05-22;TATN:2026-05-13;TATN:2026-05-20
857	20260806:857	18	0.197756	-362138.7272	-21.4039	0	ALRS:2025-03-10;ALRS:2025-09-14;GAZP:2025-08-26;LKOH:2026-04-04;MGNT:2025-05-07;MOEX:2025-03-31;MOEX:2026-03-05;MOEX:2026-02-19;NVTK:2026-01-15;ROSN:2026-03-12;ROSN:2026-05-28;SBER:2025-12-09;SBER:2026-04-16;SBER:2025-03-06;TATN:2025-05-28;TATN:2025-06-27;TATN:2025-03-25;TATN:2025-05-22
858	20260806:858	18	0.400893	-256196.2128	-51.8034	0	ALRS:2025-04-16;ALRS:2025-04-20;GAZP:2025-08-30;LKOH:2025-02-02;MGNT:2026-02-16;MOEX:2025-05-12;MOEX:2026-05-22;MOEX:2025-04-13;NVTK:2026-05-17;ROSN:2026-02-20;ROSN:2026-05-30;SBER:2025-03-23;SBER:2025-03-26;SBER:2026-03-10;TATN:2026-05-07;TATN:2026-03-08;TATN:2025-05-03;TATN:2025-09-26
859	20260806:859	18	2.058130	227214.5176	107.2359	0	ALRS:2026-02-04;ALRS:2025-03-11;GAZP:2025-12-11;LKOH:2025-03-20;MGNT:2025-02-06;MOEX:2026-04-09;MOEX:2025-02-06;MOEX:2025-02-16;NVTK:2025-01-16;ROSN:2025-03-31;ROSN:2026-05-07;SBER:2025-09-07;SBER:2026-05-05;SBER:2025-04-04;TATN:2025-06-04;TATN:2025-07-28;TATN:2025-07-19;TATN:2025-02-13
860	20260806:860	18	0.312636	-357215.9677	-37.9827	0	ALRS:2025-08-13;ALRS:2025-04-01;GAZP:2025-11-19;LKOH:2025-02-04;MGNT:2026-03-03;MOEX:2025-11-20;MOEX:2025-05-02;MOEX:2025-02-24;NVTK:2026-04-13;ROSN:2025-03-10;ROSN:2025-04-29;SBER:2025-09-17;SBER:2025-01-27;SBER:2026-05-12;TATN:2026-04-17;TATN:2025-05-20;TATN:2025-02-25;TATN:2026-04-14
861	20260806:861	18	0.613868	-125167.0285	-94.2778	0	ALRS:2025-02-12;ALRS:2026-02-01;GAZP:2025-04-07;LKOH:2025-02-16;MGNT:2026-03-23;MOEX:2026-04-17;MOEX:2025-04-28;MOEX:2025-05-01;NVTK:2025-08-11;ROSN:2026-03-13;ROSN:2026-04-04;SBER:2025-06-28;SBER:2025-08-03;SBER:2025-06-13;TATN:2025-04-20;TATN:2025-08-18;TATN:2026-04-18;TATN:2026-05-13
862	20260806:862	18	0.769415	-77089.0399	-172.3265	0	ALRS:2025-04-03;ALRS:2025-04-13;GAZP:2026-04-08;LKOH:2025-02-10;MGNT:2026-03-19;MOEX:2025-03-19;MOEX:2026-04-05;MOEX:2025-02-10;NVTK:2026-03-16;ROSN:2025-01-19;ROSN:2025-01-16;SBER:2025-09-05;SBER:2026-01-26;SBER:2026-01-27;TATN:2025-08-10;TATN:2025-04-07;TATN:2025-03-26;TATN:2026-03-29
863	20260806:863	18	0.917505	-24414.4451	-524.6531	0	ALRS:2026-03-01;ALRS:2026-02-18;GAZP:2025-11-19;LKOH:2025-08-18;MGNT:2026-02-20;MOEX:2025-01-26;MOEX:2025-03-11;MOEX:2026-05-12;NVTK:2026-01-27;ROSN:2025-04-07;ROSN:2026-04-10;SBER:2026-01-20;SBER:2025-02-09;SBER:2026-02-08;TATN:2026-04-11;TATN:2026-03-15;TATN:2026-03-12;TATN:2026-04-27
864	20260806:864	18	0.472638	-181724.3684	-78.8131	0	ALRS:2025-08-27;ALRS:2025-04-22;GAZP:2025-08-04;LKOH:2026-03-12;MGNT:2025-03-31;MOEX:2025-02-19;MOEX:2026-02-24;MOEX:2026-01-22;NVTK:2025-08-17;ROSN:2026-04-05;ROSN:2025-03-13;SBER:2025-05-10;SBER:2025-04-11;SBER:2026-02-18;TATN:2025-03-28;TATN:2025-02-05;TATN:2025-04-26;TATN:2026-04-10
865	20260806:865	18	0.374659	-170757.5019	-30.0554	0	ALRS:2025-03-04;ALRS:2025-04-05;GAZP:2026-01-29;LKOH:2025-09-02;MGNT:2025-03-16;MOEX:2026-02-19;MOEX:2025-12-10;MOEX:2025-11-25;NVTK:2025-08-16;ROSN:2025-04-15;ROSN:2025-01-16;SBER:2025-08-24;SBER:2026-05-10;SBER:2026-06-25;TATN:2025-04-14;TATN:2026-03-01;TATN:2026-06-21;TATN:2025-01-23
866	20260806:866	18	0.299899	-265288.0532	-34.8104	0	ALRS:2026-02-01;ALRS:2026-01-28;GAZP:2026-04-12;LKOH:2026-03-02;MGNT:2025-02-13;MOEX:2025-11-24;MOEX:2025-11-25;MOEX:2025-12-17;NVTK:2025-09-27;ROSN:2025-09-14;ROSN:2026-04-09;SBER:2025-02-10;SBER:2026-01-23;SBER:2026-05-30;TATN:2025-03-27;TATN:2025-08-07;TATN:2025-08-10;TATN:2026-03-25
867	20260806:867	18	0.198728	-363997.8028	-13.2656	0	ALRS:2026-02-28;ALRS:2026-01-31;GAZP:2025-05-09;LKOH:2025-01-09;MGNT:2026-03-26;MOEX:2026-02-22;MOEX:2026-01-30;MOEX:2025-03-23;NVTK:2026-01-16;ROSN:2025-03-28;ROSN:2025-08-06;SBER:2025-06-05;SBER:2025-01-13;SBER:2025-04-12;TATN:2025-07-04;TATN:2025-03-15;TATN:2026-03-31;TATN:2025-03-02
868	20260806:868	18	0.240143	-315098.4968	-17.2093	0	ALRS:2025-09-10;ALRS:2025-03-10;GAZP:2025-08-12;LKOH:2025-03-06;MGNT:2026-03-24;MOEX:2026-02-21;MOEX:2026-02-16;MOEX:2026-04-04;NVTK:2025-08-16;ROSN:2025-04-08;ROSN:2026-04-26;SBER:2026-07-01;SBER:2026-05-17;SBER:2025-05-29;TATN:2026-03-26;TATN:2025-03-13;TATN:2025-07-26;TATN:2026-04-07
869	20260806:869	18	0.497481	-221351.1424	-71.8622	0	ALRS:2025-02-06;ALRS:2026-03-01;GAZP:2026-05-19;LKOH:2025-05-13;MGNT:2026-03-27;MOEX:2026-03-04;MOEX:2026-01-19;MOEX:2025-02-18;NVTK:2026-04-18;ROSN:2025-02-17;ROSN:2025-03-14;SBER:2025-01-20;SBER:2025-07-13;SBER:2025-04-15;TATN:2025-01-07;TATN:2025-04-28;TATN:2025-01-30;TATN:2025-08-18
870	20260806:870	18	0.232365	-236913.8942	-14.6242	0	ALRS:2026-03-16;ALRS:2025-04-11;GAZP:2025-01-28;LKOH:2025-05-15;MGNT:2026-03-09;MOEX:2026-04-04;MOEX:2025-05-04;MOEX:2025-12-16;NVTK:2026-03-10;ROSN:2025-03-06;ROSN:2026-02-20;SBER:2026-06-16;SBER:2025-01-13;SBER:2025-05-09;TATN:2025-09-26;TATN:2025-11-20;TATN:2025-02-06;TATN:2026-01-30
871	20260806:871	18	0.441482	-185763.5842	-62.5351	0	ALRS:2026-03-09;ALRS:2025-01-28;GAZP:2025-09-08;LKOH:2025-03-11;MGNT:2026-02-15;MOEX:2026-01-24;MOEX:2025-04-21;MOEX:2025-02-17;NVTK:2026-03-17;ROSN:2025-08-21;ROSN:2026-05-13;SBER:2026-03-03;SBER:2026-05-13;SBER:2026-04-01;TATN:2025-05-06;TATN:2025-06-27;TATN:2025-04-20;TATN:2025-07-23
872	20260806:872	18	0.183555	-398161.8870	-22.4822	0	ALRS:2026-03-17;ALRS:2025-03-04;GAZP:2026-04-20;LKOH:2025-09-05;MGNT:2026-03-14;MOEX:2025-03-14;MOEX:2025-02-25;MOEX:2026-01-24;NVTK:2025-12-14;ROSN:2026-05-20;ROSN:2026-05-25;SBER:2025-03-03;SBER:2025-08-11;SBER:2025-07-13;TATN:2026-02-27;TATN:2025-02-02;TATN:2025-02-24;TATN:2026-04-13
873	20260806:873	18	0.158821	-424284.7156	-13.4051	0	ALRS:2026-02-07;ALRS:2026-02-28;GAZP:2025-08-28;LKOH:2026-04-01;MGNT:2026-04-03;MOEX:2026-01-24;MOEX:2026-04-01;MOEX:2026-01-15;NVTK:2026-01-24;ROSN:2025-02-20;ROSN:2025-02-28;SBER:2025-04-24;SBER:2026-05-24;SBER:2025-05-16;TATN:2025-03-24;TATN:2025-04-23;TATN:2026-04-27;TATN:2025-05-27
874	20260806:874	18	2.203042	214657.3532	80.0874	0	ALRS:2025-09-07;ALRS:2025-02-17;GAZP:2025-03-11;LKOH:2025-08-29;MGNT:2026-04-11;MOEX:2025-04-24;MOEX:2025-04-11;MOEX:2025-04-21;NVTK:2025-04-08;ROSN:2026-03-09;ROSN:2025-09-27;SBER:2026-03-15;SBER:2025-01-28;SBER:2026-04-02;TATN:2025-04-06;TATN:2025-02-06;TATN:2025-04-05;TATN:2026-03-08
875	20260806:875	18	1.268222	95873.3854	242.8947	0	ALRS:2026-02-06;ALRS:2025-05-16;GAZP:2026-01-05;LKOH:2026-04-08;MGNT:2026-04-01;MOEX:2025-02-05;MOEX:2025-01-22;MOEX:2026-03-24;NVTK:2026-02-25;ROSN:2025-03-02;ROSN:2025-09-07;SBER:2025-01-22;SBER:2025-09-17;SBER:2025-01-16;TATN:2025-07-30;TATN:2026-05-03;TATN:2026-05-13;TATN:2026-04-02
876	20260806:876	18	1.164924	37649.3270	352.4467	0	ALRS:2025-08-12;ALRS:2026-01-26;GAZP:2025-11-15;LKOH:2026-03-05;MGNT:2025-02-09;MOEX:2025-04-12;MOEX:2025-04-10;MOEX:2026-04-24;NVTK:2025-01-26;ROSN:2026-04-03;ROSN:2026-04-15;SBER:2025-03-13;SBER:2025-04-01;SBER:2025-08-25;TATN:2025-06-19;TATN:2025-05-07;TATN:2025-01-26;TATN:2025-01-16
877	20260806:877	18	0.100465	-415682.8895	-10.7716	0	ALRS:2026-02-12;ALRS:2025-03-01;GAZP:2025-12-02;LKOH:2025-08-30;MGNT:2026-02-23;MOEX:2026-03-16;MOEX:2025-03-15;MOEX:2026-03-22;NVTK:2025-09-25;ROSN:2025-08-18;ROSN:2026-05-03;SBER:2026-03-04;SBER:2026-05-12;SBER:2026-03-29;TATN:2026-03-26;TATN:2026-04-03;TATN:2025-08-15;TATN:2025-11-20
878	20260806:878	18	1.194479	60985.1706	323.7529	0	ALRS:2025-03-23;ALRS:2025-09-17;GAZP:2025-08-04;LKOH:2026-04-07;MGNT:2025-02-26;MOEX:2026-06-15;MOEX:2026-04-10;MOEX:2025-03-30;NVTK:2026-01-14;ROSN:2026-03-10;ROSN:2025-04-08;SBER:2026-04-30;SBER:2025-08-23;SBER:2025-09-13;TATN:2026-03-18;TATN:2025-08-22;TATN:2025-04-12;TATN:2025-07-08
879	20260806:879	18	0.962051	-13770.9075	-1105.0769	0	ALRS:2025-04-07;ALRS:2026-02-05;GAZP:2026-04-05;LKOH:2025-05-14;MGNT:2025-03-24;MOEX:2026-05-21;MOEX:2025-05-21;MOEX:2026-05-21;NVTK:2025-01-21;ROSN:2026-05-13;ROSN:2025-03-16;SBER:2025-06-23;SBER:2025-02-09;SBER:2025-03-17;TATN:2025-04-04;TATN:2026-04-28;TATN:2026-06-14;TATN:2025-06-17
880	20260806:880	18	0.178840	-339291.0173	-16.0927	0	ALRS:2025-02-27;ALRS:2025-02-28;GAZP:2025-08-25;LKOH:2025-02-03;MGNT:2025-03-03;MOEX:2026-05-31;MOEX:2025-02-23;MOEX:2026-04-15;NVTK:2025-05-28;ROSN:2026-04-06;ROSN:2026-04-12;SBER:2025-06-25;SBER:2026-06-09;SBER:2026-02-23;TATN:2025-09-25;TATN:2026-05-16;TATN:2025-07-21;TATN:2025-06-17
881	20260806:881	18	0.622605	-105517.5101	-91.4023	0	ALRS:2025-01-21;ALRS:2026-03-01;GAZP:2025-05-02;LKOH:2025-03-14;MGNT:2026-02-25;MOEX:2025-02-13;MOEX:2026-01-29;MOEX:2025-12-10;NVTK:2025-01-19;ROSN:2025-09-09;ROSN:2026-03-01;SBER:2026-02-11;SBER:2025-03-25;SBER:2026-04-11;TATN:2025-04-27;TATN:2025-05-21;TATN:2025-11-20;TATN:2025-04-11
882	20260806:882	18	0.951970	-15041.0513	-1575.6439	0	ALRS:2026-03-18;ALRS:2026-02-19;GAZP:2025-08-04;LKOH:2026-04-05;MGNT:2025-02-23;MOEX:2026-02-10;MOEX:2025-02-17;MOEX:2026-02-24;NVTK:2025-08-17;ROSN:2026-03-28;ROSN:2026-04-01;SBER:2025-03-24;SBER:2025-07-10;SBER:2025-07-25;TATN:2025-01-16;TATN:2026-02-10;TATN:2025-02-18;TATN:2026-03-04
883	20260806:883	18	0.776283	-65446.1403	-255.2887	0	ALRS:2025-03-06;ALRS:2025-04-08;GAZP:2025-01-05;LKOH:2026-03-18;MGNT:2026-04-09;MOEX:2026-03-25;MOEX:2025-04-29;MOEX:2025-05-03;NVTK:2025-12-10;ROSN:2025-09-10;ROSN:2026-02-26;SBER:2026-01-23;SBER:2025-09-08;SBER:2026-03-17;TATN:2025-06-10;TATN:2025-05-25;TATN:2026-05-13;TATN:2025-05-02
884	20260806:884	18	0.275717	-326580.1096	-22.5590	0	ALRS:2025-08-16;ALRS:2025-02-10;GAZP:2025-01-20;LKOH:2025-08-31;MGNT:2025-04-20;MOEX:2025-12-19;MOEX:2025-12-20;MOEX:2026-04-02;NVTK:2026-04-25;ROSN:2025-03-20;ROSN:2025-03-03;SBER:2025-07-14;SBER:2025-02-13;SBER:2025-04-24;TATN:2026-04-12;TATN:2026-05-17;TATN:2026-06-07;TATN:2026-04-01
885	20260806:885	18	0.673796	-82223.5824	-123.1270	0	ALRS:2025-05-14;ALRS:2025-04-04;GAZP:2025-04-12;LKOH:2025-03-14;MGNT:2026-04-16;MOEX:2025-06-30;MOEX:2025-01-15;MOEX:2025-04-26;NVTK:2025-11-05;ROSN:2026-06-03;ROSN:2025-09-01;SBER:2025-04-11;SBER:2025-06-30;SBER:2025-03-26;TATN:2025-01-30;TATN:2026-05-01;TATN:2025-01-21;TATN:2026-03-31
886	20260806:886	18	0.300847	-220871.1479	-32.8895	0	ALRS:2025-08-05;ALRS:2025-02-13;GAZP:2025-03-03;LKOH:2026-04-08;MGNT:2025-03-15;MOEX:2026-01-31;MOEX:2026-02-23;MOEX:2026-02-24;NVTK:2025-02-28;ROSN:2026-01-27;ROSN:2026-01-30;SBER:2025-11-29;SBER:2026-04-30;SBER:2025-07-08;TATN:2025-02-18;TATN:2025-03-30;TATN:2025-08-19;TATN:2025-02-12
887	20260806:887	18	1.227192	66627.6939	343.8011	0	ALRS:2025-04-15;ALRS:2025-08-22;GAZP:2025-08-28;LKOH:2025-03-06;MGNT:2025-05-07;MOEX:2026-02-19;MOEX:2025-12-20;MOEX:2026-05-22;NVTK:2025-09-04;ROSN:2026-04-15;ROSN:2026-03-04;SBER:2025-01-22;SBER:2025-03-09;SBER:2025-03-20;TATN:2025-02-11;TATN:2025-04-15;TATN:2026-03-18;TATN:2026-02-24
888	20260806:888	18	0.160725	-324294.4960	-18.1905	0	ALRS:2025-02-12;ALRS:2025-08-10;GAZP:2026-03-31;LKOH:2026-03-11;MGNT:2025-02-24;MOEX:2025-04-06;MOEX:2026-02-12;MOEX:2026-03-04;NVTK:2025-06-04;ROSN:2025-08-29;ROSN:2025-10-06;SBER:2026-05-28;SBER:2025-07-08;SBER:2026-01-20;TATN:2026-04-01;TATN:2026-05-25;TATN:2026-06-08;TATN:2025-01-27
889	20260806:889	18	1.246352	76025.3390	176.9099	0	ALRS:2025-08-10;ALRS:2025-03-30;GAZP:2026-01-27;LKOH:2026-03-03;MGNT:2026-03-28;MOEX:2025-03-28;MOEX:2026-03-29;MOEX:2025-02-10;NVTK:2026-02-19;ROSN:2026-03-19;ROSN:2025-04-14;SBER:2026-06-17;SBER:2025-04-17;SBER:2025-07-29;TATN:2026-03-03;TATN:2026-06-05;TATN:2026-04-30;TATN:2025-03-25
890	20260806:890	18	0.698777	-97008.0706	-158.9434	0	ALRS:2025-02-11;ALRS:2025-09-16;GAZP:2025-11-27;LKOH:2025-01-13;MGNT:2025-04-27;MOEX:2026-01-22;MOEX:2026-03-17;MOEX:2025-02-19;NVTK:2025-06-19;ROSN:2026-05-07;ROSN:2025-02-12;SBER:2025-04-28;SBER:2025-07-30;SBER:2025-04-29;TATN:2025-03-01;TATN:2025-06-17;TATN:2025-06-05;TATN:2026-02-15
891	20260806:891	18	0.805699	-89722.3214	-211.8278	0	ALRS:2025-04-03;ALRS:2025-05-01;GAZP:2025-03-09;LKOH:2025-02-24;MGNT:2025-02-04;MOEX:2026-01-25;MOEX:2026-05-28;MOEX:2025-03-11;NVTK:2025-02-06;ROSN:2025-10-08;ROSN:2025-02-17;SBER:2025-01-22;SBER:2026-01-15;SBER:2025-03-06;TATN:2026-06-10;TATN:2025-04-05;TATN:2025-08-12;TATN:2026-06-10
892	20260806:892	18	1.937147	139635.0328	122.8605	0	ALRS:2025-04-17;ALRS:2026-03-16;GAZP:2025-12-12;LKOH:2025-03-06;MGNT:2026-01-28;MOEX:2025-03-31;MOEX:2026-05-27;MOEX:2026-01-26;NVTK:2025-06-27;ROSN:2025-04-08;ROSN:2025-02-11;SBER:2026-04-29;SBER:2025-06-14;SBER:2025-03-10;TATN:2025-06-07;TATN:2026-02-11;TATN:2026-03-03;TATN:2026-03-30
893	20260806:893	18	0.109456	-389170.4650	-7.3924	0	ALRS:2026-01-29;ALRS:2025-08-16;GAZP:2025-08-12;LKOH:2025-05-18;MGNT:2025-03-20;MOEX:2025-04-25;MOEX:2025-04-28;MOEX:2025-12-10;NVTK:2026-02-25;ROSN:2025-04-01;ROSN:2026-03-14;SBER:2026-05-23;SBER:2026-01-27;SBER:2025-06-30;TATN:2025-08-22;TATN:2026-01-29;TATN:2025-05-14;TATN:2025-05-19
894	20260806:894	18	0.501311	-187851.9707	-73.8951	0	ALRS:2025-03-13;ALRS:2026-02-03;GAZP:2026-02-12;LKOH:2026-04-01;MGNT:2025-05-12;MOEX:2025-05-15;MOEX:2026-05-21;MOEX:2025-02-09;NVTK:2025-12-25;ROSN:2026-04-24;ROSN:2025-02-19;SBER:2026-01-22;SBER:2026-04-13;SBER:2026-03-29;TATN:2026-03-27;TATN:2025-07-21;TATN:2025-04-12;TATN:2025-08-06
895	20260806:895	18	0.512277	-133430.8687	-82.3724	0	ALRS:2026-02-19;ALRS:2026-03-14;GAZP:2026-03-19;LKOH:2026-03-31;MGNT:2026-03-27;MOEX:2026-03-23;MOEX:2026-02-07;MOEX:2025-02-23;NVTK:2025-05-26;ROSN:2025-03-12;ROSN:2025-09-01;SBER:2026-04-07;SBER:2026-05-23;SBER:2026-04-27;TATN:2025-03-04;TATN:2026-05-03;TATN:2025-03-11;TATN:2025-02-26
896	20260806:896	18	1.525688	136336.4374	198.8985	0	ALRS:2026-01-31;ALRS:2025-09-09;GAZP:2025-07-30;LKOH:2025-05-04;MGNT:2026-01-22;MOEX:2025-01-22;MOEX:2026-03-17;MOEX:2025-01-21;NVTK:2025-09-24;ROSN:2025-01-13;ROSN:2025-02-06;SBER:2026-03-10;SBER:2026-05-05;SBER:2026-03-17;TATN:2025-08-12;TATN:2026-04-27;TATN:2026-02-09;TATN:2025-06-05
897	20260806:897	18	0.232357	-233610.2914	-16.8892	0	ALRS:2025-08-16;ALRS:2026-01-27;GAZP:2025-10-19;LKOH:2026-03-10;MGNT:2026-01-31;MOEX:2026-04-16;MOEX:2025-12-12;MOEX:2026-04-26;NVTK:2026-03-13;ROSN:2026-05-11;ROSN:2025-09-15;SBER:2026-03-04;SBER:2025-07-09;SBER:2025-07-02;TATN:2025-07-26;TATN:2025-01-27;TATN:2026-05-29;TATN:2026-05-31
898	20260806:898	18	0.441058	-195558.9873	-70.2893	0	ALRS:2025-03-11;ALRS:2025-05-03;GAZP:2026-05-18;LKOH:2026-03-11;MGNT:2025-03-25;MOEX:2026-03-12;MOEX:2025-01-22;MOEX:2026-01-26;NVTK:2026-02-04;ROSN:2025-04-12;ROSN:2025-10-06;SBER:2025-03-09;SBER:2026-06-30;SBER:2025-08-31;TATN:2025-07-27;TATN:2026-03-25;TATN:2026-01-31;TATN:2025-07-30
899	20260806:899	18	1.464674	108915.2044	182.7405	0	ALRS:2025-03-17;ALRS:2026-03-05;GAZP:2026-02-06;LKOH:2025-04-13;MGNT:2026-04-13;MOEX:2025-02-10;MOEX:2025-11-20;MOEX:2025-03-24;NVTK:2025-04-01;ROSN:2025-09-01;ROSN:2026-03-04;SBER:2026-02-23;SBER:2026-04-29;SBER:2025-09-04;TATN:2026-05-12;TATN:2025-08-13;TATN:2026-02-16;TATN:2026-04-16
900	20260806:900	18	0.351927	-312150.8416	-35.3507	0	ALRS:2025-03-25;ALRS:2025-02-05;GAZP:2025-12-19;LKOH:2025-03-26;MGNT:2025-05-02;MOEX:2026-01-29;MOEX:2026-06-15;MOEX:2026-01-27;NVTK:2025-11-24;ROSN:2025-01-30;ROSN:2026-05-21;SBER:2025-11-23;SBER:2025-06-22;SBER:2026-07-10;TATN:2025-03-23;TATN:2026-05-13;TATN:2025-03-19;TATN:2025-04-27
901	20260806:901	18	1.242707	92860.3722	222.1985	0	ALRS:2025-01-27;ALRS:2025-08-18;GAZP:2025-07-26;LKOH:2025-02-13;MGNT:2025-05-14;MOEX:2025-04-05;MOEX:2026-06-07;MOEX:2026-05-17;NVTK:2026-04-24;ROSN:2025-02-11;ROSN:2026-04-12;SBER:2025-06-16;SBER:2025-08-04;SBER:2026-04-11;TATN:2025-04-07;TATN:2025-03-26;TATN:2026-02-27;TATN:2025-06-28
902	20260806:902	18	0.243408	-419834.1209	-23.6390	0	ALRS:2025-09-07;ALRS:2025-03-16;GAZP:2025-04-29;LKOH:2025-03-27;MGNT:2026-02-01;MOEX:2025-02-18;MOEX:2025-12-19;MOEX:2025-02-23;NVTK:2025-05-26;ROSN:2026-04-29;ROSN:2026-02-21;SBER:2026-02-18;SBER:2026-02-16;SBER:2026-03-22;TATN:2026-05-02;TATN:2026-06-11;TATN:2025-03-29;TATN:2025-05-20
903	20260806:903	18	0.448017	-189998.7217	-43.7924	0	ALRS:2026-03-09;ALRS:2025-08-06;GAZP:2026-03-28;LKOH:2025-10-18;MGNT:2025-02-25;MOEX:2026-06-12;MOEX:2026-02-16;MOEX:2025-02-25;NVTK:2025-12-03;ROSN:2026-02-21;ROSN:2025-08-16;SBER:2026-03-03;SBER:2025-03-16;SBER:2025-04-02;TATN:2025-06-19;TATN:2026-04-28;TATN:2026-04-03;TATN:2025-03-19
904	20260806:904	18	0.061027	-341133.2868	-6.2815	0	ALRS:2026-02-19;ALRS:2025-01-15;GAZP:2025-03-01;LKOH:2025-02-10;MGNT:2025-03-23;MOEX:2026-06-11;MOEX:2025-03-12;MOEX:2026-02-16;NVTK:2025-08-15;ROSN:2025-08-22;ROSN:2025-10-08;SBER:2026-04-21;SBER:2025-08-31;SBER:2025-09-12;TATN:2025-06-25;TATN:2025-05-02;TATN:2025-05-04;TATN:2025-09-29
905	20260806:905	18	0.566506	-141745.9535	-87.6753	0	ALRS:2025-05-15;ALRS:2025-04-01;GAZP:2025-10-27;LKOH:2025-01-19;MGNT:2025-05-07;MOEX:2025-03-01;MOEX:2026-04-20;MOEX:2025-04-05;NVTK:2025-08-10;ROSN:2026-01-29;ROSN:2026-04-23;SBER:2026-03-08;SBER:2026-04-22;SBER:2025-05-21;TATN:2025-05-25;TATN:2025-03-20;TATN:2025-03-09;TATN:2026-03-04
906	20260806:906	18	0.851016	-53203.8163	-367.8688	0	ALRS:2026-02-07;ALRS:2025-03-31;GAZP:2026-05-15;LKOH:2025-02-18;MGNT:2026-03-09;MOEX:2026-04-03;MOEX:2026-06-13;MOEX:2026-04-13;NVTK:2026-02-05;ROSN:2025-03-17;ROSN:2026-02-27;SBER:2025-03-30;SBER:2025-06-08;SBER:2025-01-22;TATN:2026-05-30;TATN:2025-01-02;TATN:2025-06-23;TATN:2025-06-07
907	20260806:907	18	0.450255	-199219.4947	-58.5879	0	ALRS:2025-04-07;ALRS:2026-03-13;GAZP:2026-02-06;LKOH:2025-04-22;MGNT:2025-05-12;MOEX:2025-05-03;MOEX:2025-12-20;MOEX:2026-06-05;NVTK:2025-11-17;ROSN:2026-03-05;ROSN:2025-02-20;SBER:2026-05-24;SBER:2025-05-10;SBER:2026-03-13;TATN:2025-06-29;TATN:2025-02-11;TATN:2026-05-20;TATN:2026-04-04
908	20260806:908	18	0.105137	-484271.0429	-9.1109	0	ALRS:2025-08-17;ALRS:2026-02-05;GAZP:2026-03-30;LKOH:2025-04-11;MGNT:2026-03-16;MOEX:2025-07-01;MOEX:2025-12-19;MOEX:2026-03-01;NVTK:2026-03-25;ROSN:2025-04-21;ROSN:2026-03-02;SBER:2026-01-16;SBER:2026-06-28;SBER:2026-02-06;TATN:2026-05-13;TATN:2025-02-17;TATN:2025-03-23;TATN:2026-06-12
909	20260806:909	18	0.620940	-123750.0048	-81.9279	0	ALRS:2025-03-11;ALRS:2025-04-23;GAZP:2025-04-02;LKOH:2025-09-07;MGNT:2026-02-23;MOEX:2026-04-08;MOEX:2025-03-28;MOEX:2025-04-11;NVTK:2025-10-20;ROSN:2026-05-10;ROSN:2025-08-31;SBER:2025-03-02;SBER:2026-01-21;SBER:2026-06-04;TATN:2025-03-04;TATN:2026-06-01;TATN:2026-03-11;TATN:2025-08-14
910	20260806:910	18	0.615661	-166000.9979	-121.3028	0	ALRS:2026-02-12;ALRS:2025-09-17;GAZP:2026-01-16;LKOH:2025-01-20;MGNT:2025-04-24;MOEX:2026-04-20;MOEX:2026-04-11;MOEX:2025-02-06;NVTK:2025-11-07;ROSN:2026-04-13;ROSN:2026-04-16;SBER:2025-08-07;SBER:2025-04-04;SBER:2026-02-21;TATN:2025-11-20;TATN:2026-06-10;TATN:2025-04-01;TATN:2025-01-28
911	20260806:911	18	0.892493	-26222.1925	-457.9390	0	ALRS:2025-01-30;ALRS:2025-01-12;GAZP:2026-02-07;LKOH:2026-03-19;MGNT:2025-05-09;MOEX:2025-04-13;MOEX:2026-03-25;MOEX:2026-06-11;NVTK:2025-04-21;ROSN:2025-02-13;ROSN:2025-02-20;SBER:2026-03-28;SBER:2026-02-06;SBER:2025-09-13;TATN:2025-02-10;TATN:2026-04-28;TATN:2025-03-23;TATN:2026-03-26
912	20260806:912	18	0.510966	-189406.6778	-76.7680	0	ALRS:2025-03-16;ALRS:2025-04-27;GAZP:2025-11-11;LKOH:2025-09-06;MGNT:2026-03-12;MOEX:2025-05-13;MOEX:2026-03-11;MOEX:2025-02-26;NVTK:2025-04-09;ROSN:2025-09-05;ROSN:2026-05-07;SBER:2025-07-06;SBER:2025-06-04;SBER:2025-05-13;TATN:2026-03-26;TATN:2025-05-09;TATN:2025-02-13;TATN:2025-02-10
913	20260806:913	18	0.715784	-99304.5625	-166.3256	0	ALRS:2025-08-21;ALRS:2025-08-22;GAZP:2026-02-03;LKOH:2025-01-16;MGNT:2026-01-25;MOEX:2026-03-29;MOEX:2025-03-06;MOEX:2025-04-22;NVTK:2025-05-20;ROSN:2025-03-04;ROSN:2026-01-30;SBER:2025-01-26;SBER:2025-03-27;SBER:2026-04-16;TATN:2025-07-01;TATN:2025-04-02;TATN:2025-02-13;TATN:2026-04-14
914	20260806:914	18	0.856574	-35125.1900	-487.3156	0	ALRS:2025-03-09;ALRS:2025-03-11;GAZP:2025-09-13;LKOH:2025-08-18;MGNT:2025-02-06;MOEX:2025-11-23;MOEX:2026-04-17;MOEX:2026-05-20;NVTK:2025-06-03;ROSN:2025-08-07;ROSN:2025-09-25;SBER:2025-03-03;SBER:2025-07-23;SBER:2025-07-17;TATN:2026-02-18;TATN:2026-04-19;TATN:2025-05-01;TATN:2025-07-24
915	20260806:915	18	1.132795	23089.0041	462.0473	0	ALRS:2025-03-20;ALRS:2025-01-15;GAZP:2025-11-12;LKOH:2025-10-16;MGNT:2026-02-21;MOEX:2025-03-30;MOEX:2026-04-08;MOEX:2025-05-06;NVTK:2025-03-04;ROSN:2025-02-17;ROSN:2025-08-07;SBER:2025-05-09;SBER:2026-05-30;SBER:2025-06-25;TATN:2025-07-19;TATN:2026-05-12;TATN:2026-04-04;TATN:2026-05-14
916	20260806:916	18	0.391209	-165982.3883	-44.9604	0	ALRS:2025-05-07;ALRS:2025-04-26;GAZP:2026-05-04;LKOH:2026-03-05;MGNT:2025-01-30;MOEX:2025-03-24;MOEX:2026-03-24;MOEX:2025-01-16;NVTK:2026-03-04;ROSN:2025-04-10;ROSN:2026-05-07;SBER:2026-05-03;SBER:2025-11-19;SBER:2025-05-16;TATN:2025-03-02;TATN:2025-06-22;TATN:2025-03-16;TATN:2026-04-16
917	20260806:917	18	0.041904	-533910.8533	-4.3737	0	ALRS:2025-03-11;ALRS:2025-02-20;GAZP:2025-12-18;LKOH:2025-03-25;MGNT:2025-03-06;MOEX:2026-02-10;MOEX:2025-12-19;MOEX:2026-03-12;NVTK:2026-01-25;ROSN:2025-08-27;ROSN:2026-05-24;SBER:2025-09-09;SBER:2025-11-23;SBER:2026-06-12;TATN:2026-04-27;TATN:2025-07-05;TATN:2026-05-24;TATN:2025-04-29
918	20260806:918	18	1.024483	5739.1057	3018.5132	0	ALRS:2025-02-19;ALRS:2025-01-19;GAZP:2026-05-05;LKOH:2025-01-20;MGNT:2025-03-01;MOEX:2025-02-04;MOEX:2025-01-16;MOEX:2026-02-05;NVTK:2025-09-03;ROSN:2025-01-13;ROSN:2025-03-23;SBER:2025-09-06;SBER:2026-05-23;SBER:2026-01-28;TATN:2026-03-12;TATN:2025-01-16;TATN:2025-07-23;TATN:2026-03-27
919	20260806:919	18	0.479868	-177234.7415	-62.4205	0	ALRS:2026-02-12;ALRS:2026-02-19;GAZP:2026-03-12;LKOH:2025-04-23;MGNT:2025-04-28;MOEX:2025-04-20;MOEX:2026-02-12;MOEX:2025-03-11;NVTK:2025-03-19;ROSN:2025-08-23;ROSN:2026-04-26;SBER:2026-04-16;SBER:2025-06-17;SBER:2025-11-23;TATN:2025-02-06;TATN:2026-05-17;TATN:2025-04-10;TATN:2025-02-25
920	20260806:920	18	0.967372	-8204.4796	-1571.8597	0	ALRS:2025-03-03;ALRS:2025-05-03;GAZP:2026-05-18;LKOH:2025-03-04;MGNT:2026-02-12;MOEX:2026-04-04;MOEX:2026-05-28;MOEX:2026-03-13;NVTK:2025-10-02;ROSN:2025-08-26;ROSN:2025-08-10;SBER:2025-05-31;SBER:2026-02-05;SBER:2026-03-04;TATN:2025-07-18;TATN:2025-01-07;TATN:2025-06-27;TATN:2026-02-27
921	20260806:921	18	0.991089	-1970.2389	-7205.2667	0	ALRS:2025-01-13;ALRS:2025-09-16;GAZP:2025-05-11;LKOH:2025-04-14;MGNT:2026-01-27;MOEX:2025-12-18;MOEX:2025-01-21;MOEX:2026-03-17;NVTK:2026-02-25;ROSN:2025-04-21;ROSN:2025-09-03;SBER:2025-05-01;SBER:2025-11-28;SBER:2026-02-05;TATN:2026-05-14;TATN:2025-06-22;TATN:2025-08-15;TATN:2026-02-11
922	20260806:922	18	0.715371	-79830.4148	-172.0028	0	ALRS:2026-01-31;ALRS:2025-02-16;GAZP:2025-11-16;LKOH:2025-08-29;MGNT:2026-03-13;MOEX:2026-02-21;MOEX:2026-06-01;MOEX:2025-03-29;NVTK:2025-10-23;ROSN:2026-05-24;ROSN:2025-03-12;SBER:2026-04-13;SBER:2026-05-13;SBER:2025-06-10;TATN:2026-05-18;TATN:2025-03-11;TATN:2025-04-28;TATN:2025-05-22
923	20260806:923	18	0.450490	-225587.9127	-61.5085	0	ALRS:2025-08-19;ALRS:2026-01-28;GAZP:2026-04-30;LKOH:2025-02-17;MGNT:2026-03-24;MOEX:2026-05-17;MOEX:2026-03-10;MOEX:2026-01-16;NVTK:2025-05-15;ROSN:2025-04-23;ROSN:2026-04-29;SBER:2025-05-25;SBER:2025-02-03;SBER:2026-07-03;TATN:2025-05-07;TATN:2026-05-22;TATN:2025-05-05;TATN:2025-05-21
924	20260806:924	18	1.137499	37140.7538	506.3643	0	ALRS:2025-08-19;ALRS:2025-09-17;GAZP:2026-04-13;LKOH:2025-09-27;MGNT:2025-03-27;MOEX:2026-06-13;MOEX:2025-01-23;MOEX:2026-01-20;NVTK:2025-12-08;ROSN:2025-01-28;ROSN:2025-08-23;SBER:2025-04-06;SBER:2026-04-26;SBER:2025-02-24;TATN:2025-04-20;TATN:2025-04-23;TATN:2025-07-28;TATN:2026-03-12
925	20260806:925	18	0.326169	-271894.4096	-36.2158	0	ALRS:2025-01-13;ALRS:2025-08-26;GAZP:2025-08-26;LKOH:2025-02-18;MGNT:2026-02-19;MOEX:2026-05-19;MOEX:2026-04-08;MOEX:2025-05-14;NVTK:2025-05-12;ROSN:2026-03-30;ROSN:2026-05-07;SBER:2025-04-07;SBER:2025-05-10;SBER:2026-06-23;TATN:2025-02-03;TATN:2026-01-29;TATN:2025-03-24;TATN:2025-02-06
926	20260806:926	18	0.690455	-118390.3112	-144.5533	0	ALRS:2025-02-28;ALRS:2025-03-20;GAZP:2026-04-29;LKOH:2025-02-19;MGNT:2025-03-24;MOEX:2025-02-03;MOEX:2026-04-01;MOEX:2026-05-11;NVTK:2026-02-09;ROSN:2025-01-19;ROSN:2025-04-15;SBER:2026-07-02;SBER:2025-09-08;SBER:2025-03-24;TATN:2025-03-05;TATN:2026-04-19;TATN:2026-03-25;TATN:2026-04-19
927	20260806:927	18	0.128283	-346246.0130	-7.9287	0	ALRS:2025-08-15;ALRS:2026-02-16;GAZP:2025-01-02;LKOH:2026-03-11;MGNT:2025-05-03;MOEX:2026-01-29;MOEX:2025-04-27;MOEX:2026-01-27;NVTK:2026-05-05;ROSN:2026-03-03;ROSN:2025-08-22;SBER:2026-03-12;SBER:2026-06-22;SBER:2025-07-14;TATN:2026-06-09;TATN:2025-02-04;TATN:2025-06-06;TATN:2025-08-22
928	20260806:928	18	2.228234	260711.6685	98.5110	0	ALRS:2025-04-13;ALRS:2025-03-01;GAZP:2025-01-09;LKOH:2025-02-09;MGNT:2026-02-07;MOEX:2025-02-06;MOEX:2026-02-04;MOEX:2025-04-25;NVTK:2025-10-29;ROSN:2026-05-20;ROSN:2026-02-25;SBER:2026-06-02;SBER:2025-02-17;SBER:2025-09-15;TATN:2025-07-06;TATN:2026-04-28;TATN:2025-02-04;TATN:2025-04-20
929	20260806:929	18	1.436907	130238.1422	154.5533	0	ALRS:2025-01-14;ALRS:2025-04-06;GAZP:2025-01-23;LKOH:2025-01-16;MGNT:2026-02-08;MOEX:2026-06-04;MOEX:2025-04-14;MOEX:2025-02-03;NVTK:2026-03-27;ROSN:2026-05-28;ROSN:2025-02-06;SBER:2025-06-12;SBER:2025-05-14;SBER:2025-06-13;TATN:2026-06-18;TATN:2025-06-09;TATN:2025-08-20;TATN:2026-03-26
930	20260806:930	18	0.465106	-221623.5269	-52.4374	0	ALRS:2026-02-12;ALRS:2025-08-27;GAZP:2025-08-22;LKOH:2025-08-30;MGNT:2025-03-16;MOEX:2025-04-13;MOEX:2025-03-29;MOEX:2025-04-16;NVTK:2026-04-04;ROSN:2025-02-28;ROSN:2025-04-12;SBER:2025-09-15;SBER:2025-02-24;SBER:2026-05-16;TATN:2025-05-12;TATN:2025-06-19;TATN:2025-06-12;TATN:2026-06-03
931	20260806:931	18	2.108363	264671.6434	92.5642	0	ALRS:2025-08-16;ALRS:2026-01-30;GAZP:2025-01-07;LKOH:2025-09-07;MGNT:2026-03-18;MOEX:2026-04-07;MOEX:2025-04-16;MOEX:2026-05-29;NVTK:2026-02-16;ROSN:2026-03-05;ROSN:2026-02-26;SBER:2025-02-04;SBER:2026-02-28;SBER:2025-05-20;TATN:2025-03-23;TATN:2026-03-23;TATN:2026-02-21;TATN:2025-03-30
932	20260806:932	18	0.267750	-370241.8591	-28.3069	0	ALRS:2025-01-30;ALRS:2025-03-13;GAZP:2025-01-16;LKOH:2025-05-04;MGNT:2025-04-12;MOEX:2026-03-15;MOEX:2026-06-05;MOEX:2025-03-12;NVTK:2025-04-29;ROSN:2026-05-31;ROSN:2025-08-15;SBER:2025-07-31;SBER:2025-03-05;SBER:2026-03-08;TATN:2026-05-27;TATN:2026-04-01;TATN:2026-04-13;TATN:2026-06-12
933	20260806:933	18	0.518641	-154568.0001	-72.2950	0	ALRS:2025-04-27;ALRS:2025-09-15;GAZP:2025-11-16;LKOH:2026-03-19;MGNT:2026-02-03;MOEX:2026-03-01;MOEX:2026-03-30;MOEX:2026-02-19;NVTK:2026-03-13;ROSN:2025-09-18;ROSN:2025-04-20;SBER:2026-01-27;SBER:2025-09-13;SBER:2026-06-27;TATN:2026-04-02;TATN:2026-05-21;TATN:2025-04-26;TATN:2025-06-30
934	20260806:934	18	0.258898	-339991.7062	-34.9343	0	ALRS:2025-03-05;ALRS:2025-03-12;GAZP:2025-03-06;LKOH:2025-08-14;MGNT:2026-02-25;MOEX:2025-01-28;MOEX:2026-04-18;MOEX:2025-03-13;NVTK:2025-04-16;ROSN:2026-05-24;ROSN:2026-06-02;SBER:2026-05-16;SBER:2026-05-10;SBER:2026-05-12;TATN:2026-03-25;TATN:2025-07-26;TATN:2025-05-28;TATN:2025-07-02
935	20260806:935	18	0.234358	-429377.5965	-30.6094	0	ALRS:2026-03-02;ALRS:2025-03-24;GAZP:2025-04-27;LKOH:2025-05-01;MGNT:2025-03-18;MOEX:2026-06-08;MOEX:2026-02-01;MOEX:2025-02-06;NVTK:2025-03-19;ROSN:2026-05-18;ROSN:2026-04-27;SBER:2026-04-22;SBER:2025-03-14;SBER:2025-07-08;TATN:2025-03-30;TATN:2025-08-18;TATN:2026-06-14;TATN:2025-02-24
936	20260806:936	18	1.406441	89548.4742	172.9697	0	ALRS:2025-04-15;ALRS:2026-03-08;GAZP:2025-10-18;LKOH:2025-03-30;MGNT:2026-02-08;MOEX:2026-02-11;MOEX:2026-05-12;MOEX:2026-01-11;NVTK:2025-10-31;ROSN:2025-02-10;ROSN:2025-09-25;SBER:2026-03-23;SBER:2026-01-22;SBER:2026-07-01;TATN:2025-04-22;TATN:2026-02-12;TATN:2025-03-09;TATN:2026-06-01
937	20260806:937	18	0.573452	-156653.0530	-97.0614	0	ALRS:2025-04-10;ALRS:2025-08-06;GAZP:2025-12-01;LKOH:2025-02-11;MGNT:2026-03-03;MOEX:2025-12-26;MOEX:2025-01-27;MOEX:2025-01-15;NVTK:2025-09-04;ROSN:2026-03-24;ROSN:2025-01-12;SBER:2026-05-15;SBER:2025-02-26;SBER:2026-02-27;TATN:2025-04-27;TATN:2026-02-23;TATN:2025-03-14;TATN:2025-03-13
938	20260806:938	18	0.153582	-415396.9149	-15.1275	0	ALRS:2025-03-26;ALRS:2025-03-18;GAZP:2025-05-31;LKOH:2025-09-03;MGNT:2026-02-06;MOEX:2026-03-13;MOEX:2026-01-14;MOEX:2025-04-27;NVTK:2025-11-06;ROSN:2026-05-15;ROSN:2026-04-17;SBER:2025-01-07;SBER:2025-02-19;SBER:2025-08-06;TATN:2026-04-16;TATN:2025-07-22;TATN:2025-03-27;TATN:2025-03-27
939	20260806:939	18	0.506098	-179850.5597	-65.4888	0	ALRS:2026-02-15;ALRS:2025-09-11;GAZP:2026-03-13;LKOH:2025-04-16;MGNT:2026-04-01;MOEX:2025-04-15;MOEX:2026-03-16;MOEX:2026-05-31;NVTK:2026-03-16;ROSN:2025-01-30;ROSN:2025-09-27;SBER:2026-02-23;SBER:2025-07-05;SBER:2026-05-06;TATN:2025-01-22;TATN:2026-01-30;TATN:2025-01-21;TATN:2026-04-03
940	20260806:940	18	0.269120	-310329.1104	-33.1177	0	ALRS:2026-02-04;ALRS:2025-04-27;GAZP:2025-02-28;LKOH:2025-02-04;MGNT:2026-03-23;MOEX:2025-12-09;MOEX:2025-05-15;MOEX:2026-03-12;NVTK:2025-11-09;ROSN:2026-05-05;ROSN:2025-10-05;SBER:2026-03-14;SBER:2025-04-04;SBER:2025-07-15;TATN:2025-02-06;TATN:2025-07-21;TATN:2026-04-25;TATN:2025-03-02
941	20260806:941	18	0.836676	-71639.5232	-421.5152	0	ALRS:2025-04-21;ALRS:2026-03-15;GAZP:2025-02-03;LKOH:2025-05-03;MGNT:2026-02-26;MOEX:2025-11-25;MOEX:2025-03-13;MOEX:2025-03-04;NVTK:2026-02-10;ROSN:2026-04-07;ROSN:2025-08-14;SBER:2025-07-14;SBER:2025-06-02;SBER:2025-08-18;TATN:2025-03-24;TATN:2025-06-10;TATN:2026-02-12;TATN:2025-07-04
942	20260806:942	18	0.291088	-293913.8469	-25.8488	0	ALRS:2025-05-14;ALRS:2026-02-20;GAZP:2025-12-09;LKOH:2026-03-24;MGNT:2026-02-11;MOEX:2026-05-12;MOEX:2025-12-22;MOEX:2025-12-16;NVTK:2025-04-23;ROSN:2026-04-26;ROSN:2025-08-26;SBER:2025-03-13;SBER:2025-09-09;SBER:2026-06-08;TATN:2025-01-09;TATN:2026-06-15;TATN:2025-09-26;TATN:2025-06-08
943	20260806:943	18	1.238389	50694.4541	330.0465	0	ALRS:2025-04-26;ALRS:2025-04-16;GAZP:2025-04-27;LKOH:2025-04-24;MGNT:2026-04-09;MOEX:2026-06-05;MOEX:2026-04-05;MOEX:2026-05-12;NVTK:2025-06-26;ROSN:2025-04-23;ROSN:2025-01-23;SBER:2025-01-13;SBER:2025-08-13;SBER:2025-05-06;TATN:2026-02-24;TATN:2026-03-14;TATN:2025-08-22;TATN:2025-05-03
944	20260806:944	18	0.451311	-205041.5786	-53.5675	0	ALRS:2025-03-11;ALRS:2025-08-18;GAZP:2025-12-04;LKOH:2025-04-27;MGNT:2026-04-13;MOEX:2025-05-02;MOEX:2025-03-29;MOEX:2025-05-04;NVTK:2026-04-07;ROSN:2025-09-06;ROSN:2025-03-19;SBER:2026-02-28;SBER:2026-03-02;SBER:2025-11-19;TATN:2025-04-27;TATN:2026-04-28;TATN:2026-03-18;TATN:2026-05-24
945	20260806:945	18	1.367176	96796.8474	218.1115	0	ALRS:2025-04-24;ALRS:2026-02-16;GAZP:2025-01-28;LKOH:2025-10-18;MGNT:2026-03-23;MOEX:2025-02-02;MOEX:2026-02-04;MOEX:2025-03-12;NVTK:2025-05-19;ROSN:2025-02-10;ROSN:2026-03-26;SBER:2026-05-15;SBER:2025-08-11;SBER:2026-05-20;TATN:2026-03-25;TATN:2025-08-05;TATN:2025-07-10;TATN:2026-03-09
946	20260806:946	18	0.304657	-311229.7576	-40.8237	0	ALRS:2026-02-26;ALRS:2025-09-08;GAZP:2025-08-17;LKOH:2025-09-27;MGNT:2026-03-14;MOEX:2026-01-31;MOEX:2025-02-05;MOEX:2025-12-16;NVTK:2025-07-02;ROSN:2025-03-13;ROSN:2025-03-02;SBER:2026-04-21;SBER:2026-03-15;SBER:2026-04-29;TATN:2025-06-26;TATN:2025-06-01;TATN:2025-03-06;TATN:2026-05-25
947	20260806:947	18	0.994747	-1835.4882	-9900.0468	0	ALRS:2025-02-06;ALRS:2025-03-02;GAZP:2026-01-25;LKOH:2025-08-13;MGNT:2026-02-07;MOEX:2025-04-09;MOEX:2026-06-15;MOEX:2026-01-29;NVTK:2025-02-12;ROSN:2026-04-16;ROSN:2026-03-29;SBER:2026-06-23;SBER:2025-02-09;SBER:2025-03-18;TATN:2026-02-15;TATN:2026-06-03;TATN:2025-01-05;TATN:2025-07-21
948	20260806:948	18	1.592310	201249.3122	117.9107	0	ALRS:2026-02-23;ALRS:2025-04-22;GAZP:2026-04-27;LKOH:2025-03-31;MGNT:2026-03-09;MOEX:2026-03-08;MOEX:2026-04-07;MOEX:2025-02-10;NVTK:2026-03-26;ROSN:2026-01-29;ROSN:2025-01-13;SBER:2025-02-10;SBER:2025-02-03;SBER:2025-05-13;TATN:2025-02-27;TATN:2026-02-16;TATN:2025-01-08;TATN:2026-02-22
949	20260806:949	18	0.508775	-215094.4861	-85.6848	0	ALRS:2026-02-10;ALRS:2025-03-24;GAZP:2025-08-04;LKOH:2025-05-09;MGNT:2025-03-27;MOEX:2026-05-20;MOEX:2025-01-20;MOEX:2026-06-03;NVTK:2026-03-26;ROSN:2025-08-30;ROSN:2025-02-25;SBER:2025-05-04;SBER:2025-08-11;SBER:2025-05-18;TATN:2026-05-29;TATN:2025-05-09;TATN:2025-04-05;TATN:2025-08-18
950	20260806:950	18	0.068197	-459975.3645	-6.6984	0	ALRS:2025-04-05;ALRS:2025-05-09;GAZP:2026-04-13;LKOH:2025-05-18;MGNT:2025-02-20;MOEX:2026-01-30;MOEX:2025-02-19;MOEX:2025-03-16;NVTK:2025-12-26;ROSN:2025-03-16;ROSN:2025-09-29;SBER:2025-08-05;SBER:2025-05-20;SBER:2026-06-10;TATN:2025-03-24;TATN:2025-07-03;TATN:2025-01-21;TATN:2025-06-19
951	20260806:951	18	0.445850	-233896.6973	-77.9802	0	ALRS:2025-09-12;ALRS:2026-02-15;GAZP:2026-04-25;LKOH:2025-04-29;MGNT:2026-01-21;MOEX:2025-01-30;MOEX:2025-03-12;MOEX:2025-12-15;NVTK:2025-05-22;ROSN:2026-03-17;ROSN:2026-03-18;SBER:2026-06-12;SBER:2026-04-15;SBER:2025-09-09;TATN:2025-08-20;TATN:2025-05-15;TATN:2025-03-05;TATN:2026-05-02
952	20260806:952	18	1.287220	82680.4273	262.7627	0	ALRS:2026-02-25;ALRS:2025-02-24;GAZP:2025-07-25;LKOH:2025-02-27;MGNT:2026-03-30;MOEX:2026-01-28;MOEX:2026-06-11;MOEX:2025-04-22;NVTK:2026-03-18;ROSN:2026-03-04;ROSN:2026-02-25;SBER:2025-07-08;SBER:2026-05-20;SBER:2025-03-17;TATN:2025-03-23;TATN:2025-06-15;TATN:2026-05-01;TATN:2025-04-07
953	20260806:953	18	0.375531	-230087.9964	-55.9877	0	ALRS:2026-02-23;ALRS:2026-01-28;GAZP:2025-06-02;LKOH:2025-05-12;MGNT:2026-03-13;MOEX:2026-04-23;MOEX:2026-04-20;MOEX:2026-03-27;NVTK:2025-08-30;ROSN:2025-08-14;ROSN:2025-03-13;SBER:2025-05-09;SBER:2026-06-30;SBER:2025-05-28;TATN:2026-04-10;TATN:2025-04-11;TATN:2026-02-16;TATN:2025-08-13
954	20260806:954	18	0.499642	-250185.5432	-76.4822	0	ALRS:2026-03-14;ALRS:2025-08-06;GAZP:2025-07-28;LKOH:2025-05-12;MGNT:2025-03-01;MOEX:2026-05-12;MOEX:2025-04-20;MOEX:2025-03-17;NVTK:2025-09-09;ROSN:2026-04-04;ROSN:2026-04-22;SBER:2025-07-26;SBER:2025-06-30;SBER:2025-11-24;TATN:2026-04-16;TATN:2026-04-25;TATN:2025-03-20;TATN:2026-06-21
955	20260806:955	18	0.981812	-5705.2114	-3019.8924	0	ALRS:2025-05-04;ALRS:2026-03-01;GAZP:2025-11-12;LKOH:2026-04-03;MGNT:2026-01-30;MOEX:2025-04-15;MOEX:2025-04-28;MOEX:2025-02-24;NVTK:2025-06-13;ROSN:2025-03-20;ROSN:2025-09-05;SBER:2025-06-01;SBER:2026-03-25;SBER:2025-01-30;TATN:2026-03-02;TATN:2025-06-05;TATN:2026-06-14;TATN:2025-08-15
956	20260806:956	18	0.650601	-116050.7008	-101.8481	0	ALRS:2026-03-15;ALRS:2026-02-21;GAZP:2025-08-10;LKOH:2025-10-20;MGNT:2026-01-30;MOEX:2025-02-24;MOEX:2026-03-03;MOEX:2025-04-15;NVTK:2025-04-13;ROSN:2025-01-02;ROSN:2025-03-11;SBER:2026-02-09;SBER:2026-04-05;SBER:2025-09-15;TATN:2025-03-11;TATN:2025-07-26;TATN:2026-03-25;TATN:2025-06-08
957	20260806:957	18	0.080698	-343067.6425	-7.0308	0	ALRS:2026-02-25;ALRS:2025-01-13;GAZP:2025-11-29;LKOH:2025-08-14;MGNT:2026-03-31;MOEX:2026-04-07;MOEX:2025-03-03;MOEX:2026-06-05;NVTK:2025-11-20;ROSN:2026-04-30;ROSN:2026-04-20;SBER:2025-07-01;SBER:2026-04-10;SBER:2025-01-12;TATN:2025-04-12;TATN:2026-03-29;TATN:2026-04-18;TATN:2025-06-13
958	20260806:958	18	0.960517	-14491.9781	-1304.4833	0	ALRS:2025-03-15;ALRS:2025-05-11;GAZP:2025-11-11;LKOH:2025-02-25;MGNT:2025-04-05;MOEX:2026-01-25;MOEX:2026-04-11;MOEX:2026-03-04;NVTK:2026-03-16;ROSN:2026-02-27;ROSN:2025-09-14;SBER:2025-11-29;SBER:2026-06-30;SBER:2025-08-24;TATN:2025-03-01;TATN:2025-08-03;TATN:2025-02-12;TATN:2025-01-08
959	20260806:959	18	0.369767	-224293.0539	-45.5294	0	ALRS:2026-02-06;ALRS:2026-03-16;GAZP:2026-01-07;LKOH:2026-03-10;MGNT:2025-02-19;MOEX:2025-12-23;MOEX:2025-05-05;MOEX:2026-02-25;NVTK:2025-09-11;ROSN:2025-01-27;ROSN:2025-10-06;SBER:2026-01-23;SBER:2026-01-23;SBER:2025-07-12;TATN:2026-05-03;TATN:2025-07-04;TATN:2026-05-26;TATN:2025-03-14
960	20260806:960	18	0.470748	-249465.0553	-69.6081	0	ALRS:2025-08-07;ALRS:2025-05-06;GAZP:2026-05-19;LKOH:2025-04-28;MGNT:2026-03-26;MOEX:2025-04-16;MOEX:2026-04-10;MOEX:2025-12-08;NVTK:2025-10-20;ROSN:2026-06-03;ROSN:2025-09-03;SBER:2026-07-04;SBER:2025-03-05;SBER:2025-02-25;TATN:2026-04-26;TATN:2025-02-04;TATN:2026-02-22;TATN:2025-03-29
961	20260806:961	18	0.199778	-320503.8363	-20.0307	0	ALRS:2025-09-16;ALRS:2025-03-12;GAZP:2026-01-27;LKOH:2025-08-18;MGNT:2025-02-09;MOEX:2026-04-19;MOEX:2026-03-09;MOEX:2025-05-06;NVTK:2025-03-28;ROSN:2025-04-11;ROSN:2025-02-23;SBER:2025-07-11;SBER:2025-08-14;SBER:2025-01-07;TATN:2025-08-21;TATN:2025-06-16;TATN:2026-05-27;TATN:2026-05-24
962	20260806:962	18	0.326101	-246952.4309	-34.7094	0	ALRS:2025-08-18;ALRS:2025-04-14;GAZP:2025-04-26;LKOH:2025-03-16;MGNT:2025-03-26;MOEX:2025-04-15;MOEX:2025-05-15;MOEX:2026-05-21;NVTK:2026-01-26;ROSN:2025-08-18;ROSN:2025-01-21;SBER:2026-05-17;SBER:2026-04-07;SBER:2026-04-16;TATN:2025-01-23;TATN:2025-07-21;TATN:2026-05-23;TATN:2025-08-21
963	20260806:963	18	0.388523	-218719.1338	-58.9924	0	ALRS:2025-04-24;ALRS:2026-02-27;GAZP:2026-01-29;LKOH:2025-05-01;MGNT:2025-04-08;MOEX:2025-03-24;MOEX:2026-06-15;MOEX:2026-01-28;NVTK:2026-01-23;ROSN:2025-03-30;ROSN:2025-09-11;SBER:2026-04-30;SBER:2025-07-05;SBER:2025-03-23;TATN:2026-04-09;TATN:2026-02-26;TATN:2026-03-08;TATN:2025-05-05
964	20260806:964	18	1.266054	51959.7080	291.0138	0	ALRS:2025-01-29;ALRS:2025-01-14;GAZP:2026-02-07;LKOH:2025-08-11;MGNT:2026-02-07;MOEX:2025-05-13;MOEX:2025-02-17;MOEX:2025-04-25;NVTK:2025-11-16;ROSN:2025-09-06;ROSN:2025-04-20;SBER:2026-02-07;SBER:2025-06-26;SBER:2026-02-09;TATN:2025-03-11;TATN:2026-04-18;TATN:2026-03-18;TATN:2025-07-02
965	20260806:965	18	0.782712	-68469.3835	-233.3431	0	ALRS:2026-01-27;ALRS:2025-04-28;GAZP:2025-06-01;LKOH:2025-01-27;MGNT:2025-02-02;MOEX:2026-05-19;MOEX:2025-04-15;MOEX:2026-02-28;NVTK:2026-03-16;ROSN:2026-06-02;ROSN:2025-01-16;SBER:2025-07-03;SBER:2025-01-28;SBER:2026-04-23;TATN:2025-05-01;TATN:2025-07-02;TATN:2025-08-15;TATN:2025-07-25
966	20260806:966	18	0.663263	-116287.5059	-128.4663	0	ALRS:2025-01-30;ALRS:2025-01-28;GAZP:2026-02-21;LKOH:2025-03-05;MGNT:2025-02-17;MOEX:2025-12-20;MOEX:2026-04-23;MOEX:2026-06-15;NVTK:2025-04-03;ROSN:2025-04-15;ROSN:2025-08-15;SBER:2025-05-03;SBER:2026-01-16;SBER:2025-12-10;TATN:2025-06-30;TATN:2026-06-04;TATN:2026-03-19;TATN:2025-05-20
967	20260806:967	18	0.323998	-249648.8493	-33.1041	0	ALRS:2025-04-13;ALRS:2025-04-06;GAZP:2025-07-25;LKOH:2025-03-02;MGNT:2026-03-27;MOEX:2025-04-15;MOEX:2025-04-22;MOEX:2025-05-09;NVTK:2026-01-19;ROSN:2026-05-20;ROSN:2025-03-26;SBER:2026-05-18;SBER:2025-07-19;SBER:2026-02-24;TATN:2025-01-02;TATN:2026-05-28;TATN:2025-03-03;TATN:2026-04-20
968	20260806:968	18	0.941628	-22521.9780	-803.6727	0	ALRS:2025-03-15;ALRS:2025-03-20;GAZP:2026-03-19;LKOH:2025-10-18;MGNT:2025-02-18;MOEX:2026-03-31;MOEX:2026-04-03;MOEX:2025-03-02;NVTK:2026-04-15;ROSN:2025-08-05;ROSN:2026-04-28;SBER:2026-03-29;SBER:2025-02-26;SBER:2026-06-26;TATN:2025-08-14;TATN:2025-03-28;TATN:2026-05-10;TATN:2025-07-28
969	20260806:969	18	0.192753	-350691.6258	-20.4802	0	ALRS:2026-02-02;ALRS:2025-05-07;GAZP:2026-04-11;LKOH:2026-03-25;MGNT:2025-01-23;MOEX:2026-06-13;MOEX:2025-01-21;MOEX:2026-05-21;NVTK:2026-03-23;ROSN:2025-09-29;ROSN:2025-01-20;SBER:2025-12-04;SBER:2026-04-25;SBER:2026-04-29;TATN:2026-06-01;TATN:2026-05-30;TATN:2025-02-27;TATN:2026-04-17
970	20260806:970	18	0.789792	-78192.3259	-248.0587	0	ALRS:2025-04-15;ALRS:2026-02-24;GAZP:2025-12-17;LKOH:2025-05-04;MGNT:2026-03-23;MOEX:2025-01-28;MOEX:2026-03-30;MOEX:2025-04-23;NVTK:2025-08-21;ROSN:2025-02-20;ROSN:2025-03-30;SBER:2025-02-16;SBER:2025-03-13;SBER:2026-06-23;TATN:2025-03-16;TATN:2026-05-15;TATN:2026-02-27;TATN:2025-05-03
971	20260806:971	18	1.332384	89370.5453	226.9078	0	ALRS:2025-02-18;ALRS:2025-04-10;GAZP:2025-12-19;LKOH:2025-01-15;MGNT:2025-02-02;MOEX:2026-02-07;MOEX:2025-01-30;MOEX:2025-04-02;NVTK:2025-02-26;ROSN:2025-08-26;ROSN:2025-01-29;SBER:2026-06-25;SBER:2025-02-16;SBER:2025-03-15;TATN:2026-05-05;TATN:2026-05-23;TATN:2026-04-22;TATN:2025-06-26
972	20260806:972	18	0.533808	-207846.0701	-83.3588	0	ALRS:2025-04-27;ALRS:2025-02-26;GAZP:2025-07-27;LKOH:2026-04-29;MGNT:2025-03-25;MOEX:2025-01-23;MOEX:2025-02-16;MOEX:2026-01-25;NVTK:2025-06-25;ROSN:2025-10-17;ROSN:2026-04-23;SBER:2026-04-03;SBER:2025-04-10;SBER:2025-07-16;TATN:2025-11-19;TATN:2025-03-31;TATN:2025-06-18;TATN:2025-02-06
973	20260806:973	18	0.388690	-263112.4474	-46.9329	0	ALRS:2026-02-27;ALRS:2025-04-09;GAZP:2025-04-15;LKOH:2025-05-12;MGNT:2025-04-03;MOEX:2025-12-25;MOEX:2026-03-30;MOEX:2026-02-23;NVTK:2026-04-21;ROSN:2026-05-03;ROSN:2026-03-30;SBER:2025-09-15;SBER:2026-05-31;SBER:2025-07-15;TATN:2025-04-03;TATN:2025-07-02;TATN:2025-03-20;TATN:2025-02-18
974	20260806:974	18	0.904351	-32155.9795	-505.8271	0	ALRS:2025-01-21;ALRS:2025-03-25;GAZP:2025-11-23;LKOH:2025-03-01;MGNT:2025-02-19;MOEX:2026-06-12;MOEX:2026-04-02;MOEX:2025-01-21;NVTK:2025-03-18;ROSN:2025-03-26;ROSN:2026-02-28;SBER:2025-09-07;SBER:2025-06-12;SBER:2025-04-26;TATN:2025-02-26;TATN:2025-06-06;TATN:2026-05-29;TATN:2025-04-07
975	20260806:975	18	0.623326	-130732.7298	-85.1540	0	ALRS:2025-08-12;ALRS:2025-04-01;GAZP:2025-03-29;LKOH:2025-02-04;MGNT:2026-03-09;MOEX:2026-01-15;MOEX:2025-03-27;MOEX:2026-06-10;NVTK:2025-08-17;ROSN:2025-04-03;ROSN:2026-01-30;SBER:2025-05-06;SBER:2025-08-18;SBER:2025-04-05;TATN:2026-04-02;TATN:2026-04-08;TATN:2025-07-27;TATN:2026-04-20
976	20260806:976	18	0.014278	-517788.6220	-1.4485	0	ALRS:2025-02-19;ALRS:2025-09-11;GAZP:2026-02-01;LKOH:2026-03-30;MGNT:2026-03-24;MOEX:2025-03-12;MOEX:2025-03-15;MOEX:2025-03-11;NVTK:2025-03-13;ROSN:2025-03-28;ROSN:2025-03-10;SBER:2026-01-21;SBER:2025-06-05;SBER:2026-07-08;TATN:2026-04-02;TATN:2025-04-27;TATN:2025-07-22;TATN:2025-05-18
977	20260806:977	18	0.113861	-384875.7860	-8.6528	0	ALRS:2025-09-11;ALRS:2025-03-11;GAZP:2026-02-11;LKOH:2025-04-21;MGNT:2026-04-12;MOEX:2026-02-05;MOEX:2026-03-25;MOEX:2025-04-26;NVTK:2025-10-20;ROSN:2026-03-17;ROSN:2026-04-02;SBER:2025-06-17;SBER:2025-05-05;SBER:2025-01-09;TATN:2025-04-29;TATN:2025-05-21;TATN:2025-03-23;TATN:2026-01-28
978	20260806:978	18	0.611122	-173731.9796	-130.3588	0	ALRS:2025-04-10;ALRS:2026-03-16;GAZP:2025-02-26;LKOH:2025-03-13;MGNT:2025-05-06;MOEX:2025-02-05;MOEX:2025-02-09;MOEX:2026-02-24;NVTK:2025-12-28;ROSN:2025-03-16;ROSN:2026-05-02;SBER:2025-07-13;SBER:2025-05-13;SBER:2025-07-09;TATN:2025-08-16;TATN:2026-01-31;TATN:2025-03-14;TATN:2025-07-02
979	20260806:979	18	0.052663	-539546.3153	-4.5083	0	ALRS:2025-01-13;ALRS:2025-04-01;GAZP:2026-04-18;LKOH:2025-03-30;MGNT:2026-04-06;MOEX:2025-11-25;MOEX:2025-12-11;MOEX:2025-05-06;NVTK:2025-05-13;ROSN:2026-04-20;ROSN:2025-03-16;SBER:2026-05-20;SBER:2025-08-23;SBER:2025-05-18;TATN:2025-05-10;TATN:2025-05-22;TATN:2025-06-01;TATN:2025-06-13
980	20260806:980	18	0.730543	-74815.1687	-195.4172	0	ALRS:2025-04-13;ALRS:2025-02-27;GAZP:2026-04-28;LKOH:2025-09-01;MGNT:2026-03-22;MOEX:2025-01-21;MOEX:2026-02-17;MOEX:2025-04-22;NVTK:2026-04-15;ROSN:2025-09-24;ROSN:2026-04-28;SBER:2026-02-25;SBER:2026-05-01;SBER:2025-07-09;TATN:2025-07-24;TATN:2026-02-20;TATN:2026-04-22;TATN:2025-04-12
981	20260806:981	18	0.744075	-82906.1192	-223.9037	0	ALRS:2025-09-09;ALRS:2025-03-10;GAZP:2025-10-27;LKOH:2025-05-18;MGNT:2025-05-02;MOEX:2026-02-12;MOEX:2025-02-04;MOEX:2026-03-16;NVTK:2025-08-31;ROSN:2026-05-23;ROSN:2025-04-13;SBER:2025-05-12;SBER:2025-03-04;SBER:2025-02-23;TATN:2025-06-03;TATN:2025-01-14;TATN:2026-03-08;TATN:2025-05-15
982	20260806:982	18	0.648224	-129497.9222	-161.2365	0	ALRS:2025-09-12;ALRS:2025-01-16;GAZP:2025-12-01;LKOH:2026-03-22;MGNT:2025-04-16;MOEX:2025-05-15;MOEX:2025-02-11;MOEX:2025-03-12;NVTK:2025-03-13;ROSN:2025-10-08;ROSN:2025-08-19;SBER:2025-07-22;SBER:2025-12-10;SBER:2025-01-20;TATN:2026-05-28;TATN:2026-04-27;TATN:2025-07-31;TATN:2025-04-27
983	20260806:983	18	1.604908	103779.0404	188.3853	0	ALRS:2025-08-15;ALRS:2025-04-25;GAZP:2025-03-10;LKOH:2025-04-12;MGNT:2026-02-22;MOEX:2025-01-26;MOEX:2025-01-22;MOEX:2026-01-31;NVTK:2025-02-09;ROSN:2025-03-12;ROSN:2026-02-25;SBER:2025-06-08;SBER:2025-11-24;SBER:2025-05-22;TATN:2025-08-10;TATN:2026-03-03;TATN:2025-02-12;TATN:2025-06-13
984	20260806:984	18	0.613473	-101510.4369	-98.4682	0	ALRS:2025-02-11;ALRS:2025-05-14;GAZP:2026-05-14;LKOH:2025-04-08;MGNT:2025-02-16;MOEX:2025-05-02;MOEX:2025-05-17;MOEX:2026-05-28;NVTK:2025-11-15;ROSN:2025-09-05;ROSN:2025-02-13;SBER:2025-06-02;SBER:2026-03-28;SBER:2025-11-29;TATN:2025-11-19;TATN:2026-03-23;TATN:2026-04-11;TATN:2026-03-23
985	20260806:985	18	0.550366	-175847.5179	-45.8712	0	ALRS:2025-04-14;ALRS:2025-03-31;GAZP:2025-03-05;LKOH:2025-01-26;MGNT:2026-03-18;MOEX:2025-05-18;MOEX:2026-03-18;MOEX:2026-04-16;NVTK:2026-02-08;ROSN:2026-04-20;ROSN:2026-03-31;SBER:2025-06-16;SBER:2026-04-26;SBER:2026-03-26;TATN:2026-04-15;TATN:2025-08-06;TATN:2025-02-19;TATN:2026-03-14
986	20260806:986	18	0.107823	-313065.8032	-8.7668	0	ALRS:2025-09-11;ALRS:2025-05-06;GAZP:2026-02-27;LKOH:2025-01-13;MGNT:2025-03-06;MOEX:2026-03-16;MOEX:2026-02-20;MOEX:2026-05-22;NVTK:2025-01-29;ROSN:2025-01-15;ROSN:2025-09-10;SBER:2026-03-04;SBER:2025-02-25;SBER:2026-06-06;TATN:2025-02-26;TATN:2026-03-25;TATN:2026-04-04;TATN:2025-07-02
987	20260806:987	18	0.537350	-180533.4851	-58.0547	0	ALRS:2026-02-03;ALRS:2025-01-20;GAZP:2026-02-02;LKOH:2025-01-28;MGNT:2025-04-07;MOEX:2026-02-19;MOEX:2025-02-27;MOEX:2026-01-14;NVTK:2026-01-17;ROSN:2026-04-18;ROSN:2026-03-13;SBER:2026-05-02;SBER:2026-04-10;SBER:2025-04-02;TATN:2026-05-31;TATN:2025-06-22;TATN:2025-04-01;TATN:2026-06-04
988	20260806:988	18	0.403953	-175510.8896	-51.4100	0	ALRS:2025-04-21;ALRS:2025-02-11;GAZP:2026-03-28;LKOH:2025-08-15;MGNT:2025-03-10;MOEX:2026-06-07;MOEX:2025-05-05;MOEX:2026-02-21;NVTK:2025-03-16;ROSN:2025-09-29;ROSN:2025-04-28;SBER:2025-05-02;SBER:2026-06-05;SBER:2026-06-08;TATN:2025-09-25;TATN:2025-04-08;TATN:2025-04-06;TATN:2026-05-30
989	20260806:989	18	0.385865	-216457.2960	-38.1249	0	ALRS:2026-01-31;ALRS:2026-02-15;GAZP:2025-03-02;LKOH:2025-02-17;MGNT:2026-02-20;MOEX:2026-03-29;MOEX:2026-05-29;MOEX:2026-01-08;NVTK:2026-05-14;ROSN:2025-08-04;ROSN:2026-03-17;SBER:2026-07-01;SBER:2025-08-10;SBER:2026-04-18;TATN:2026-06-16;TATN:2025-08-10;TATN:2025-06-05;TATN:2025-06-05
990	20260806:990	18	0.614587	-139597.9166	-78.7608	0	ALRS:2026-02-16;ALRS:2025-03-10;GAZP:2026-01-31;LKOH:2026-04-29;MGNT:2025-04-28;MOEX:2025-02-10;MOEX:2025-12-15;MOEX:2025-05-05;NVTK:2025-04-17;ROSN:2025-03-25;ROSN:2025-03-11;SBER:2025-03-02;SBER:2026-02-09;SBER:2026-03-19;TATN:2025-03-10;TATN:2025-04-25;TATN:2025-06-09;TATN:2025-01-26
991	20260806:991	18	0.708709	-122694.6475	-145.0110	0	ALRS:2026-02-26;ALRS:2025-01-26;GAZP:2026-01-20;LKOH:2026-03-16;MGNT:2025-04-29;MOEX:2026-04-24;MOEX:2026-02-02;MOEX:2025-12-20;NVTK:2026-04-06;ROSN:2026-03-16;ROSN:2025-01-13;SBER:2025-07-14;SBER:2025-11-27;SBER:2025-03-15;TATN:2026-05-06;TATN:2026-05-05;TATN:2025-05-20;TATN:2025-01-15
992	20260806:992	18	0.938049	-24333.2544	-944.3598	0	ALRS:2025-02-10;ALRS:2025-05-09;GAZP:2025-04-28;LKOH:2025-03-31;MGNT:2026-04-03;MOEX:2026-03-01;MOEX:2025-03-31;MOEX:2026-04-04;NVTK:2026-03-05;ROSN:2026-05-10;ROSN:2025-03-02;SBER:2026-07-02;SBER:2025-02-02;SBER:2026-05-06;TATN:2026-03-27;TATN:2025-03-05;TATN:2025-07-28;TATN:2025-05-25
993	20260806:993	18	0.694488	-91343.3520	-136.7785	0	ALRS:2025-03-04;ALRS:2025-02-11;GAZP:2025-12-08;LKOH:2026-03-31;MGNT:2026-02-11;MOEX:2025-05-20;MOEX:2026-02-01;MOEX:2025-04-29;NVTK:2025-09-17;ROSN:2025-09-12;ROSN:2026-05-19;SBER:2026-06-25;SBER:2025-04-16;SBER:2026-06-10;TATN:2026-04-23;TATN:2025-02-12;TATN:2026-05-07;TATN:2025-05-09
994	20260806:994	18	0.670385	-107008.0180	-118.4173	0	ALRS:2026-03-17;ALRS:2025-01-27;GAZP:2026-04-01;LKOH:2025-01-22;MGNT:2026-01-21;MOEX:2025-11-23;MOEX:2026-04-08;MOEX:2025-12-15;NVTK:2026-04-26;ROSN:2025-08-11;ROSN:2025-08-04;SBER:2025-06-24;SBER:2025-08-14;SBER:2025-09-12;TATN:2026-06-15;TATN:2026-05-13;TATN:2025-04-14;TATN:2025-05-29
995	20260806:995	18	0.265770	-319384.9365	-26.1730	0	ALRS:2025-09-08;ALRS:2025-08-26;GAZP:2026-03-25;LKOH:2025-02-02;MGNT:2025-03-31;MOEX:2026-05-28;MOEX:2026-03-15;MOEX:2025-03-17;NVTK:2025-02-09;ROSN:2025-01-13;ROSN:2026-05-24;SBER:2025-05-13;SBER:2026-06-06;SBER:2026-02-28;TATN:2025-02-26;TATN:2025-08-19;TATN:2025-07-26;TATN:2025-03-20
996	20260806:996	18	0.308956	-212597.9230	-28.3224	0	ALRS:2025-08-07;ALRS:2025-04-29;GAZP:2026-04-25;LKOH:2025-02-24;MGNT:2026-02-27;MOEX:2025-04-22;MOEX:2026-05-11;MOEX:2025-12-27;NVTK:2025-03-11;ROSN:2026-04-12;ROSN:2025-09-23;SBER:2025-07-07;SBER:2025-05-10;SBER:2025-02-11;TATN:2025-07-24;TATN:2026-03-23;TATN:2025-01-21;TATN:2025-04-08
997	20260806:997	18	0.488942	-284226.2536	-77.1937	0	ALRS:2025-03-15;ALRS:2026-02-25;GAZP:2025-04-23;LKOH:2026-03-28;MGNT:2026-04-03;MOEX:2026-03-02;MOEX:2025-05-14;MOEX:2025-03-24;NVTK:2025-02-17;ROSN:2025-08-29;ROSN:2025-03-02;SBER:2026-04-28;SBER:2025-08-24;SBER:2026-06-29;TATN:2026-04-12;TATN:2025-05-20;TATN:2025-08-03;TATN:2025-07-28
998	20260806:998	18	0.115828	-421002.8474	-9.1085	0	ALRS:2025-03-29;ALRS:2025-04-04;GAZP:2026-04-15;LKOH:2025-03-18;MGNT:2025-04-24;MOEX:2026-03-04;MOEX:2025-03-18;MOEX:2026-03-24;NVTK:2025-11-09;ROSN:2025-04-23;ROSN:2025-02-23;SBER:2026-03-04;SBER:2025-03-10;SBER:2025-08-22;TATN:2026-03-28;TATN:2026-01-29;TATN:2025-09-26;TATN:2026-04-01
999	20260806:999	18	0.600551	-129611.6645	-105.4304	0	ALRS:2025-04-16;ALRS:2025-04-06;GAZP:2026-05-01;LKOH:2025-03-14;MGNT:2025-03-23;MOEX:2025-05-15;MOEX:2025-03-15;MOEX:2026-02-15;NVTK:2025-03-05;ROSN:2025-09-27;ROSN:2026-03-22;SBER:2025-06-23;SBER:2026-03-08;SBER:2025-03-25;TATN:2025-08-10;TATN:2025-03-31;TATN:2026-01-31;TATN:2026-02-08
